timestamp,saturation_status
615356011,1533
615376835,1533
616341592,1
617346499,1
618356980,1
619355051,1
620348685,1
621345797,1
622354509,1
623340377,1
624352957,1
625345025,1
626348626,1
627349885,1
628339538,1
629358176,1
630341798,1
631353835,1
632341506,1
633348716,1
634353367,1
635346539,1
636346417,1
637358146,1
638335905,1
639347474,1
640347863,1
641339787,1
642345243,1
643351888,1
644346510,1
645355442,1
646356979,1
647356701,1
648358508,1
649343704,1
650350700,1
651340294,1
652350636,1
653352556,1
654342547,1
655339526,1
656339376,1
657354124,1
658341625,1
659358276,1
660358575,1
661349078,1
662350887,1
663348543,1
664347742,1
665342689,1
666357570,1
667342142,1
668357710,1
669351721,1
670357166,1
671355685,1
672356997,1
673346071,1
674344294,1
675343287,1
676355306,1
677338549,1
678358648,1
679339790,1
680347995,1
681354411,1
682351811,1
683351739,1
684341526,1
685341270,1
686343388,1
687343208,1
688350553,1
689358250,1
690347655,1
691357533,1
692356075,1
693346758,1
694351561,1
695341518,1
696351386,1
697343723,1
698343504,1
699345554,1
700340226,1
701345003,1
702334947,1
703353887,1
704347677,1
705349474,1
706341752,1
707358834,1
708353592,1
709358383,1
710358073,1
711357757,1
712347526,1
713357688,1
714354913,1
715360982,1
716346660,1
717344203,1
718350288,1
719356057,1
720345745,1
721358808,1
722335478,1
723338339,1
724350506,1
725339640,1
726349451,1
727341773,1
728341909,1
729343620,1
730353434,1
731358215,1
732346692,1
733352590,1
734352353,1
735339866,1
736341814,1
737351693,1
738355360,1
739348855,1
740338543,1
741345879,1
742345522,1
743348572,1
744348492,1
745358568,1
746339359,1
747339282,1
748351643,1
749358681,1
750353588,1
751343231,1
752350580,1
753352655,1
754352401,1
755347142,1
756346786,1
757357164,1
758346311,1
759348932,1
760356112,1
761353443,1
762355283,1
763345419,1
764334907,1
765334719,1
766352007,1
767359215,1
768338757,1
769357387,1
770343269,1
771350814,1
772352839,1
773357601,1
774352261,1
775351921,1
776356854,1
777341451,1
778341118,1
779349946,1
780338888,1
781359459,1
782340046,1
783344862,1
784342372,1
785354423,1
786343974,1
787358883,1
788359107,1
789354454,1
790358213,1
791352842,1
792357718,1
793345825,1
794341978,1
795357197,1
796351300,1
797354931,1
798358492,1
799343181,1
800355359,1
801342675,1
802350439,1
803347709,1
804348145,1
805351757,1
806353745,1
807357070,1
808346487,1
809352809,1
810347564,1
811340429,1
812340152,1
813346587,1
814344178,1
815343794,1
816353619,1
817355654,1
818345396,1
819358750,1
820348102,1
821337705,1
822357854,1
823359074,1
824357276,5
825341027,1
826353075,1
827356718,1
828356108,1
829345506,1
830357399,1
831346814,1
832336404,1
833349883,1
834338861,1
835349226,1
836348479,1
837338037,1
838339668,1
839344325,1
840334146,1
841343756,1
842336713,1
843348254,1
844357937,1
845350251,1
846357492,1
847345275,1
848355749,1357
849344814,1357
850356916,1533
851346141,1533
852356303,1533
853347940,1533
854338083,1533
855349966,1533
856352064,1533
857341847,1533
858341487,1533
859343611,1533
860356472,1533
861346327,1533
