timestamp,timestamp_sample,accel_device_id,gyro_device_id,delta_angle[0],delta_angle[1],delta_angle[2],delta_velocity[0],delta_velocity[1],delta_velocity[2],delta_angle_dt,delta_velocity_dt,delta_velocity_clipping
615356793,615356673,4259850,4325386,9.206541e-06,3.343223e-06,-1.6223838e-07,0.0015948666,-0.0006567727,-0.047727723,4995,4844,0
615361783,615361668,4259850,4325386,1.2062167e-05,1.6945938e-05,2.4524921e-05,0.0027942348,-0.00055155857,-0.047753684,4995,4829,0
615856413,615856301,4259850,4325386,-9.8960016e-05,0.00016270946,4.5539768e-05,-0.00040745974,0.0042889365,-0.04358203,4997,4646,0
616356051,616355930,4259850,4325386,-0.00016328899,-0.0002256305,-6.0464365e-05,0.003921887,-0.0014293927,-0.051877506,4996,4837,0
616855795,616855675,4259850,4325386,-0.0010759438,-0.00025078925,3.4912347e-05,0.010104689,-0.02643905,-0.030158183,4925,4689,0
617360289,617360182,4259850,4325386,-1.5908157e-05,-0.0011182575,0.00058679644,0.01106564,0.010385316,-0.047717627,4997,4839,0
617854929,617854814,4259850,4325386,-0.0011492175,0.00014503508,-4.157541e-05,-0.010772732,0.007929884,-0.04182182,4996,4839,0
618354641,618354445,4259850,4325386,-0.0005081706,0.0002498849,-0.00018160418,0.019213507,-0.030511338,-0.07072353,4997,5829,0
618859262,618859152,4259850,4325386,0.0012145677,-0.0003681121,0.0004366952,0.004070306,-0.06551895,-0.036543716,5040,4894,0
619358831,619358695,4259850,4325386,0.0020500987,-0.0006659687,-0.00075677584,-0.021589015,0.0036755784,-0.024799863,4994,4835,0
619858441,619858324,4259850,4325386,-0.0017271837,0.000677737,0.0009920979,-0.004954653,-0.022748603,-0.03773644,4994,4836,0
620359196,620357953,4259850,4325386,0.00045451417,0.0007324568,0.0017640566,-0.0074842405,-0.0058662947,-0.043794874,4994,4835,0
620857745,620857583,4259850,4325386,-0.0018011822,-0.0007224694,0.0010056187,0.016131956,-0.021525089,-0.039114166,4998,4836,0
621357578,621357404,4259850,4325386,0.0023561702,0.00036056607,-0.00045660208,-0.005348238,0.03918913,-0.056077998,5004,4650,0
621856947,621856837,4259850,4325386,-0.0038963712,-0.0019849776,-4.2976804e-05,-0.0053475196,-0.031560384,-0.03555374,4996,4838,0
622356641,622356467,4259850,4325386,0.0031185644,0.0032329725,-0.00038316005,0.021956967,-0.030941375,-0.046228915,4997,4618,0
622856212,622856094,4259850,4325386,-0.0013318899,-0.0033388238,-3.0822623e-05,0.02413051,0.052002583,-0.07824959,4996,4888,0
623355967,623355852,4259850,4325386,-0.00299641,-0.00020860949,-0.00067151967,-0.0050909347,0.047073606,-0.0579771,5043,4941,0
623855493,623855350,4259850,4325386,0.0006947905,-0.001451145,-0.0003163488,-0.027473612,0.021530228,-0.059256457,4996,4837,0
624355087,624354979,4259850,4325386,-0.001748004,-0.00016205924,-0.00022839406,-0.006937494,-0.0014756658,-0.039500404,4996,4831,0
624854720,624854608,4259850,4325386,0.00012887383,-0.0008364644,-4.5945326e-05,0.0038316634,-0.014591537,-0.043066297,4997,4606,0
625354359,625354237,4259850,4325386,0.00015764282,0.0004496514,-6.627185e-05,0.024184471,-0.026637837,-0.036969192,4996,4837,0
625858998,625858863,4259850,4325386,0.00035384131,-0.0025812855,3.9812534e-05,-0.006462179,0.046775877,-0.07759796,4751,4840,0
626358597,626358490,4259850,4325386,-0.0013633923,1.1097849e-05,7.916082e-05,-0.0063081905,0.0032516138,-0.044280306,4998,4837,0
626858236,626858119,4259850,4325386,-0.0037489575,-0.0003933456,0.0006659799,0.023949174,-0.0061902357,-0.032831598,4998,5001,0
627357916,627357789,4259850,4325386,0.0032864802,0.0017616407,-0.0005634988,0.026455509,0.00785712,-0.071361534,5040,5806,0
627857678,627857526,4259850,4325386,-0.001337361,-0.00266297,0.00032133638,0.0030093885,-0.002568492,-0.06373564,5005,4952,0
628357114,628357002,4259850,4325386,-0.0015566194,0.00043719015,0.000261554,-0.014911344,0.006468488,-0.05084441,4994,4841,0
628856927,628856631,4259850,4325386,0.0021839421,0.0030942115,0.0004302466,-0.005050058,-0.0029776176,-0.043959375,4980,4838,0
629357452,629356259,4259850,4325386,-0.0052512195,-0.002280341,-0.00021707844,-0.019293942,0.013051544,-0.070455775,4993,5618,0
629856194,629855979,4259850,4325386,0.0054388875,-0.0003026568,0.00023373125,0.016666906,0.013121639,-0.043034665,5053,4950,0
630355687,630355513,4259850,4325386,0.0052272417,0.0030476365,0.0005009506,0.010094555,-0.028736217,-0.04906483,4997,5847,0
630860253,630860139,4259850,4325386,-0.0010512131,-0.0038723222,-0.0002160393,-0.005410723,-0.047456373,-0.046020452,4999,4837,0
631359877,631359766,4259850,4325386,-0.000503263,-0.0016859948,-0.0004659474,-0.016765794,0.019780142,-0.025332183,4996,4913,0
631854519,631854404,4259850,4325386,-0.00035837173,0.00042724563,-3.7712714e-05,-0.008438564,0.027145382,-0.050530035,5003,4837,0
632354327,632354217,4259850,4325386,-0.0015747597,-0.00015360395,-0.00077577005,-0.01224922,0.0023385743,-0.043847896,4994,4837,0
632858762,632858648,4259850,4325386,-0.00049315766,-0.00036884856,-8.1432256e-05,-0.0029540665,-0.04957902,-0.025066458,4996,4836,0
633358383,633358275,4259850,4325386,0.0028132265,-0.001201933,-0.0015017715,0.011901606,0.042143792,-0.074283786,4996,4978,0
633858013,633857903,4259850,4325386,-0.0018414531,0.0013498875,0.000137772,0.015757073,0.021860441,-0.042314496,4985,4818,0
634357722,634357612,4259850,4325386,0.0009276513,0.0018973707,0.00013102028,-0.009543573,-0.011798486,-0.013119517,4996,4833,0
634857336,634857158,4259850,4325386,0.0041166693,-0.0025020011,0.0009838411,0.008805171,0.03321199,-0.04916731,4997,4837,0
635356948,635356786,4259850,4325386,0.0020133385,-0.0009396408,-0.00063110754,-0.0038487948,0.04389202,-0.048133787,4996,5650,0
635856588,635856413,4259850,4325386,0.0014291928,0.0007483209,0.00014920546,-0.011497759,-0.018726258,-0.046550136,4995,5806,0
636356260,636356048,4259850,4325386,0.0027103773,0.0008369414,0.0008582102,-0.011132813,-0.0363641,-0.02365717,4979,4688,0
636855801,636855670,4259850,4325386,-0.0026364485,0.00016457828,-0.00015169155,0.017783789,-0.021867497,-0.043144714,4997,4841,0
637356128,637355297,4259850,4325386,0.0009979025,0.0009013757,1.8358554e-05,-0.0066799973,-0.010130563,-0.062308546,4999,5802,0
637860036,637859917,4259850,4325386,-0.0002772741,0.0017329144,0.00025655655,0.017821025,0.01099961,-0.054606117,4993,4839,0
638359716,638359546,4259850,4325386,0.0003696147,0.0006488793,0.00012408475,0.008753966,-0.018060084,-0.06210983,4995,4928,0
638854501,638854317,4259850,4325386,-0.002230011,-0.00011180416,-0.00012021717,0.0117092095,-0.0012010103,-0.04435279,4993,4837,0
639353910,639353801,4259850,4325386,0.0007936569,-0.0018463567,-0.0003875412,-0.025361547,0.018107614,-0.060756873,4996,4838,0
639858582,639858427,4259850,4325386,-0.00021467786,-0.0004614075,-0.0014366498,-0.0035342216,0.018205937,-0.059327453,4999,5597,0
640358251,640358054,4259850,4325386,-0.002169885,0.00016869334,0.0008242898,0.0034526896,-0.01564796,-0.031185273,4992,5805,0
640857815,640857702,4259850,4325386,0.0013719483,0.00026802547,0.0018897812,-0.0027889102,0.04270281,-0.042241797,4940,4663,0
641357430,641357303,4259850,4325386,0.0011962524,-0.00012679599,0.00017356517,-0.023487294,-0.034433864,-0.034799863,4996,4836,0
641857050,641856930,4259850,4325386,-0.0009370831,0.0021284455,-0.00034772189,0.00370661,-0.007142636,-0.05644355,4996,4855,0
642356665,642356556,4259850,4325386,-0.0007502579,0.0017818841,-0.00030116265,-0.026165258,0.014651057,-0.041932445,4995,4823,0
642856318,642856187,4259850,4325386,-0.0028936209,-0.00015058895,0.0003113388,0.0023989545,-0.013423174,-0.05345049,5000,4842,0
643356123,643356000,4259850,4325386,0.0012575595,-0.00021947171,4.1545605e-05,-0.008660443,0.025927927,-0.05009638,5000,4843,0
643855547,643855435,4259850,4325386,0.0014238263,0.00014881337,-0.00015486512,0.0071661817,0.0342954,-0.026607797,4997,4838,0
644360175,644360060,4259850,4325386,-0.0014935643,0.00025479856,-0.00055168546,-0.00014777332,0.030317053,-0.05482889,4995,4838,0
644859806,644859689,4259850,4325386,-0.0022949777,-0.0003427393,-2.3342473e-05,0.007206565,0.0073114773,-0.052770667,5002,4838,0
645359502,645359392,4259850,4325386,-0.00058874255,-0.00034903252,-0.0003240259,-0.020513447,-0.009115569,-0.041594006,4997,4837,0
645854096,645853939,4259850,4325386,0.0004835159,6.4359294e-05,-0.00019182135,-0.0063008624,-0.028562719,-0.039595872,4997,4834,0
646358743,646358563,4259850,4325386,-0.0015069994,-2.822478e-05,-0.000564875,0.00077116885,0.016474053,-0.039463036,4998,4837,0
646858297,646858186,4259850,4325386,0.0016329883,-0.00017426955,0.00020689583,-0.0088811945,0.009134111,-0.048336703,4995,4832,0
647357993,647357826,4259850,4325386,-0.0017495202,-0.00010565568,-2.7119257e-05,0.019515747,0.015781933,-0.06650597,4995,4996,0
647857911,647857686,4259850,4325386,0.0013411295,0.00028706886,0.00023788348,-0.00047573264,-0.001392399,-0.07551907,5004,5826,0
648357197,648357063,4259850,4325386,0.0016994451,0.00025380205,0.00030028805,-0.0032064754,-0.028676784,-0.057999764,4996,4832,0
648856842,648856725,4259850,4325386,-0.0016538255,-0.00030527444,0.00020927584,-0.012665091,-0.047262114,-0.05236155,5035,5805,0
649356515,649356312,4259850,4325386,-0.0012528457,-0.00013652742,-0.00038264185,0.00125367,-0.03360138,-0.070365675,4993,5802,0
649856181,649856063,4259850,4325386,0.0015191962,0.00028816544,-5.8439462e-05,-0.0052569113,-0.0035428475,-0.050570432,5002,4835,0
650355673,650355561,4259850,4325386,0.0025179374,0.00012567837,-0.000102639264,0.019187985,0.0034121335,-0.051798303,4995,4831,0
650855302,650855186,4259850,4325386,0.0024553146,-0.00088213116,3.3331842e-05,0.016235437,0.0059913266,-0.04185535,4996,4928,0
651359926,651359807,4259850,4325386,-0.0016199655,0.0041334755,-0.00048101513,-0.0011387676,0.021700673,-0.059989665,4997,4839,0
651859631,651859482,4259850,4325386,-0.0011985892,0.00083260325,-7.04764e-05,0.008170821,0.060731474,-0.07751902,5039,4926,0
652354186,652354060,4259850,4325386,0.0005625373,-0.0034201834,-0.00044544693,0.017798362,0.015913755,-0.056446787,4993,4835,0
652853805,652853684,4259850,4325386,0.0026805177,0.00041736537,0.00066352106,0.008097224,0.008434781,-0.036360223,4997,4915,0
653358424,653358304,4259850,4325386,-0.0015677704,-0.0016832817,-0.00037603892,0.024219815,0.029614953,-0.058405504,4996,4837,0
653858044,653857930,4259850,4325386,-0.00053408503,-0.00011212853,0.0004230455,0.0010845136,-0.027035208,-0.046756852,4997,4841,0
654357901,654357725,4259850,4325386,-0.00081063854,-0.00011129316,9.031054e-06,0.022739863,-0.02916322,-0.06599538,5001,5810,0
654857295,654857179,4259850,4325386,-0.00051477854,-0.0020253626,0.00022196934,-0.01473361,-0.025115578,-0.032861955,4984,4843,0
655357770,655356801,4259850,4325386,-0.0015866866,-0.0012343792,-6.9723865e-05,0.00307553,0.022798179,-0.05453669,4995,4823,0
655857090,655856435,4259850,4325386,-0.00022084253,0.0012175866,-8.065743e-05,-0.0010002035,-0.02277244,-0.044985574,5003,4713,0
656356267,656356097,4259850,4325386,0.0016281911,0.00013669237,0.00041236848,0.008862678,-0.031436976,-0.042373862,4995,4837,0
656855821,656855671,4259850,4325386,-0.0009337998,-0.00020679245,-0.00020674593,0.017439617,0.007723518,-0.045022983,4995,4845,0
657355425,657355295,4259850,4325386,-0.0018023985,-1.7202226e-05,-0.00046094976,-0.017678127,0.03045341,-0.057126738,4996,5006,0
657855029,657854919,4259850,4325386,0.0014377433,-0.0008759244,0.00038647078,-0.00085876207,0.016261626,-0.037954435,4980,4837,0
658359756,658359537,4259850,4325386,0.00034773283,0.00094429665,-0.00017290346,-0.0038410316,-0.019605748,-0.037782293,4996,5806,0
658859511,658859357,4259850,4325386,-0.00054460164,0.000600483,-0.000108187036,-0.0073641455,0.02046376,-0.056050625,4998,5899,0
659358893,659358784,4259850,4325386,0.0015405586,0.00013454164,0.00028918742,-0.021882238,-0.030145895,-0.03449114,4997,4838,0
659853522,659853406,4259850,4325386,0.00094988244,-0.0003992405,0.00043434935,0.0028516075,0.002847875,-0.04785363,4991,4839,0
660358163,660358030,4259850,4325386,-0.0013804947,-0.00047025902,-0.00042335136,0.022913503,0.016165478,-0.052089863,4997,4843,0
660857834,660857720,4259850,4325386,0.00061239826,0.00027748445,4.933155e-05,0.009092392,-0.018026846,-0.020588188,4990,4837,0
661357415,661357274,4259850,4325386,-0.0011110458,7.395897e-05,0.00050650566,0.0028909978,-0.020732386,-0.04367879,4995,4828,0
661857025,661856904,4259850,4325386,0.001308535,3.847364e-05,-3.187082e-05,0.009696749,0.049255036,-0.046851948,5002,5562,0
662356632,662356525,4259850,4325386,-0.0028066395,-0.00014665096,-0.00015363278,-0.0025709884,0.06272618,-0.06522068,5002,4944,0
662861259,662861149,4259850,4325386,-0.000101466954,-1.6429716e-05,0.0003398264,-0.016438873,-0.03995072,-0.051233735,5006,4853,0
663356167,663356009,4259850,4325386,0.0004055607,-0.0004305309,-0.00018692276,0.010811835,0.011721124,-0.066341765,5000,4944,0
663855534,663855391,4259850,4325386,-0.002814404,0.00039252182,-0.00032309614,0.00855292,0.06564184,-0.06119288,4987,4840,0
664356019,664355013,4259850,4325386,0.0006594219,0.00018949724,0.00044944527,0.005849551,-0.007840516,-0.042540446,4999,4996,0
664859807,664859628,4259850,4325386,0.002705538,0.0004708388,0.00035754484,0.01872919,-0.021630917,-0.041852098,4998,4913,0
665359545,665359375,4259850,4325386,-0.000892636,0.00011273159,0.0005352722,0.0027186899,0.0028298087,-0.04487175,4970,4712,0
665858980,665858870,4259850,4325386,0.0017028333,0.00037095093,0.0003157551,0.01264077,-0.019067163,-0.043796383,4996,4836,0
666358606,666358495,4259850,4325386,0.0019068018,-7.854747e-05,-0.00057448,-0.003505588,-0.035935868,-0.056415282,5001,5805,0
666853228,666853115,4259850,4325386,-0.0002689588,0.00025572293,7.248699e-05,-0.010329622,0.016619164,-0.038841635,4990,4834,0
667357858,667357739,4259850,4325386,-0.0012721304,0.0001780013,-0.00023312774,0.03096897,0.032079376,-0.055524267,4979,4835,0
667857719,667857602,4259850,4325386,-0.0022121337,0.0003554491,-0.00040837258,0.001959239,0.019443702,-0.030515183,4996,4837,0
668357135,668356975,4259850,4325386,-0.0022678135,-0.00022628607,-6.689948e-05,-0.009531558,-0.045998417,-0.06568844,4996,5755,0
668856778,668856596,4259850,4325386,-0.0009076131,-0.00035595114,9.101629e-05,0.017696599,-0.006930292,-0.043397922,4996,5805,0
669356336,669356217,4259850,4325386,-0.0020185898,0.00010550752,-0.00023723017,-0.011376145,-0.022273453,-0.057058483,4989,5016,0
669861108,669860959,4259850,4325386,-0.0014485571,-0.0003552325,-0.00013320883,-0.010212339,-0.036780197,-0.039504867,5006,4838,0
670355663,670355458,4259850,4325386,-0.0012065341,-8.520014e-05,-6.0764927e-05,0.0106029995,0.025504597,-0.0829119,4996,5804,0
670855195,670855078,4259850,4325386,-0.002052709,-0.00039774732,0.0002927412,-0.007194838,-0.021273827,-0.045817677,4995,4839,0
671354850,671354702,4259850,4325386,0.00024010816,0.0031533518,-0.00045403326,0.00365581,0.011991698,-0.06917137,5000,4909,0
671859500,671859368,4259850,4325386,0.0011664199,0.00062208273,0.0004588191,0.018560944,0.008639126,-0.05788684,5042,5810,0
672359077,672358935,4259850,4325386,-0.00029132763,-0.00012711961,0.0002796728,-0.0061264387,0.009437228,-0.07211396,4994,4834,0
672858663,672858556,4259850,4325386,0.001812965,-0.00073229836,4.6261208e-05,-0.012918558,-0.009528031,-0.03222192,4994,4011,0
673358296,673358175,4259850,4325386,0.00073955796,0.0013532231,0.00046235853,-0.015674902,-0.014522868,-0.027788136,4993,4603,0
673857967,673857796,4259850,4325386,-0.0020100425,-0.0015301281,-0.0003028895,-0.00051227276,0.018874459,-0.047097027,4997,4968,0
674357802,674357553,4259850,4325386,0.0008257991,0.0030407177,0.00021547952,0.0024040327,0.061249737,-0.04877521,4997,5806,0
674857183,674857033,4259850,4325386,-0.0006615931,-0.0028443148,-2.3928046e-06,-0.011783531,-0.03918647,-0.052498,4996,4836,0
675356769,675356652,4259850,4325386,-0.002400334,0.004026675,-0.0003839563,0.0057734004,-0.0015174065,-0.052515794,4996,4832,0
675856450,675856280,4259850,4325386,-0.00046080435,0.0027760786,-0.00040449676,0.027093384,0.041039463,-0.040010557,5003,5860,0
676356010,676355899,4259850,4325386,-0.0020849197,-3.281027e-05,-0.00020589563,-0.017211003,-0.0067913732,-0.0422805,4953,4833,0
676855633,676855510,4259850,4325386,0.0013305722,0.0029006496,-0.0001174697,-0.0020941088,-0.004929756,-0.024543196,4995,4836,0
677355312,677355131,4259850,4325386,0.0008775269,-0.00012775543,-0.0002655797,0.020344,0.020715075,-0.064352416,4997,5790,0
677854858,677854747,4259850,4325386,0.005480188,0.00039359677,-0.00010961414,0.00063331635,0.008337962,-0.04630433,4995,4834,0
678354475,678354366,4259850,4325386,0.0031097985,-0.00084269734,0.00038397172,-0.00832353,-0.009815711,-0.049529824,4996,4999,0
678859317,678859192,4259850,4325386,-0.0013353209,-0.00068487675,-0.00010845158,0.014703107,0.036814667,-0.057594657,5061,4944,0
679353820,679353605,4259850,4325386,-0.0009791807,-0.0018981831,0.00034009057,0.030623354,0.005256327,-0.051274005,4999,5803,0
679858338,679858219,4259850,4325386,-0.00039634464,-0.0012024033,-0.0002521099,-0.0010488014,-0.013280039,-0.02981298,4998,4838,0
680357962,680357846,4259850,4325386,0.0040018177,2.2048722e-05,-0.0005277236,0.014406721,0.04488638,-0.06611242,5006,4733,0
680857656,680857536,4259850,4325386,-0.0048345393,0.0021064878,-0.00035595565,0.0131445695,0.048047837,-0.06520494,5050,4895,0
681357689,681357099,4259850,4325386,0.0027251292,-0.0032471674,0.0003674754,0.012948814,0.015397334,-0.070438586,5023,5805,0
681856812,681856692,4259850,4325386,0.0017869928,0.0010462215,-0.0006936021,-0.012469683,-0.007900788,-0.04623501,4998,4839,0
682357297,682356323,4259850,4325386,0.0010161846,-0.0023659016,-0.00013368727,0.022051364,-0.003360156,-0.058527242,5005,5800,0
682856127,682855941,4259850,4325386,-5.105724e-06,0.0033080722,-9.248624e-05,0.022337303,0.014191435,-0.035750497,5010,4838,0
683360991,683360715,4259850,4325386,0.00059839926,-0.00054482714,0.00012535401,0.007063526,-0.013127067,-0.06651203,5016,5804,0
683860264,683860155,4259850,4325386,-0.0013322101,0.00038745286,-0.00021014076,0.0007413576,0.012615665,-0.068983994,5000,4835,0
684354887,684354776,4259850,4325386,0.0003045788,0.00015080652,0.00030226808,0.024566706,-0.003134667,-0.04008827,4996,4835,0
684854544,684854394,4259850,4325386,0.001806593,0.00025303854,-0.00033203035,0.016751423,-0.005698351,-0.04177143,4997,4727,0
685359199,685359089,4259850,4325386,-0.004704861,-0.00027989104,-0.00053268054,-0.020340117,0.0034614282,-0.069948025,4997,4991,0
685858754,685858623,4259850,4325386,0.0030435333,0.0006340293,-0.0005484096,-0.0052163242,0.01765851,-0.030941188,4999,4836,0
686358359,686358241,4259850,4325386,0.0015026857,-0.00013408755,-0.0005214134,0.017781306,0.05136372,-0.07232594,4997,4840,0
686857973,686857856,4259850,4325386,-0.0013331217,0.0003478416,-0.00022593202,-0.01373848,0.054794844,-0.043906152,4994,4837,0
687357586,687357476,4259850,4325386,0.0008067678,0.00019397937,4.0447994e-05,-0.008992141,-0.010120328,-0.046545286,4990,4918,0
687857418,687857247,4259850,4325386,-0.00029459453,0.00025240734,0.00035343345,-0.0061293268,-0.04263897,-0.04305401,5002,5805,0
688356821,688356706,4259850,4325386,0.0018547327,-0.000100006095,0.0008838804,0.0065102703,0.021623777,-0.051038824,4996,4828,0
688856432,688856322,4259850,4325386,0.0013745432,0.0016203461,-0.0002942846,0.0038516799,-0.03938392,-0.036982805,4996,4837,0
689356182,689355939,4259850,4325386,6.7617926e-05,-0.0037449875,0.0002420064,-0.021071155,-0.049107093,-0.057228964,4996,4853,0
689855696,689855581,4259850,4325386,-0.0022194998,0.0026035141,-0.00051723537,0.012321093,-0.063095175,-0.03407939,4992,4839,0
690360291,690360166,4259850,4325386,0.0026945611,0.0012021833,0.0003421395,0.0025852746,-0.002932201,-0.030364247,4994,4836,0
690859897,690859782,4259850,4325386,-0.0025837952,-0.003253611,0.0012117908,-0.023185395,0.015808044,-0.048111387,4994,4834,0
691355512,691354412,4259850,4325386,0.004642806,0.0016356943,0.0005975706,-0.0070446525,-0.0154111395,-0.033792257,5007,4995,0
691854183,691854025,4259850,4325386,-0.0075166263,0.00039299057,0.00020632605,-0.015730664,-0.014157763,-0.059948113,5003,4836,0
692359024,692358796,4259850,4325386,0.0021779852,-0.005000847,0.00032004062,-0.030597325,-0.023260297,-0.01882412,5009,4836,0
692858350,692858243,4259850,4325386,-0.0019440542,0.0041014575,0.0001261539,0.01706134,-0.018061666,-0.050835535,4996,4837,0
693358033,693357858,4259850,4325386,-0.0023186007,-0.0031010557,4.933379e-05,0.02338229,-0.00863286,-0.06361882,4996,4681,0
693857647,693857481,4259850,4325386,-0.00021133188,-0.0012614519,-0.0001392963,-0.01019327,0.0033584628,-0.054111116,5003,5808,0
694357209,694357099,4259850,4325386,0.0027376018,0.0006802996,-8.79211e-05,0.009016362,-0.0021390666,-0.04459604,4980,4836,0
694856837,694856706,4259850,4325386,0.0029621648,0.0001674367,0.00051612256,0.0011216238,0.027423434,-0.036476802,4999,4850,0
695356426,695356317,4259850,4325386,0.0039627464,0.00040174517,-0.00016995231,0.010735068,-0.039562378,-0.04765941,4993,4833,0
695856095,695855969,4259850,4325386,-0.0037895946,0.00011601437,-0.00031947836,0.0050144326,0.04081156,-0.047388818,5033,5805,0
696355706,696355569,4259850,4325386,-0.00088842085,0.00011523933,0.0001875504,-0.011105037,0.009334092,-0.04868033,5013,5796,0
696855420,696855308,4259850,4325386,0.0019834915,0.00012971334,0.00025699913,-0.009436657,0.03193087,-0.051456828,5006,4836,0
697359883,697359772,4259850,4325386,-0.000514505,-0.00039321178,-0.00027006786,-0.020024696,0.004152741,-0.05187013,4997,4837,0
697859498,697859386,4259850,4325386,5.4176526e-05,-0.0003237961,8.548579e-05,-0.0009880447,0.021827668,-0.055804774,4997,4838,0
698354164,698354011,4259850,4325386,-0.0020962644,0.00020463226,-0.00030211828,0.006368513,0.039168112,-0.05259168,4999,4631,0
698858844,698858628,4259850,4325386,0.0011046228,-0.00011695931,0.00040589162,0.022192419,-0.0076056127,-0.044655,5008,5804,0
699358366,699358228,4259850,4325386,0.0020264864,0.00037480216,0.00023802703,0.0028430556,-0.077989474,-0.03279463,4997,4841,0
699858025,699857844,4259850,4325386,-0.0030412413,0.00028113165,-0.00055302767,0.005713661,0.04664725,-0.04732214,4999,4838,0
700358379,700357459,4259850,4325386,0.0013044353,-8.3247454e-05,-8.573707e-05,-0.02426785,0.041048452,-0.061604515,4999,5805,0
700857637,700857070,4259850,4325386,0.0029637285,0.0007936468,0.00024078204,0.020598136,-0.009033094,-0.049103156,4996,5816,0
701357010,701356826,4259850,4325386,-0.0010689261,2.9959241e-05,-0.00052136084,0.01341335,0.023272868,-0.062389895,5006,4836,0
701856405,701856297,4259850,4325386,0.0024275198,-0.0004374588,-0.0001279221,-0.026503073,-0.03583661,-0.050893236,4997,4835,0
702356084,702355908,4259850,4325386,0.001178093,0.00017991074,-0.00045785206,-0.02261484,-0.038508013,-0.082574785,4996,5631,0
702855644,702855531,4259850,4325386,-0.00073644065,0.00028313303,-0.00030658024,0.008942574,0.058032177,-0.064321056,5006,4990,0
703355293,703355137,4259850,4325386,-0.001343431,3.607923e-05,-3.59741e-05,0.020955624,0.0011257638,-0.068306915,4999,5855,0
703859873,703859747,4259850,4325386,-0.0021864455,-0.00015867523,-0.00053101376,-0.011636102,-0.04103682,-0.040433798,4997,4831,0
704354466,704354359,4259850,4325386,0.0019231405,-6.303578e-05,0.00019246155,-0.021069381,0.047019985,-0.06263427,4995,4835,0
704859077,704858968,4259850,4325386,-0.0003759817,-0.00022181544,-0.00032761513,-0.018916167,0.024347892,-0.050760563,4988,4836,0
705353691,705353584,4259850,4325386,-0.0029940258,3.483438e-05,-0.00024676594,0.0042073736,0.009320069,-0.042315736,4995,4836,0
705858421,705858302,4259850,4325386,-0.0012797293,-0.0001260954,-0.00023746879,-0.0050468068,0.06316924,-0.05248446,4997,4834,0
706357914,706357806,4259850,4325386,-0.00078188354,-7.671497e-05,8.015921e-05,0.0056632482,-0.06941077,-0.026518645,4995,4834,0
706857529,706857418,4259850,4325386,-1.0272344e-05,-0.00010812713,0.0004076156,-0.01329255,0.008074576,-0.06376292,4992,4842,0
707357152,707357030,4259850,4325386,0.0040183067,-0.00085316756,0.0005104926,-0.017130315,-0.05227187,-0.024939287,4994,4843,0
707856853,707856649,4259850,4325386,0.0007998091,-0.0014341653,-7.846207e-05,0.0023303013,-0.00057353394,-0.058351252,4995,5804,0
708356888,708356498,4259850,4325386,-0.0015135433,0.0013777955,-0.00016792757,-0.0038140314,0.03159917,-0.09765243,5005,5809,0
708856068,708855870,4259850,4325386,0.0077850744,0.0012027408,7.1317736e-05,0.0009318189,0.020620314,-0.05576705,5000,4837,0
709356377,709355514,4259850,4325386,-0.0009742107,-0.003498587,8.182062e-05,-0.007152403,0.046223473,-0.05226978,5031,5808,0
709855600,709855089,4259850,4325386,-0.0022265082,0.0022021926,-0.00070926896,0.008936621,0.019759588,-0.051397428,4991,4838,0
710355007,710354799,4259850,4325386,0.003172765,0.0007287593,0.00019026104,-0.005026895,0.009004786,-0.032274965,5006,4838,0
710859446,710859307,4259850,4325386,-0.0021106887,-0.0006549674,-0.00015768969,0.024083925,0.0043855896,-0.046446834,4995,4835,0
711359040,711358925,4259850,4325386,-0.0006350147,0.00012402223,-4.3653752e-05,-0.019745652,0.019285928,-0.051867846,5001,4836,0
711858690,711858530,4259850,4325386,-7.161455e-05,0.00021928268,-0.0005958425,-0.020815194,0.011621335,-0.065367624,4996,4589,0
712358267,712358152,4259850,4325386,0.0016489961,-0.00025285,-0.00016091747,-0.015156516,0.04733386,-0.06374631,5007,4835,0
712858067,712857956,4259850,4325386,-4.067887e-05,0.00030801006,0.0004118949,0.011376175,-0.002499232,-0.026687805,4989,4835,0
713357474,713357363,4259850,4325386,0.0026864072,0.00018330998,0.00020227158,-0.009024873,-0.015483529,-0.029989323,4997,4841,0
713857146,713856975,4259850,4325386,-0.00021563236,2.4022826e-05,0.00038459408,-0.013531721,0.013500171,-0.050460503,4996,4639,0
714356694,714356584,4259850,4325386,-0.00043358508,0.00012165106,-0.0004773693,-0.022691956,0.037536543,-0.055906605,4995,4996,0
714856414,714856257,4259850,4325386,-0.0027174458,0.00034706073,-0.00018175987,0.0092289075,0.01692435,-0.050480474,5005,4960,0
715360964,715360802,4259850,4325386,0.0019197094,-0.00012543623,0.00038012204,-0.0014860799,-0.025103448,-0.041094832,4997,4837,0
715855535,715855416,4259850,4325386,0.001860853,2.4062378e-05,0.0006924429,0.016357644,0.012883232,-0.03137541,4996,4849,0
716355138,716355028,4259850,4325386,-6.813781e-05,-0.00023927246,-0.00019364103,0.009071884,-0.0024088186,-0.04615896,4994,4819,0
716854757,716854637,4259850,4325386,0.0027671822,0.00016688828,-0.00035596566,-0.013015807,-0.027967408,-0.031336345,4976,4939,0
717359663,717359438,4259850,4325386,-0.0021816029,-0.00011674073,0.00024747997,-0.014952284,-0.027318848,-0.043444436,5019,4999,0
717859016,717858853,4259850,4325386,-0.0011495934,-3.433493e-05,0.00027649704,-0.006039655,-0.013404097,-0.049146596,4997,5799,0
718358792,718358466,4259850,4325386,-0.00035438224,-1.4082226e-05,-0.00043248112,-0.015080796,0.021994278,-0.052685894,4997,4852,0
718858741,718858074,4259850,4325386,0.0008697941,-4.967612e-06,-0.00062272494,-0.002429308,0.0071893935,-0.040751345,4996,4830,0
719357932,719357757,4259850,4325386,-0.0031981978,-0.0012290826,-0.00062081794,0.014698881,0.012312942,-0.040885184,4976,4985,0
719857424,719857291,4259850,4325386,0.001124548,-0.00080265605,-0.0002363377,-0.0018620214,-0.02755413,-0.034118913,4995,4836,0
720357022,720356901,4259850,4325386,0.00012539746,0.0012309557,-0.0006211942,-0.008368319,-0.03481809,-0.03456732,4989,4930,0
720856627,720856511,4259850,4325386,0.0010388267,9.320827e-05,2.4716734e-05,-0.008270314,0.0049920636,-0.032420892,4996,4841,0
721356232,721356120,4259850,4325386,-0.0006643866,0.00017903878,-0.00019828617,-0.014786897,0.010045549,-0.041608408,4996,4690,0
721856027,721855912,4259850,4325386,0.00059158856,8.897655e-05,0.00021970752,-0.0051313224,0.037671532,-0.049801443,5031,4928,0
722355443,722355336,4259850,4325386,0.0017744056,0.00021462455,-7.306983e-05,-0.0068994705,0.030543756,-0.04550926,4994,4836,0
722855059,722854948,4259850,4325386,0.00014349833,-0.00056420325,-0.00016229459,0.004185808,-0.027915668,-0.042742185,4997,4884,0
723354664,723354556,4259850,4325386,-0.0005912677,4.797511e-05,0.00020491176,0.022878502,-0.023985917,-0.046258677,4995,4835,0
723854316,723854205,4259850,4325386,-0.0017664399,0.00039684022,-0.00037040273,0.015262403,0.046468303,-0.061108246,5009,5007,0
724358933,724358802,4259850,4325386,6.2560306e-05,0.0033387584,1.942344e-05,0.013827395,-0.009765737,-0.07577196,5025,5803,0
724858486,724858378,4259850,4325386,-4.9517894e-05,-0.0018739472,-1.940129e-05,-0.014666005,0.016727818,-0.06782945,4995,4818,0
725353104,725352991,4259850,4325386,0.0013902191,-0.0021308973,0.00040962672,0.018941784,-0.026658015,-0.04405288,4995,4904,0
725857719,725857599,4259850,4325386,0.0005977586,3.723562e-05,-7.946109e-05,-0.01275745,-0.012191074,-0.050304126,4999,4837,0
726357547,726357306,4259850,4325386,0.0009186132,0.0035570827,0.0001276381,0.018263148,0.0423254,-0.04394378,4942,4599,0
726857080,726856816,4259850,4325386,0.0019608927,-0.000689304,0.000101045225,0.00025416215,0.0338073,-0.06112128,5000,5803,0
727357179,727356424,4259850,4325386,0.0014835342,-0.0022345714,0.0006044439,0.0065743425,-0.006901581,-0.047274973,4999,5662,0
727856516,727856030,4259850,4325386,0.00063379906,0.0012277808,0.0006434757,0.011785524,-0.023686698,-0.04444656,4997,4996,0
728355824,728355639,4259850,4325386,0.00025538667,-0.00105213,-0.00025342457,-0.012486584,-0.04183254,-0.042499732,4999,4838,0
728860641,728860460,4259850,4325386,0.0029744925,6.533434e-05,-0.000106161046,0.006767519,0.0039699757,-0.036528885,5009,4837,0
729359956,729359848,4259850,4325386,0.0011411872,-0.00011121083,0.00062256696,0.006014725,0.013040804,-0.03356966,4996,4837,0
729854647,729854472,4259850,4325386,0.0015558588,0.00015777515,0.0007338217,0.018102773,-0.03238054,-0.056467593,5008,5587,0
730354232,730354069,4259850,4325386,0.0016221231,-0.00023188976,0.00047499445,-0.020620113,-0.039017554,-0.039738037,4998,5864,0
730858877,730858726,4259850,4325386,0.0027064118,-4.3101278e-05,7.607748e-05,0.014010623,0.042357653,-0.044293266,4990,4833,0
731358417,731358278,4259850,4325386,-0.0020721096,2.0497986e-05,-0.0002588368,0.016890777,0.035280135,-0.05910055,4996,4838,0
731857993,731857885,4259850,4325386,-0.0027925747,-0.000113409784,-5.0095638e-05,-0.0037833296,0.010937902,-0.0356695,4996,4835,0
732357653,732357494,4259850,4325386,-0.00181032,0.00023830665,-0.00031344325,0.010399493,-0.0003801131,-0.06457629,4992,5830,0
732857216,732857106,4259850,4325386,0.001985413,0.00035252667,0.00031634368,0.0148226535,0.007575492,-0.060251772,5002,5803,0
733357023,733356869,4259850,4325386,-0.00034107373,0.0014828695,-0.00037421475,-0.0066176886,-0.011308651,-0.04095027,5000,4837,0
733856423,733856313,4259850,4325386,0.0026936985,-6.5241016e-05,1.9438061e-05,0.014271819,0.013023696,-0.053423777,4993,4836,0
734356045,734355921,4259850,4325386,0.00056737976,-0.00035530986,-0.00017597427,-0.00115179,-0.027499104,-0.04362571,4996,4744,0
734855648,734855528,4259850,4325386,0.0022028368,-6.498593e-05,-2.7063197e-06,0.009544178,-0.018242963,-0.05873931,4995,4959,0
735360299,735360161,4259850,4325386,-5.0090104e-05,-3.0283658e-05,4.9033988e-05,0.012452358,-0.040218465,-0.053716347,5016,4832,0
735859868,735859741,4259850,4325386,0.0005731506,0.00016211651,0.00012541766,-0.011644325,-0.047107536,-0.025968352,4986,4832,0
736359454,736359343,4259850,4325386,0.0009539762,-7.3546966e-05,-0.00026003647,0.01750116,0.037518848,-0.032403506,4992,4831,0
736854347,736853960,4259850,4325386,-0.0012837858,0.00030489734,0.00019713865,0.006986538,-0.038071364,-0.043759312,5002,5602,0
737358706,737358557,4259850,4325386,0.0021803905,-4.7689042e-05,0.00016647247,0.019489324,-0.029418103,-0.044748906,4995,4825,0
737858457,737858276,4259850,4325386,-0.0015879535,0.00058609457,-0.0007820847,-0.016971033,0.012081383,-0.06691967,5002,4836,0
738357877,738357770,4259850,4325386,6.603193e-05,-0.0014244935,-0.00015573294,-0.024166921,0.009365098,-0.054651428,4995,4835,0
738857482,738857374,4259850,4325386,-0.0013422241,-0.002294552,-0.00057683355,-0.022393921,-0.0021895373,-0.05993987,4996,4838,0
739357095,739356982,4259850,4325386,0.0016882638,-0.00073627435,0.00027786844,0.015583235,0.029573621,-0.054102395,4998,4824,0
739856788,739856594,4259850,4325386,0.004324195,-1.3908412e-05,-0.0003897564,0.0041847737,0.024082351,-0.04903623,5004,5804,0
740356516,740356406,4259850,4325386,-0.002555397,-0.00051954825,-0.000638367,-0.0034876522,-0.0013784742,-0.047503453,4998,4837,0
740855907,740855798,4259850,4325386,0.0002543576,0.00061531866,-0.00025823558,0.015522869,0.06510543,-0.068424635,4997,4839,0
741355530,741355412,4259850,4325386,-0.0009846824,0.00037623677,0.00022279729,0.027393034,0.019362023,-0.034298882,5004,4820,0
741855127,741855011,4259850,4325386,-0.0010341867,-0.0041275998,0.00031214365,0.0050406638,0.017693387,-0.04977254,4993,4830,0
742359824,742359715,4259850,4325386,-0.00023236619,0.0021706084,-0.00043484566,-0.032345664,-0.011994531,-0.038589373,5046,4911,0
742854358,742854219,4259850,4325386,-0.00058550003,-0.0010602328,0.00069663493,0.018216651,0.042943265,-0.08249152,4995,4842,0
743353943,743353824,4259850,4325386,-0.0018162604,2.3670824e-05,0.000196355,-0.024101894,0.013441856,-0.08648567,4985,4835,0
743853539,743853430,4259850,4325386,-3.263399e-05,0.00089815113,-0.0005501566,0.004919637,0.020751784,-0.0479397,4996,4822,0
744358221,744358032,4259850,4325386,-0.0011501908,0.0019172374,-0.00048425407,0.004925048,0.053431503,-0.07360171,4996,4750,0
744857968,744857811,4259850,4325386,-0.0026303604,0.0021541063,0.00016587456,0.0155676715,0.02311837,-0.073590286,5000,4991,0
745357929,745357244,4259850,4325386,0.003646095,-0.0011047404,0.00020106077,0.007146433,0.030695608,-0.067987405,4999,4842,0
745857191,745856871,4259850,4325386,-0.0069618965,-0.00011478345,-0.00077955576,-0.010225811,0.037290394,-0.073191844,5021,5807,0
746357763,746356453,4259850,4325386,0.0049102735,-0.000489263,-0.00032574218,-0.01956624,0.006426418,-0.06502502,4998,4837,0
746861234,746861055,4259850,4325386,0.004371036,0.0026245343,0.0007515615,0.00905866,0.016079906,-0.047404118,4996,4835,0
747355796,747355660,4259850,4325386,0.00051590276,-0.0027358178,-0.00026458173,-0.005952083,0.051543448,-0.068203665,4991,5763,0
747855383,747855265,4259850,4325386,0.0006672435,-0.0009898811,-3.8386155e-05,-0.004991634,-0.032359876,-0.028342705,4992,4837,0
748354980,748354869,4259850,4325386,3.315975e-05,-0.0006490217,0.00037567673,-0.009597759,-0.038938057,-0.039535556,4993,4645,0
748859590,748859474,4259850,4325386,0.0021081045,-0.0008696759,0.0003135071,0.0084565105,-0.009035171,-0.052804947,5001,4836,0
749359287,749359174,4259850,4325386,-0.0013095028,-0.0016577076,0.00041037315,-0.011574067,-0.01607334,-0.046008836,5007,4835,0
749858821,749858677,4259850,4325386,-0.0043215286,0.0010221173,5.0498475e-05,-0.0008625389,-0.0061893677,-0.065089606,4995,4835,0
750358389,750358282,4259850,4325386,-0.0008016856,-5.081895e-06,-3.4362608e-06,0.004380948,0.0026278896,-0.04419104,4995,4836,0
750858021,750857886,4259850,4325386,-0.0014667391,0.0011644211,0.00041466806,-0.000753676,0.027171109,-0.045737036,4996,4873,0
751357647,751357537,4259850,4325386,0.00077614374,0.00016906361,0.00024457494,-0.017712915,-0.014236383,-0.042970296,5043,5806,0
751857506,751857291,4259850,4325386,-0.0011878809,-0.00037643642,-2.9919851e-05,-0.016767804,-0.015716176,-0.034096107,5002,5803,0
752356813,752356698,4259850,4325386,0.0021047206,-0.00032889616,0.00011842935,0.008129141,-0.041313656,-0.06276169,4996,4932,0
752856419,752856301,4259850,4325386,-0.0011116359,-0.00014553654,-0.00016025009,0.0019915781,0.020994382,-0.06825842,4996,4843,0
753356054,753355907,4259850,4325386,-5.5523096e-06,-0.004686441,-0.00036181379,-0.010120727,0.00048927264,-0.052121457,4996,4622,0
753860669,753860546,4259850,4325386,-0.00059624825,0.0012134325,0.00015043363,-0.018704148,0.040792663,-0.06282271,4984,4835,0
754355580,754355113,4259850,4325386,0.00077407126,0.0008388042,9.66246e-05,-0.026352596,-0.002424105,-0.035194825,4997,4838,0
754854938,754854730,4259850,4325386,-0.0013202488,-0.0012972814,-0.000495378,0.003238769,0.05233418,-0.075670406,5010,5635,0
755359435,755359318,4259850,4325386,0.0012679537,-0.001568674,4.3276767e-05,-0.017236749,-0.04252459,-0.032943107,4996,4595,0
755859177,755858922,4259850,4325386,-0.0012662719,0.0031567921,0.0002199437,0.028216444,0.045488335,-0.06652107,4998,5844,0
756358859,756358649,4259850,4325386,0.0009487182,-0.0016461035,-0.00016908714,-0.006158973,0.021560173,-0.046662245,4997,4835,0
756858240,756858124,4259850,4325386,-0.0015067676,2.829999e-05,-0.00018420989,-0.00692836,0.026163248,-0.04605995,4996,4836,0
757357858,757357731,4259850,4325386,0.005025136,0.00012204714,4.712644e-05,-0.004455283,0.02369896,-0.043188266,5000,4836,0
757857458,757857332,4259850,4325386,-0.0031493893,0.000118370066,-0.0001862342,0.008284496,0.027492184,-0.06674571,4997,4733,0
758357061,758356942,4259850,4325386,0.0017679059,2.4427685e-05,0.00034201043,0.00025048546,0.008946391,-0.060507808,4992,4997,0
758856915,758856771,4259850,4325386,-0.0016848027,0.00017834964,0.00018712801,-0.0046571963,0.0045925253,-0.060657438,5002,4835,0
759356292,759356141,4259850,4325386,0.0010732027,-5.8961665e-05,5.0676783e-05,-0.011753151,0.002703681,-0.059214763,4998,4820,0
759855856,759855745,4259850,4325386,-0.0029860602,2.4886747e-05,-0.000505659,-0.015863704,-0.0031734009,-0.051867638,5000,4704,0
760360459,760360340,4259850,4325386,-0.002945206,0.0005130647,-0.0001539943,-0.0036989271,0.04845747,-0.06975626,4974,4836,0
760855114,760855001,4259850,4325386,0.0006809719,-0.00015534158,-0.00016482541,0.0057487544,0.025633816,-0.05994805,5002,4837,0
761354724,761354549,4259850,4325386,0.00087583164,-0.00049771153,-0.00018335204,-0.008923797,-0.05617986,-0.05971982,4996,5817,0
761854261,761854151,4259850,4325386,0.0012738938,0.00011221616,0.00014594928,0.020328317,-0.028359825,-0.055995237,4995,4842,0
762358907,762358781,4259850,4325386,0.0005712618,-0.00015562176,-0.00030395668,-0.0050991634,0.0193055,-0.049101435,5025,5802,0
762858471,762858353,4259850,4325386,-0.00041976414,-0.00020116498,1.2616719e-05,0.007751818,-0.05266853,-0.05435269,4996,4841,0
763358233,763358113,4259850,4325386,-0.0012281435,-0.00090611476,-0.0005979499,0.009969892,0.05561389,-0.05613002,4989,4837,0
763857759,763857559,4259850,4325386,-0.0056617022,0.00012857043,-0.00026942068,0.022919735,0.041788504,-0.06691542,5000,4837,0
764358009,764357161,4259850,4325386,0.005588489,0.000327376,4.2612362e-05,0.0023364832,0.0018317472,-0.067332,5000,4837,0
764857164,764856815,4259850,4325386,-0.001274373,9.820304e-05,0.00010786727,0.00080287585,-0.0035158442,-0.04438535,5050,4839,0
765356537,765356362,4259850,4325386,0.0009226733,-0.00011213164,0.00048838527,-0.0070356005,-0.011936502,-0.04933851,4996,4835,0
765856447,765856220,4259850,4325386,0.0015339145,-0.0001373991,-0.0001602219,0.0063557164,0.035555683,-0.06885422,5005,4938,0
766355684,766355564,4259850,4325386,0.00096411473,2.4699146e-05,-6.814595e-05,0.015646582,0.058791187,-0.04502061,4996,4835,0
766855288,766855166,4259850,4325386,-0.0006433635,-0.00015782188,-0.0005166615,0.019006537,0.03938315,-0.056428682,4996,4943,0
767359875,767359763,4259850,4325386,0.00064078957,0.004171991,-5.7221427e-05,0.017916704,0.019320024,-0.06633084,4995,5008,0
767859608,767859497,4259850,4325386,-0.0022535536,-0.0012427948,-0.00043247343,-0.019659504,0.04816356,-0.052108433,5053,4943,0
768354116,768353969,4259850,4325386,-0.0026758553,-0.00050819735,-0.00052625756,-0.017063264,-0.012768356,-0.056671187,4995,4801,0
768858742,768858569,4259850,4325386,-0.004228045,0.00032448297,-0.00049299415,0.00370159,0.06473062,-0.088653654,4998,5697,0
769358277,769358169,4259850,4325386,0.00042868237,0.00017030496,-0.0004421042,-1.4310671e-06,0.038842242,-0.06939636,4962,4833,0
769857882,769857771,4259850,4325386,-0.0026137077,-0.0007669153,-0.0004293774,0.01937899,0.08247703,-0.06842814,4997,4835,0
770357686,770357577,4259850,4325386,0.003157049,0.0003827428,-6.2437946e-05,-0.0006323866,-0.027746694,-0.04040148,5039,4691,0
770857094,770856973,4259850,4325386,-0.00024968584,0.00033116524,0.0005835039,-0.0021227675,0.028977437,-0.06379613,4998,4878,0
771356689,771356572,4259850,4325386,0.0012804557,-0.0002115499,0.00026544346,-0.0059681283,-0.0066392976,-0.04996506,4996,4838,0
771856299,771856173,4259850,4325386,0.0015704276,0.00024191457,0.00025204325,0.016888738,-0.07434658,-0.03557343,4995,4835,0
772356058,772355782,4259850,4325386,-0.00014589082,0.0006496191,0.00045009155,0.005743373,-0.005368476,-0.039257444,5001,4839,0
772855526,772855378,4259850,4325386,-0.0019966692,-0.0007553493,0.000780961,0.02377815,0.0020645894,-0.026052473,4997,4835,0
773355627,773354978,4259850,4325386,-0.0034905924,-0.00025611793,1.7743876e-06,0.025537167,-0.014411835,-0.060111884,4999,4837,0
773859684,773859572,4259850,4325386,-0.0008209176,0.00045523286,-2.1501119e-05,0.01497445,0.039727673,-0.053797837,4992,4704,0
774359346,774359175,4259850,4325386,-0.0019629945,-0.0018230272,-0.0003927899,0.011385433,-0.013142459,-0.04090618,4997,4684,0
774859147,774858876,4259850,4325386,0.0006222897,-0.0020336958,0.00037143225,0.02266474,-0.03182782,-0.06523235,5014,5804,0
775353521,775353377,4259850,4325386,0.0017191073,-0.0014524831,-3.51207e-05,-0.019028693,-0.03136094,-0.043874376,4996,4834,0
775858101,775857975,4259850,4325386,0.0010736366,-0.0027157373,0.00010149622,-0.0062922495,0.02771627,-0.058745325,4989,4834,0
776357753,776357574,4259850,4325386,0.0005305053,-0.0015766141,-0.00027251046,0.0017859251,0.008237712,-0.06944543,4997,5850,0
776857283,776857174,4259850,4325386,0.00044756377,0.0022336682,4.0005965e-05,-0.0004839095,0.045043852,-0.059755016,4994,4834,0
777357102,777356948,4259850,4325386,-4.6694215e-05,-0.0011141023,0.0001702971,0.022928312,0.011072872,-0.056523535,5004,4981,0
777856482,777856373,4259850,4325386,-0.0011353872,-0.00016985342,0.00021291678,-0.012548887,-0.012233107,-0.057395924,4996,4833,0
778361140,778361019,4259850,4325386,0.0024818517,-0.00022036063,0.0003157759,0.008446686,0.03842415,-0.0638824,5046,5803,0
778855682,778855573,4259850,4325386,0.00085841666,-0.00048059458,0.00018658025,0.0034988704,-0.01440628,-0.06696691,4996,4724,0
779355335,779355224,4259850,4325386,0.00414021,0.0010221909,0.0003739469,0.015534729,-0.01839765,-0.051131904,4982,4989,0
779854899,779854773,4259850,4325386,-0.00181444,0.0010019857,-3.373253e-05,0.015373694,-0.009614045,-0.05442708,4997,4834,0
780359489,780359368,4259850,4325386,0.00480537,-0.0014832435,-0.00037265103,0.006343004,-0.018562632,-0.05144124,4996,4834,0
780859081,780858967,4259850,4325386,0.0033156218,-0.0002270009,5.4208343e-05,0.013185772,0.025293779,-0.05535017,4996,4867,0
781358757,781358571,4259850,4325386,-0.0019900706,0.0003333721,0.00024530553,-0.007333293,-0.025850423,-0.020649401,4952,4834,0
781853454,781853276,4259850,4325386,0.0012278071,0.00013922354,-0.0009063772,-0.0021675727,0.010443978,-0.06580378,4941,4689,0
782357921,782357766,4259850,4325386,-0.003740765,-0.0016357136,-0.00044117693,-0.02146065,-0.00093905674,-0.05419034,4996,4835,0
782857619,782857368,4259850,4325386,-8.863456e-05,-0.0010867375,-0.00036012987,0.008616817,0.04142755,-0.07137702,4999,4839,0
783358118,783357020,4259850,4325386,-0.0011175907,-0.0004081352,0.00013407692,0.019739622,0.028342567,-0.08199876,5048,5809,0
783856771,783856567,4259850,4325386,0.0032592665,0.0002992078,-0.00030183056,-0.0027044967,0.0066710524,-0.060770303,4998,4834,0
784356562,784356340,4259850,4325386,-0.0025780064,-0.0002662305,0.00017277309,-0.0014894885,0.020770768,-0.057015736,4994,4934,0
784855870,784855761,4259850,4325386,-0.0005389508,0.00018460119,0.00017428985,0.008608823,0.0012706874,-0.048232354,4996,4835,0
785355479,785355361,4259850,4325386,-0.0011972154,-0.0014611578,-0.0007655791,0.0027006934,0.009972526,-0.051714286,4996,5006,0
785855075,785854960,4259850,4325386,0.0046173264,-0.0018368196,-5.5888042e-05,0.015328258,0.0014956469,-0.065485954,4997,4998,0
786354669,786354558,4259850,4325386,-0.0017714091,0.004973158,-8.312376e-05,0.0266825,-0.030103883,-0.054170087,4994,4834,0
786854287,786854157,4259850,4325386,0.0012624844,-0.00092074194,0.00013248224,-0.012497232,-0.062623106,-0.049036007,4993,4835,0
787358867,787358752,4259850,4325386,0.0022950522,-0.0006156944,0.00026200633,0.004910347,-0.0113476245,-0.05461166,4997,4851,0
787858459,787858350,4259850,4325386,-0.00083621044,2.8614779e-05,5.1949042e-05,0.0140724955,-0.014822252,-0.040774032,4996,4835,0
788358062,788357950,4259850,4325386,-0.0010063493,0.0002428204,9.682205e-05,-0.0075972085,0.036648855,-0.04093889,4998,4809,0
788857750,788857631,4259850,4325386,-0.0010603421,-0.0002508616,-0.00031042227,-0.013850896,-0.035684,-0.020430045,4948,4585,0
789357378,789357160,4259850,4325386,0.0017221759,0.00023521192,-4.6127443e-06,0.008894947,-0.0051090494,-0.052730948,5011,5787,0
789856853,789856745,4259850,4325386,-0.0007319384,-0.00026881514,0.00032515882,0.026614139,0.0073788445,-0.04868929,4996,4835,0
790356525,790356344,4259850,4325386,0.0019160988,-0.0005950163,-0.00034403725,1.1629819e-05,0.014983743,-0.056834918,4996,5828,0
790856072,790855942,4259850,4325386,-0.00045546007,2.5556537e-05,-0.0006650489,-0.009027837,0.03555942,-0.05762652,4994,4840,0
791355889,791355722,4259850,4325386,-0.00061542453,-0.00068668544,-0.00015752138,-0.00069263426,-0.04332458,-0.050973944,5014,5900,0
791860251,791860133,4259850,4325386,0.0014937992,-0.00025576682,-7.675596e-05,-0.002107966,0.025834488,-0.054845322,4995,4834,0
792359904,792359731,4259850,4325386,0.0011335457,-0.00028017288,0.0003218087,-0.0045542414,-0.05723797,-0.025708238,4987,4842,0
792855107,792854335,4259850,4325386,-0.0020336844,0.0002901727,0.00017658011,0.002009569,0.018808333,-0.04599375,4997,5003,0
793354113,793353931,4259850,4325386,-0.00061685254,0.00015147567,0.00020816218,-0.0045148614,-0.0104755815,-0.041673746,4996,4834,0
793858650,793858527,4259850,4325386,-0.0018417446,0.00013125368,-0.00035104007,0.0004627472,-0.04334984,-0.060597,4740,4835,0
794358274,794358122,4259850,4325386,0.0007879749,-0.0003215285,7.949502e-05,0.006616738,0.0161622,-0.04356081,4996,4883,0
794857842,794857721,4259850,4325386,7.913266e-05,-0.00012931979,-0.00030481946,-0.003888002,0.007716953,-0.034294564,4997,4845,0
795357432,795357318,4259850,4325386,0.00043718427,-8.512296e-05,-0.00044622674,0.00863433,-0.054994386,-0.029951194,4958,4837,0
795857152,795856993,4259850,4325386,-0.002653699,-6.0399576e-05,-0.00039504358,-0.0079344595,0.0067699584,-0.08329304,4992,5859,0
796356659,796356514,4259850,4325386,0.0044819075,0.00026324773,0.00023288451,-0.005446715,0.011986919,-0.047543414,4997,4834,0
796856223,796856113,4259850,4325386,0.0014438446,-0.0003292038,2.5619001e-05,-0.01010978,0.023794599,-0.05611333,4997,4997,0
797355819,797355708,4259850,4325386,-0.0011174963,0.0004045422,-0.000115396164,0.0006473466,0.01651353,-0.03393701,4997,5010,0
797855417,797855305,4259850,4325386,0.002080612,0.00046317207,0.0004349632,0.011378782,0.03862421,-0.0528888,4995,4830,0
798360216,798360052,4259850,4325386,0.0047648163,-9.414235e-05,0.00025280908,0.005392313,0.03383329,-0.067062944,4990,5803,0
798859627,798859516,4259850,4325386,0.0027277905,-0.0002346453,-1.8350342e-05,-0.0037351088,-0.024709461,-0.057019707,5017,5721,0
799354212,799354098,4259850,4325386,-0.0024114032,3.8126112e-05,0.000112344496,0.001429401,0.005710195,-0.049714334,4996,4835,0
799853819,799853694,4259850,4325386,0.00075845653,-0.0008660488,-0.0005199005,-0.014828621,-0.0013000479,-0.04749895,4996,4835,0
800358482,800358294,4259850,4325386,-0.00015756712,-0.00010034088,-0.0002968658,-0.02076436,-0.008670259,-0.03996607,5002,4837,0
800858242,800858130,4259850,4325386,0.00058750494,0.0018627475,-0.00037315456,-0.016537251,-0.032344796,-0.03489009,5001,4837,0
801358322,801357485,4259850,4325386,-0.002161783,6.0511456e-06,0.00046523768,-0.0022269012,-0.010562567,-0.05185533,4998,6055,0
801857318,801857081,4259850,4325386,0.0010119107,0.00032441507,0.00033020735,0.004968202,-0.042181972,-0.023456983,4999,4865,0
802357209,802356678,4259850,4325386,0.002619691,-0.00019986214,8.041281e-05,0.0031220408,0.01027861,-0.065500654,4998,5801,0
802856510,802856333,4259850,4325386,0.003116774,0.0029571573,0.00072815665,0.008634972,-0.009600882,-0.03915178,4997,4835,0
803356002,803355867,4259850,4325386,-0.0008894724,0.0011842255,0.00035696194,-0.013478606,-0.03348971,-0.038240887,4996,4834,0
803855582,803855464,4259850,4325386,-0.0017560826,0.00025090092,-0.00034150522,-0.013425656,-0.011518666,-0.053169347,4996,4837,0
804355175,804355060,4259850,4325386,3.403993e-05,0.00021534681,3.2780732e-05,-0.022032276,0.0068595707,-0.06676089,4988,4829,0
804859784,804859655,4259850,4325386,0.0037923853,-0.002433163,-1.6952485e-05,0.009690773,0.047738377,-0.06939099,4998,4834,0
805359496,805359383,4259850,4325386,0.0003083194,0.0009521311,0.00061603985,0.022867084,-0.02862214,-0.034194577,5002,4827,0
805858958,805858847,4259850,4325386,0.0022445237,-8.299239e-05,0.00017653512,-0.0047171293,-0.007500533,-0.033602323,4997,4828,0
806358550,806358442,4259850,4325386,0.00021435959,0.00028108226,0.0006483278,0.009687409,-0.021776536,-0.052928455,4996,4834,0
806858174,806858051,4259850,4325386,1.8308656e-05,-0.002030403,-0.000393267,-0.0015334476,0.05209691,-0.064923525,5009,5802,0
807357764,807357634,4259850,4325386,0.0006430317,0.00087187847,-0.0002788652,0.011685684,0.011335717,-0.058945544,4990,4830,0
807857550,807857438,4259850,4325386,-8.472771e-05,0.0003580361,-0.0005436377,-0.031207798,0.0022862195,-0.05772173,4987,4835,0
808356941,808356828,4259850,4325386,-0.00055213773,0.0003640893,-0.00020725325,-6.0780818e-05,0.030512355,-0.044507105,4998,4887,0
808856538,808856424,4259850,4325386,0.00134809,0.00016396504,-0.00025787475,0.0031390658,0.0448374,-0.059760977,4997,4836,0
809356153,809356023,4259850,4325386,-0.003445336,-0.0028701224,-0.00046141513,-0.0047515947,0.025969746,-0.058568466,4998,4836,0
809860758,809860642,4259850,4325386,0.00022098226,-0.00039587746,-5.498517e-06,0.0007642685,-0.032835945,-0.017695425,4995,4832,0
810355744,810355214,4259850,4325386,0.00019240771,-0.00071173836,0.00029372808,0.02506649,0.005590578,-0.058301024,4999,4836,0
810854925,810854807,4259850,4325386,-8.092734e-05,0.000504472,-0.00031913703,-0.01569218,-0.026076747,-0.037691742,4995,4830,0
811360372,811359402,4259850,4325386,-0.0028476922,-0.0007697992,-0.00070246554,-0.016310206,0.021523656,-0.0666763,4999,5002,0
811859120,811858996,4259850,4325386,0.0049557607,-0.0007401959,0.00030430182,-0.004265783,0.054786917,-0.06480331,4996,4990,0
812358947,812358757,4259850,4325386,-0.0027284059,0.0008033533,0.0002182259,-0.015437106,-0.043417666,-0.036936354,5058,4949,0
812858293,812858184,4259850,4325386,0.002458299,-0.004440007,0.0005324112,0.010349596,-0.043435737,-0.054628503,4958,4836,0
813357892,813357780,4259850,4325386,0.0008467811,0.0001125497,-0.00033896818,0.0013929916,-0.04946088,-0.036776796,4994,4991,0
813857491,813857381,4259850,4325386,-0.0045275353,-6.8599e-05,-0.00018972857,-0.007567679,-0.040937997,-0.023904335,5001,4838,0
814357084,814356971,4259850,4325386,0.0020949433,-0.0005251385,-0.0003292314,-0.0060786684,0.00949569,-0.04185139,4995,4834,0
814856866,814856753,4259850,4325386,-0.0029337914,-0.00061369094,-0.0007455472,0.0014121329,-0.02041845,-0.057863325,5001,4835,0
815356274,815356165,4259850,4325386,0.0012343761,0.00025961114,6.2833037e-06,0.02339501,0.0032249016,-0.05802527,4995,4835,0
815855931,815855758,4259850,4325386,-0.001215363,-0.004285109,0.00010788444,0.00409241,0.0059928806,-0.045032576,4997,5614,0
816360494,816360354,4259850,4325386,-0.0006083703,0.00041764003,0.00014048045,0.026701808,-0.031109229,-0.041453138,5002,4866,0
816855100,816854951,4259850,4325386,0.004644679,-0.0023975892,0.00033492065,-0.0068438766,-0.02744716,-0.045681562,4999,4836,0
817354679,817354548,4259850,4325386,-0.0024964057,0.00426178,0.00014263649,-0.006140233,0.033205662,-0.09233668,4998,5793,0
817854248,817854138,4259850,4325386,0.00082039327,0.0021057443,0.0003618713,0.01050597,0.001537847,-0.05518101,4996,4944,0
818358845,818358728,4259850,4325386,-0.0012488236,0.0028559768,-0.00043015872,-0.022710891,0.026669981,-0.05374763,4945,4837,0
818858477,818858324,4259850,4325386,-0.00041245535,0.0019194873,0.0004265306,0.02613271,0.043022987,-0.06626427,4996,4836,0
819358168,819358058,4259850,4325386,0.0020965647,-0.00019306489,0.00018543826,0.0108582955,0.036296237,-0.04668072,5046,4942,0
819857665,819857513,4259850,4325386,0.0021749018,0.0010423817,0.00029908936,0.0069644195,0.009189812,-0.021878134,4995,4837,0
820357943,820357112,4259850,4325386,0.0008461143,0.00013500664,7.336225e-05,0.004554371,0.009516865,-0.06100291,4991,4840,0
820857251,820856707,4259850,4325386,0.001681401,-0.00016026293,-5.5659035e-05,-0.015742172,0.013157999,-0.060667314,4998,4989,0
821356475,821356300,4259850,4325386,3.471738e-05,0.00041608937,0.00029853143,-0.0055630268,-0.054983843,-0.03482585,4996,5005,0
821856264,821856050,4259850,4325386,-0.003091313,0.0012516123,-0.00025147083,-0.0058582444,-0.021807233,-0.041407872,5003,4842,0
822355605,822355488,4259850,4325386,-0.00040409373,0.0001646897,0.00042805268,0.028230049,-0.010061611,-0.04467178,4996,4840,0
822855201,822855083,4259850,4325386,0.0006936039,-0.00048576354,8.282566e-06,-0.027729146,-0.018513948,-0.030546788,4999,4829,0
823359790,823359671,4259850,4325386,-0.002852524,-0.0001762163,-0.00040256538,-0.011490804,-0.0020835393,-0.06228375,4996,4913,0
823859386,823859272,4259850,4325386,0.0009026648,0.0009390597,0.00017451798,0.0014192389,0.008347528,-0.045806736,4997,4835,0
824354209,824354095,4259850,4325386,-0.0026835918,0.0028567372,0.00042036388,0.019869925,0.0046225367,-0.0319881,5005,4570,0
824858564,824858454,4259850,4325386,0.001859724,0.0001189835,0.00043421524,8.6773684e-07,0.010733586,-0.041501913,4997,4832,0
825358160,825358051,4259850,4325386,-0.0009078402,0.00037646096,-0.00010963219,-2.9515464e-05,-0.003727932,-0.051802855,4999,4833,0
825857788,825857669,4259850,4325386,-0.0012701112,0.0002620754,0.00021121789,0.021468535,0.02246501,-0.057395853,5023,5803,0
826357379,826357269,4259850,4325386,0.0011977378,-0.0021253324,0.00011272204,-0.019941686,-0.026120737,-0.052951872,4994,4833,0
826856969,826856831,4259850,4325386,-0.0001524722,-0.0005361488,-0.0005520169,0.014938455,0.0038072632,-0.05703864,4997,4836,0
827356543,827356430,4259850,4325386,0.00062217866,-0.0016570868,0.00029246593,-0.006902107,-0.056153372,-0.04282754,5002,4837,0
827856140,827856021,4259850,4325386,-0.0012853043,-0.0004887773,-0.00021396151,-0.017987097,0.028565723,-0.06554754,4993,4830,0
828355731,828355619,4259850,4325386,-0.0013793096,0.00017806167,-0.00020794515,-0.0011763035,0.02142176,-0.04217817,5003,4841,0
828855434,828855315,4259850,4325386,0.0022755675,0.0003966856,2.4361249e-05,0.011189317,-0.029329656,-0.059412587,4998,4835,0
829355031,829354803,4259850,4325386,-0.0018371543,0.00014898881,-0.00018270942,-0.006191759,-0.006147315,-0.055620033,4953,4835,0
829859513,829859395,4259850,4325386,0.0015546253,-0.00013318968,0.00021087426,0.002617038,-0.06292753,-0.020063976,4996,4834,0
830359096,830358984,4259850,4325386,0.0014243136,-0.0005584565,0.00014580238,-0.012659948,-0.031720478,-0.032988973,4996,4883,0
830858738,830858579,4259850,4325386,-0.0012710968,0.00016181546,-0.0006055871,-0.0026002964,0.012906604,-0.04304419,4996,4827,0
831353530,831353355,4259850,4325386,-0.00028928745,0.00033713278,-0.0005295493,0.029878573,0.0006807539,-0.054189224,4965,4834,0
831857873,831857764,4259850,4325386,-0.002835639,0.00010884297,-0.0004890708,-0.019181425,0.036659416,-0.058180638,4996,4833,0
832357475,832357358,4259850,4325386,0.0035463206,-0.00041062257,-0.00048005072,-0.014587946,0.04187022,-0.0494719,4996,4832,0
832857066,832856952,4259850,4325386,-0.003938853,0.0012446492,-0.00020494648,0.00046594732,-0.039178494,-0.042453002,4997,4855,0
833356659,833356546,4259850,4325386,0.0042105624,5.584294e-05,0.00035045305,0.014587658,-0.044162482,-0.055785134,4997,4834,0
833856503,833856391,4259850,4325386,-0.0009823608,-0.00052060286,1.2840501e-05,0.00073403504,-0.028143119,-0.044379823,5005,4835,0
834355849,834355731,4259850,4325386,0.0001339081,-0.004077637,-0.00040004752,0.0015255593,0.05473416,-0.07110863,4989,4835,0
834855437,834855325,4259850,4325386,-0.004021544,-0.0019034885,-0.00042410375,0.002118287,0.037723694,-0.04763015,4997,4836,0
835355039,835354919,4259850,4325386,-0.0017057903,4.8374546e-05,-1.23373575e-05,0.013485531,0.007248109,-0.059426457,4997,4652,0
835854737,835854565,4259850,4325386,-0.0018488897,0.002424071,-0.00069074007,-0.014315969,-0.0038194824,-0.052970517,4950,4620,0
836359240,836359100,4259850,4325386,0.00034890624,-0.00095748034,-0.00012773159,0.027917486,0.024354888,-0.045659006,4992,4833,0
836858814,836858693,4259850,4325386,0.00045400267,0.0036145824,-0.000108877706,0.0119206915,-0.0139052,-0.03016311,4996,4832,0
837358407,837358288,4259850,4325386,-0.000985023,0.0017761928,-0.00050444464,-0.01547684,0.013133479,-0.059319828,4998,4790,0
837858062,837857880,4259850,4325386,-0.003914485,-0.0019011695,-0.00021977251,-0.008655592,-0.02255337,-0.048172075,4997,5796,0
838358025,838357608,4259850,4325386,-0.0007372812,6.9141715e-05,-9.8221644e-05,-0.0009986699,-0.044905838,-0.06997287,4987,5806,0
838857268,838857066,4259850,4325386,0.0014782691,0.0029501254,6.609607e-05,-0.0062509826,0.002363018,-0.08735123,4995,5814,0
839357433,839356662,4259850,4325386,0.00093451404,-0.000944783,-0.00017298308,-0.014286762,-0.03780677,-0.06958355,4999,5799,0
839856668,839856254,4259850,4325386,0.00073805894,-0.0010654791,-0.00054364966,-0.0066842935,0.023205446,-0.05567228,4999,5800,0
840356045,840355845,4259850,4325386,0.00041847466,-0.0010780251,0.0003083924,-0.028858498,-0.04347201,-0.05306297,4996,4834,0
840855810,840855633,4259850,4325386,-0.002955913,-0.0011632869,0.00019947856,-0.008035397,-0.04772184,-0.0466441,5000,4835,0
841360196,841360024,4259850,4325386,0.00044596312,0.00033690137,-0.0005330163,3.1631993e-05,0.03647537,-0.054241013,4994,5797,0
841854741,841854621,4259850,4325386,0.001185566,-0.0003091889,0.00021578795,-0.0020081033,0.006834476,-0.04999251,4993,4834,0
842354328,842354216,4259850,4325386,0.0037838449,-0.0006956054,0.000724613,-0.0026305467,0.00085204485,-0.055852484,4997,4835,0
842858928,842858809,4259850,4325386,-0.0010276693,-0.0018673368,0.00013106546,0.013677641,0.014321812,-0.044401944,4993,4834,0
843358524,843358394,4259850,4325386,-0.0006849808,0.0028989485,0.00049159414,-0.00047613817,-0.0083019035,-0.041992664,4996,4843,0
843858095,843857987,4259850,4325386,0.0018916136,-0.004286692,0.00029583072,0.0038460477,0.0030753054,-0.04897387,4990,4834,0
844357690,844357580,4259850,4325386,-0.003202431,0.0019122551,-0.0003294954,-0.018830048,0.028920883,-0.04673373,4997,4841,0
844857281,844857172,4259850,4325386,0.0027001782,-0.0015660098,4.0853538e-05,-0.0047840606,-0.025692472,-0.043090478,4995,4644,0
845356953,845356841,4259850,4325386,-0.004259155,-0.0014603249,2.1254442e-05,-0.0059794784,-0.030345675,-0.031033367,4957,4681,0
845856533,845856357,4259850,4325386,0.0018859835,0.0003143415,-2.429658e-05,-0.0025516783,-0.010350651,-0.06430645,4997,5820,0
846356076,846355949,4259850,4325386,0.0009315322,-0.00065432885,-0.00025049114,-0.01289342,-0.011806383,-0.05500561,4996,4834,0
846855657,846855541,4259850,4325386,-0.0026708764,-0.0010523148,0.0002877174,-0.010862224,-0.02979089,-0.03441963,4996,4837,0
847360244,847360133,4259850,4325386,0.0004776405,0.00035506862,9.655386e-05,0.023135792,0.021169774,-0.040771462,4997,4831,0
847860018,847859865,4259850,4325386,0.00082772196,5.9212765e-05,0.00025159537,-0.0017918389,-0.03122746,-0.029181462,4991,4945,0
848359423,848359313,4259850,4325386,-0.00010147173,3.581025e-05,-6.595873e-05,-0.002711213,-0.0011667429,-0.047000714,4994,4832,0
848854210,848853913,4259850,4325386,0.00036723347,-0.00063034025,4.772565e-05,0.014247007,0.01586552,-0.04145385,4977,4833,0
849354661,849353512,4259850,4325386,-0.0004128399,0.00012297362,7.341258e-05,-0.00719474,-0.029596586,-0.0462211,5006,4934,0
849858319,849858100,4259850,4325386,-4.9751934e-06,-0.00015711672,2.5390491e-05,0.0056412695,0.0004607594,-0.043896273,5004,5000,0
850358067,850357892,4259850,4325386,-5.6592195e-05,-0.00013444187,2.9541323e-05,0.0015394293,-0.0055238963,-0.044250473,4999,4834,0
850857383,850857274,4259850,4325386,4.6359587e-06,-3.6694317e-05,-9.374016e-05,0.0067746458,-0.0023135461,-0.043197982,4997,4834,0
851356981,851356865,4259850,4325386,-3.409816e-05,-0.0001712887,3.6325382e-05,0.0013622431,-0.0031217707,-0.050874155,4996,4834,0
851856572,851856457,4259850,4325386,-1.1493282e-05,-7.355917e-05,-3.2231885e-05,0.0021046023,-0.004630662,-0.051458925,4977,4834,0
852356284,852356093,4259850,4325386,-4.961159e-05,4.2519656e-05,3.1428408e-05,0.00067114236,-0.004703316,-0.06276741,5030,5870,0
852855771,852855640,4259850,4325386,-7.420597e-05,0.00013117063,3.5163994e-05,-0.0024068486,-0.0018058051,-0.052323245,4998,4834,0
853355385,853355232,4259850,4325386,2.100191e-05,0.0002093693,-2.3626428e-06,-0.0007844829,0.000118190124,-0.053363293,4996,5748,0
853854933,853854824,4259850,4325386,-5.2065065e-05,0.00022182241,1.1594652e-05,-0.00071180315,0.0004928891,-0.044280086,4977,4834,0
854359531,854359411,4259850,4325386,7.938958e-06,-0.00023526225,3.1980496e-06,0.005149521,0.0009112666,-0.047678422,4994,4807,0
854859190,854859079,4259850,4325386,-2.7131236e-05,-0.00016198475,8.510405e-05,0.0013489411,-0.0030628152,-0.0520191,4991,4833,0
855353755,855353604,4259850,4325386,0.00021692278,-0.00018366986,4.2779055e-05,0.0025713402,0.00023245736,-0.058014832,5001,5788,0
855853300,855853191,4259850,4325386,3.981772e-06,9.5218303e-07,2.8519604e-05,0.0010242672,-0.00023428617,-0.047402874,4997,4835,0
856357888,856357778,4259850,4325386,-1.3126834e-05,1.7695633e-05,7.9986563e-07,0.00096633873,-7.915817e-05,-0.04751159,4976,4838,0
856857544,856857371,4259850,4325386,9.54096e-06,-1.809734e-05,-1.4132656e-05,0.0013686168,-0.00040103577,-0.056986056,4996,5815,0
857357269,857357116,4259850,4325386,-1.0330716e-06,1.1429178e-05,-2.0643718e-06,0.00093219156,-0.00013372392,-0.04745673,5013,4837,0
857856809,857856556,4259850,4325386,4.052495e-06,1.3032365e-05,8.694438e-06,0.0009496607,-0.00014304559,-0.047466084,5000,4836,0
858356415,858356146,4259850,4325386,-4.9360583e-06,1.9934384e-06,-1.4685045e-05,0.0009212085,-0.00010825607,-0.048056778,4999,4893,0
858860846,858860731,4259850,4325386,-2.2447817e-05,2.2667009e-05,-1.548465e-05,0.0010325835,-0.0002870095,-0.048931707,4981,4990,0
859355512,859355327,4259850,4325386,-6.8980494e-06,-2.768598e-05,-6.7642304e-06,0.0010022167,-0.00024647627,-0.047470275,4996,4835,0
859855308,859855128,4259850,4325386,-2.2569455e-05,2.9354185e-06,2.0998863e-09,0.0008184919,-0.00014505206,-0.04528622,4954,4623,0
860354625,860354509,4259850,4325386,1.2344469e-05,7.91833e-06,6.1337764e-06,0.0009765396,-0.00025011256,-0.04748334,4997,4836,0
860859209,860859096,4259850,4325386,-2.2573924e-05,-2.2603748e-05,2.6517657e-05,0.001131262,-0.0002996785,-0.047568545,4967,4833,0
861358817,861358695,4259850,4325386,-2.0312596e-05,1.1781219e-05,2.7280503e-06,0.0009452087,-0.00024447302,-0.047555838,5003,4834,0
