timestamp,rollspeed_integ,pitchspeed_integ,yawspeed_integ,additional_integ1
615357167,0.0,0.0,0.0,0.0
615358427,0.0,0.0,0.0,0.0
615558380,0.0,0.0,0.0,0.0
615757101,0.0,0.0,0.0,0.0
615960808,0.0,0.0,0.0,0.0
616159574,0.0,0.0,0.0,0.0
616359492,0.0,0.0,0.0,0.0
616559468,0.0,0.0,0.0,0.0
616758171,0.0,0.0,0.0,0.0
616958142,0.0,0.0,0.0,0.0
617156853,0.0025731325,-7.205017e-05,0.00015980036,0.0
617360566,0.014149241,0.008496744,-0.0013775186,0.0
617559335,0.030178193,0.024006618,-0.0062367073,0.0
617759248,0.043303948,0.036305904,-0.012520683,0.0
617959217,0.050975632,0.043667864,-0.018510325,0.0
618157924,0.058011588,0.050759293,-0.024243848,0.0
618357896,0.06399796,0.05542136,-0.029364645,0.0
618557862,0.06612682,0.05921589,-0.033889044,0.0
618760325,0.07009141,0.06236101,-0.03806944,0.0
618960301,0.075129785,0.06474365,-0.041845266,0.0
619159009,0.07855447,0.06732715,-0.044416312,0.0
619358982,0.081606224,0.06817327,-0.04536028,0.0
619558940,0.08292177,0.06932974,-0.043771423,0.0
619757663,0.06608931,0.055893604,-0.0356677,0.0
619957618,0.0620458,0.058342017,-0.02751412,0.0
620160079,0.06405772,0.051638722,-0.02536162,0.0
620360047,0.065811865,0.055180162,-0.026858842,0.0
620560018,0.06944715,0.055330195,-0.030191727,0.0
620758726,0.07322078,0.06075738,-0.03423808,0.0
620958693,0.07031449,0.068359986,-0.038546704,0.0
621157407,0.07295176,0.0708958,-0.042260233,0.0
621357372,0.082829975,0.06796559,-0.04548574,0.0
621557342,0.085573,0.07226991,-0.048717756,0.0
621759796,0.07781813,0.06836015,-0.051213257,0.0
621959783,0.073772214,0.06659191,-0.052855305,0.0
622158498,0.0856361,0.071353,-0.054649897,0.0
622358443,0.08337465,0.07533775,-0.056345187,0.0
622558415,0.08309476,0.071860455,-0.05818029,0.0
622757129,0.07986089,0.06705318,-0.059026837,0.0
622957091,0.083529904,0.07339878,-0.06047935,0.0
623159568,0.08292206,0.07234554,-0.061502118,0.0
623359524,0.08821551,0.0782293,-0.062636904,0.0
623559487,0.09177234,0.080209464,-0.06327607,0.0
623758206,0.087832786,0.07626104,-0.064113244,0.0
623958169,0.084746584,0.075695656,-0.06511986,0.0
624158143,0.083437376,0.07503091,-0.066268,0.0
624358100,0.08264932,0.07408707,-0.067045495,0.0
624558115,0.082803085,0.073224366,-0.06771754,0.0
624759279,0.083550386,0.0720953,-0.06784385,0.0
624959239,0.083805226,0.070894524,-0.06794112,0.0
625157957,0.08349524,0.07154034,-0.06877356,0.0
625357921,0.084254235,0.07199025,-0.069267295,0.0
625557891,0.08302828,0.07024948,-0.06937324,0.0
625757857,0.08220193,0.06686319,-0.06956273,0.0
625957828,0.08220219,0.07185872,-0.07019713,0.0
626159034,0.08324986,0.07754822,-0.07135228,0.0
626358995,0.0833396,0.069423325,-0.07244639,0.0
626558974,0.08397533,0.06974842,-0.07367901,0.0
626757676,0.08001838,0.06901021,-0.0757514,0.0
626957645,0.079928614,0.07510319,-0.076954156,0.0
627160104,0.08901421,0.073815286,-0.07703011,0.0
627360071,0.08799599,0.07406142,-0.07668157,0.0
627558784,0.080815315,0.071596935,-0.07622912,0.0
627758776,0.077891015,0.06603656,-0.07557509,0.0
627958714,0.08285296,0.0685535,-0.07501655,0.0
628157442,0.080312945,0.06644948,-0.07413383,0.0
628357394,0.08187549,0.07477941,-0.07324844,0.0
628559870,0.082312115,0.07503256,-0.07172813,0.0
628759827,0.084779724,0.071823165,-0.07089602,0.0
628959820,0.08252478,0.06991275,-0.07054713,0.0
629158551,0.0749996,0.05917043,-0.06972641,0.0
629358480,0.07169976,0.063987866,-0.069398925,0.0
629558448,0.075042546,0.06620735,-0.069458604,0.0
629757163,0.08209546,0.073324285,-0.06981436,0.0
629960863,0.087759584,0.07261988,-0.06999717,0.0
630159575,0.082710326,0.07485689,-0.07035758,0.0
630359545,0.08255241,0.07566452,-0.071325205,0.0
630559526,0.07578576,0.072605826,-0.07226552,0.0
630758225,0.07604719,0.06695501,-0.0727228,0.0
630958186,0.08632026,0.06677896,-0.07316869,0.0
631156918,0.08473797,0.07581263,-0.07326109,0.0
631360617,0.08331472,0.06909877,-0.0725292,0.0
631559331,0.08197698,0.06937978,-0.07194107,0.0
631759295,0.082839005,0.06811728,-0.07206922,0.0
631959260,0.08073471,0.07189867,-0.07230766,0.0
632157971,0.08115358,0.07043093,-0.07240826,0.0
632357944,0.08152234,0.07120107,-0.07260862,0.0
632557914,0.08132798,0.07091013,-0.07254253,0.0
632760368,0.080941096,0.07075848,-0.072429314,0.0
632960333,0.07967871,0.070797846,-0.07195265,0.0
633159046,0.080798075,0.07260622,-0.070561334,0.0
633359012,0.085227735,0.07366526,-0.06625609,0.0
633558975,0.07679252,0.07074954,-0.058434978,0.0
633757698,0.07455704,0.06827102,-0.052069195,0.0
633957664,0.07829143,0.07260873,-0.04688673,0.0
634160122,0.08098417,0.073832996,-0.04174522,0.0
634360086,0.076727316,0.07349376,-0.0380184,0.0
634558795,0.07421206,0.06743722,-0.03480067,0.0
634758768,0.07669667,0.064691536,-0.03233406,0.0
634958741,0.081219204,0.07250345,-0.031420413,0.0
635157444,0.079296626,0.07265539,-0.030603962,0.0
635357407,0.078034304,0.07037036,-0.027546639,0.0
635559916,0.07709039,0.06880643,-0.024697835,0.0
635759842,0.077438414,0.06840933,-0.02309672,0.0
635959811,0.074197195,0.069997914,-0.021835739,0.0
636158510,0.070301265,0.06316966,-0.020886803,0.0
636358474,0.07768076,0.06802993,-0.021850493,0.0
636558455,0.07589747,0.06671488,-0.022752242,0.0
636757158,0.07389759,0.06655052,-0.02375706,0.0
636960873,0.078618065,0.06753748,-0.024524555,0.0
637159587,0.07350236,0.06805658,-0.024919908,0.0
637359567,0.07370782,0.069962345,-0.025253398,0.0
637559516,0.071851365,0.06430442,-0.025185024,0.0
637758263,0.07344865,0.06478983,-0.025655497,0.0
637958188,0.07409798,0.06645622,-0.026842328,0.0
638156907,0.07310065,0.06694067,-0.02824185,0.0
638360622,0.0747743,0.068855025,-0.029699348,0.0
638559351,0.076844685,0.07213065,-0.030632181,0.0
638759305,0.07485839,0.069286406,-0.030351682,0.0
638959279,0.07598955,0.073141634,-0.029591324,0.0
639157976,0.07093297,0.06890021,-0.027900828,0.0
639357945,0.06908291,0.06392233,-0.027262092,0.0
639557924,0.07032998,0.06880804,-0.027308093,0.0
639760370,0.07191598,0.071212746,-0.027584583,0.0
639960335,0.06348912,0.077166334,-0.019958207,0.0
640159050,0.051903345,0.067395486,-0.019958207,0.0
640359024,0.042787958,0.05739077,-0.010818815,0.0
640558984,0.04656203,0.054903455,-0.007242264,0.0
640757683,0.0525212,0.05754087,-0.009372534,0.0
640957651,0.059504583,0.063506015,-0.014441935,0.0
641160117,0.0628204,0.06284355,-0.020279951,0.0
641360086,0.067748815,0.06700863,-0.025965778,0.0
641558796,0.07187296,0.06980969,-0.031092066,0.0
641758770,0.074147776,0.07321657,-0.035500437,0.0
641958724,0.07293779,0.06481314,-0.03871478,0.0
642157434,0.07231259,0.063496426,-0.041231476,0.0
642357401,0.079003505,0.07471099,-0.04385822,0.0
642557377,0.080702625,0.07335279,-0.04600448,0.0
642759825,0.08211433,0.071992405,-0.048103742,0.0
642959792,0.070682086,0.07329957,-0.049931966,0.0
643158505,0.08190517,0.07061655,-0.051742695,0.0
643358505,0.0801443,0.07058542,-0.053367004,0.0
643558436,0.07902259,0.072480306,-0.055495996,0.0
643757147,0.08266148,0.07143404,-0.057661936,0.0
643960856,0.07763644,0.06631955,-0.058814447,0.0
644159574,0.0768428,0.06535132,-0.05998362,0.0
644359540,0.08318228,0.07141313,-0.06236781,0.0
644558247,0.08349226,0.07295861,-0.06409477,0.0
644758215,0.07937439,0.0704983,-0.064740166,0.0
644958183,0.08123125,0.07206385,-0.065725364,0.0
645156895,0.08069841,0.07438146,-0.066787645,0.0
645360620,0.08099554,0.07339367,-0.067644976,0.0
645559345,0.08104872,0.07289094,-0.06832354,0.0
645759285,0.080606006,0.0719565,-0.06873981,0.0
645959245,0.081343345,0.07265893,-0.06898789,0.0
646157982,0.08133629,0.07326263,-0.06937048,0.0
646357965,0.08168171,0.072840706,-0.06947172,0.0
646557882,0.08186272,0.072801635,-0.06978569,0.0
646760345,0.08139216,0.07222439,-0.07007135,0.0
646960313,0.080163404,0.07074934,-0.07025264,0.0
647159031,0.08217021,0.071698286,-0.07059611,0.0
647358985,0.08277371,0.07218851,-0.070973866,0.0
647558983,0.08367214,0.073093854,-0.071370594,0.0
647757660,0.08368176,0.07356437,-0.07172292,0.0
647957688,0.08207494,0.07267587,-0.07198709,0.0
648160089,0.08453368,0.07246949,-0.07215676,0.0
648360055,0.083653234,0.072320454,-0.07197043,0.0
648560023,0.08323303,0.07178021,-0.07171368,0.0
648758725,0.08296545,0.07121486,-0.07140746,0.0
648958690,0.08470089,0.07113017,-0.07115453,0.0
649157406,0.08340806,0.071631774,-0.071053624,0.0
649357383,0.08131461,0.07022029,-0.070872515,0.0
649557331,0.08246021,0.07083827,-0.07087207,0.0
649759791,0.08294697,0.072359554,-0.071227625,0.0
649959761,0.07772504,0.071845986,-0.07135479,0.0
650158476,0.07961124,0.07224504,-0.071502216,0.0
650358444,0.089615665,0.07354347,-0.07164947,0.0
650558420,0.089938745,0.07308488,-0.07152731,0.0
650758365,0.08455388,0.07396998,-0.07169347,0.0
650957069,0.07597895,0.072009735,-0.07166018,0.0
651159571,0.07562535,0.072243415,-0.07173193,0.0
651359490,0.086711995,0.077855,-0.07147126,0.0
651559469,0.08870932,0.06960062,-0.070984505,0.0
651758173,0.08748733,0.06935344,-0.07072912,0.0
651958143,0.08387973,0.07756182,-0.07111999,0.0
652156844,0.08357954,0.07134678,-0.071371175,0.0
652356846,0.086801484,0.06789194,-0.07150309,0.0
652559275,0.08439953,0.076938145,-0.0718194,0.0
652759238,0.08415501,0.0735383,-0.071940325,0.0
652959193,0.08310814,0.07202141,-0.07189932,0.0
653157939,0.08242745,0.07706325,-0.071918756,0.0
653357873,0.084423125,0.06710744,-0.07162503,0.0
653557837,0.08299493,0.06674513,-0.07132788,0.0
653757801,0.083063416,0.07283887,-0.07123778,0.0
653957772,0.083667964,0.07172927,-0.07087749,0.0
654159015,0.082960404,0.07172285,-0.070781164,0.0
654358930,0.08314422,0.0717105,-0.07075876,0.0
654558890,0.08290193,0.0736129,-0.07080675,0.0
654757616,0.08394222,0.06849733,-0.070613526,0.0
654957574,0.08572201,0.070793144,-0.070257254,0.0
655157535,0.08607612,0.07084748,-0.070206515,0.0
655357501,0.08396719,0.06885204,-0.07018535,0.0
655557459,0.083601326,0.06840593,-0.07008492,0.0
655758667,0.08190961,0.07150892,-0.07002425,0.0
655958625,0.08224388,0.0696873,-0.07000658,0.0
656157353,0.08153109,0.0709343,-0.0700626,0.0
656357318,0.08069737,0.070436366,-0.069930606,0.0
656557277,0.08037058,0.070697114,-0.06989165,0.0
656759729,0.0804854,0.06996853,-0.06988535,0.0
656959683,0.081627905,0.068858474,-0.06975961,0.0
657158400,0.08279665,0.06967665,-0.06987182,0.0
657358367,0.08339553,0.07003577,-0.06996618,0.0
657558322,0.08391545,0.068897694,-0.06974299,0.0
657757043,0.081446536,0.06729934,-0.06935362,0.0
657960759,0.08140754,0.06805004,-0.068843566,0.0
658159454,0.08165352,0.066434264,-0.06840581,0.0
658359416,0.082718454,0.06731031,-0.06796679,0.0
658559394,0.08152421,0.06669503,-0.06743999,0.0
658758094,0.08073792,0.06794903,-0.0671286,0.0
658958057,0.08064723,0.06783236,-0.06703081,0.0
659158023,0.07944914,0.068508096,-0.06702156,0.0
659360485,0.08083256,0.07048156,-0.06734997,0.0
659560458,0.08187626,0.0727523,-0.06785929,0.0
659759151,0.08226288,0.07217123,-0.06815753,0.0
659959110,0.08223443,0.07240685,-0.06843771,0.0
660157828,0.083825745,0.07188644,-0.06858531,0.0
660357796,0.08489909,0.07059753,-0.068703555,0.0
660557750,0.08467109,0.0700172,-0.06880189,0.0
660760215,0.08541225,0.0711052,-0.068879694,0.0
660960177,0.0849768,0.07091979,-0.068879426,0.0
661158885,0.08110036,0.0698794,-0.06850199,0.0
661358842,0.08259108,0.070946455,-0.06871018,0.0
661558803,0.08169149,0.07042014,-0.06888982,0.0
661757518,0.08350315,0.072579,-0.069442734,0.0
661957491,0.083636686,0.06952924,-0.069221176,0.0
662157454,0.077439964,0.06929958,-0.06878776,0.0
662359903,0.083651856,0.07225241,-0.06934954,0.0
662559862,0.08517205,0.07204673,-0.06958933,0.0
662758570,0.08851235,0.071811646,-0.06985318,0.0
662958530,0.08189792,0.06972016,-0.07014356,0.0
663158499,0.08225974,0.06908618,-0.07056295,0.0
663357209,0.08277749,0.069684066,-0.07087243,0.0
663560928,0.083277024,0.06939165,-0.071040526,0.0
663759682,0.08426989,0.071051456,-0.07118809,0.0
663959588,0.08392432,0.07225607,-0.07143539,0.0
664158296,0.085469306,0.07265407,-0.071900286,0.0
664358277,0.08316788,0.0724521,-0.072216034,0.0
664558219,0.08893852,0.07342114,-0.07264723,0.0
664756999,0.08521712,0.07317206,-0.07276783,0.0
664960652,0.08478502,0.07246436,-0.072893605,0.0
665159354,0.08295485,0.07311966,-0.07301607,0.0
665359344,0.08180486,0.07299014,-0.07319172,0.0
665559283,0.084421724,0.073116235,-0.07337931,0.0
665757994,0.08445573,0.0719223,-0.073494494,0.0
665957950,0.08455236,0.07003369,-0.07350738,0.0
666157913,0.08116178,0.06882223,-0.07321069,0.0
666360374,0.085818954,0.070964694,-0.07360714,0.0
666560355,0.08375853,0.07053448,-0.0738056,0.0
666759044,0.08374759,0.0713886,-0.0741877,0.0
666959005,0.08251499,0.071117304,-0.07452399,0.0
667158979,0.08220453,0.0708179,-0.07492582,0.0
667357667,0.08368068,0.0702223,-0.07532064,0.0
667557634,0.084039845,0.07105785,-0.07570269,0.0
667760098,0.08490619,0.071635835,-0.07619062,0.0
667960059,0.08538323,0.07032423,-0.0767031,0.0
668160018,0.084731355,0.069298685,-0.07707814,0.0
668358726,0.08100657,0.069187865,-0.07740817,0.0
668558690,0.0839725,0.07034317,-0.078163065,0.0
668757397,0.08409434,0.06918425,-0.07878869,0.0
668957353,0.08591971,0.07171738,-0.0795542,0.0
669157321,0.087052464,0.073524505,-0.08026731,0.0
669359779,0.088587284,0.074360594,-0.080960825,0.0
669559747,0.09051543,0.07622878,-0.081692204,0.0
669758494,0.0867773,0.075939365,-0.0821238,0.0
669958405,0.0864603,0.075942226,-0.0824064,0.0
670158365,0.08661082,0.07480389,-0.08258487,0.0
670357094,0.08609872,0.0750378,-0.08271697,0.0
670560796,0.087792285,0.07567667,-0.082992725,0.0
670759493,0.0833916,0.07510077,-0.08327998,0.0
670959454,0.08668526,0.07646289,-0.08373519,0.0
671159422,0.0855858,0.07492292,-0.08394291,0.0
671358133,0.08557757,0.07730234,-0.08419763,0.0
671558084,0.08561265,0.07290532,-0.08408137,0.0
671756798,0.0857888,0.06940898,-0.083801456,0.0
671960553,0.08622843,0.072324835,-0.08348598,0.0
672160469,0.08755514,0.07383209,-0.08289623,0.0
672359223,0.086478695,0.07207513,-0.081893064,0.0
672559134,0.08839569,0.072248496,-0.08089082,0.0
672757847,0.08828656,0.07439622,-0.07987385,0.0
672957806,0.08646809,0.07281089,-0.07878964,0.0
673157775,0.0858609,0.07145934,-0.0778441,0.0
673360228,0.0843608,0.074238904,-0.077098444,0.0
673560185,0.0831616,0.06830781,-0.0761636,0.0
673758894,0.08139191,0.06885881,-0.07522542,0.0
673958852,0.08181907,0.07442793,-0.07405778,0.0
674158815,0.081681,0.06528186,-0.07227213,0.0
674357519,0.08257559,0.07353074,-0.07083296,0.0
674557484,0.08443618,0.06506963,-0.06910435,0.0
674757450,0.0834783,0.06628299,-0.067564964,0.0
674959905,0.08471847,0.07270133,-0.066729635,0.0
675159865,0.08436808,0.07475072,-0.06633242,0.0
675358574,0.08507395,0.0739156,-0.06601624,0.0
675558551,0.084453814,0.06466527,-0.06513951,0.0
675758496,0.08421605,0.07527824,-0.0650213,0.0
675958485,0.08265838,0.06351169,-0.064828604,0.0
676158415,0.08325467,0.068983935,-0.06487835,0.0
676359626,0.07794506,0.06804881,-0.06508701,0.0
676559574,0.083725646,0.0676749,-0.06536333,0.0
676758286,0.08191839,0.07357331,-0.06601361,0.0
676958248,0.0797143,0.07877357,-0.06698124,0.0
677158204,0.081035696,0.071576364,-0.06783558,0.0
677356916,0.08134205,0.06993608,-0.068746485,0.0
677558126,0.075487554,0.06926636,-0.06932931,0.0
677758094,0.0867371,0.07034748,-0.069784164,0.0
677959283,0.08386607,0.07314621,-0.07003442,0.0
678159244,0.07631059,0.069945194,-0.07017911,0.0
678357968,0.08014492,0.06949596,-0.07032417,0.0
678557924,0.08161335,0.07121491,-0.07042649,0.0
678757880,0.07908794,0.07243437,-0.07063433,0.0
678957892,0.0846908,0.06999463,-0.07096195,0.0
679160294,0.084200785,0.06921954,-0.07138349,0.0
679357763,0.078235455,0.069262266,-0.07163216,0.0
679558961,0.08334533,0.07982102,-0.07214841,0.0
679758921,0.08543809,0.07673053,-0.072225206,0.0
679957630,0.07974097,0.06750487,-0.07185433,0.0
680157591,0.078433655,0.06854659,-0.07203489,0.0
680357583,0.08832507,0.07251316,-0.07226748,0.0
680557508,0.087578155,0.07302098,-0.072262436,0.0
680757463,0.07923903,0.07673274,-0.07312562,0.0
680958694,0.079002194,0.069275305,-0.07384425,0.0
681158624,0.083562106,0.07431056,-0.07447501,0.0
681357380,0.085322164,0.06836268,-0.074707896,0.0
681557300,0.08266072,0.07829041,-0.07493287,0.0
681759748,0.085259594,0.077465326,-0.07514681,0.0
681959707,0.082462996,0.07460338,-0.074415475,0.0
682157180,0.083653286,0.07353225,-0.0734914,0.0
682358381,0.08285355,0.06966886,-0.07230857,0.0
682558331,0.080806166,0.07394767,-0.071711004,0.0
682758288,0.08024257,0.07284052,-0.07119614,0.0
682957011,0.08049953,0.07799582,-0.0710378,0.0
683160712,0.079363346,0.06818273,-0.07085479,0.0
683359413,0.07895577,0.07194129,-0.0710041,0.0
683559367,0.078820385,0.07270188,-0.07106773,0.0
683759326,0.07886617,0.07165922,-0.07094968,0.0
683958052,0.078146435,0.07190149,-0.07101231,0.0
684158007,0.08560131,0.071445145,-0.07112254,0.0
684357971,0.07784269,0.0705127,-0.07093967,0.0
684560420,0.079955705,0.07049989,-0.07072844,0.0
684760370,0.08177804,0.071092226,-0.0702121,0.0
684959075,0.077483095,0.069645,-0.069383055,0.0
685159040,0.07915284,0.069796234,-0.06875215,0.0
685358996,0.07495964,0.06950027,-0.068098806,0.0
685557702,0.085859135,0.07103296,-0.06765808,0.0
685757659,0.08364726,0.06958025,-0.06739447,0.0
685960119,0.07703172,0.06912028,-0.06735577,0.0
686160077,0.0799321,0.06979152,-0.067518264,0.0
686360040,0.08417629,0.07030187,-0.06766379,0.0
686558742,0.08136641,0.07054678,-0.06803991,0.0
686758695,0.08651616,0.070324786,-0.06844825,0.0
686957409,0.08308701,0.06999375,-0.06875784,0.0
687157366,0.08923935,0.07009315,-0.06907013,0.0
687359820,0.086443424,0.06974286,-0.06955359,0.0
687559782,0.08518449,0.06959868,-0.07030619,0.0
687759742,0.08655314,0.07003594,-0.071305074,0.0
687958444,0.088042825,0.07102836,-0.072586745,0.0
688158396,0.08705557,0.07211738,-0.07381647,0.0
688358353,0.089389265,0.07322001,-0.07527815,0.0
688557067,0.08803466,0.07683468,-0.07635075,0.0
688757024,0.089398324,0.080293305,-0.07678835,0.0
688959512,0.08409217,0.069691174,-0.074551016,0.0
689159436,0.0853404,0.06752473,-0.072249725,0.0
689359394,0.08374689,0.07164049,-0.071597666,0.0
689558163,0.08915804,0.07982651,-0.072307125,0.0
689758057,0.08387008,0.07891429,-0.073234074,0.0
689958019,0.08415376,0.082124725,-0.0718934,0.0
690160473,0.079136185,0.07777447,-0.06612663,0.0
690360444,0.07989449,0.07200143,-0.061071347,0.0
690559147,0.07740067,0.06626133,-0.05896787,0.0
690759186,0.07505554,0.06797978,-0.059166964,0.0
690957799,0.07563315,0.07264625,-0.06069443,0.0
691157767,0.081766464,0.07965951,-0.062407702,0.0
691357729,0.09058815,0.077507734,-0.06385742,0.0
691560180,0.09112883,0.07721071,-0.06559448,0.0
691760133,0.08147562,0.073936865,-0.06739704,0.0
691958838,0.085183695,0.0760025,-0.06934871,0.0
692158800,0.09119682,0.07030158,-0.07078125,0.0
692358761,0.08953642,0.06900145,-0.07164451,0.0
692557452,0.084529616,0.07672906,-0.0724388,0.0
692757411,0.08328744,0.07759223,-0.07312733,0.0
692957382,0.09194229,0.07672761,-0.07359275,0.0
693159826,0.08820779,0.06696336,-0.07355732,0.0
693359797,0.08835411,0.07067808,-0.07367643,0.0
693558489,0.09052939,0.080403976,-0.07385482,0.0
693758450,0.08934584,0.07069801,-0.07352007,0.0
693958411,0.09005001,0.06992828,-0.07311139,0.0
694157116,0.08951401,0.07488823,-0.07273705,0.0
694360820,0.08886539,0.071114704,-0.07213731,0.0
694559530,0.08635333,0.07160367,-0.071301505,0.0
694759485,0.086475216,0.07326121,-0.070618466,0.0
694959452,0.08515964,0.0717277,-0.069938295,0.0
695159404,0.08145857,0.07018864,-0.069313966,0.0
695359358,0.09097149,0.07245263,-0.06880676,0.0
695556807,0.08844524,0.07142865,-0.06817412,0.0
695760506,0.081167206,0.07087216,-0.06766023,0.0
695960476,0.084499225,0.071229026,-0.06725286,0.0
696159184,0.08625348,0.0719958,-0.06687979,0.0
696359131,0.08653883,0.072410434,-0.0666358,0.0
696559094,0.0863241,0.07184189,-0.066435136,0.0
696759062,0.085698396,0.0718172,-0.06637721,0.0
696959039,0.08403016,0.07209163,-0.06628691,0.0
697160199,0.085216716,0.07225569,-0.06626732,0.0
697360169,0.08605336,0.07187449,-0.06640316,0.0
697558906,0.08422254,0.07218295,-0.06667346,0.0
697758839,0.084862664,0.07193272,-0.067185305,0.0
697958807,0.08396978,0.071755774,-0.06778913,0.0
698157484,0.08416293,0.071522385,-0.06842649,0.0
698357444,0.083702646,0.07153344,-0.068899885,0.0
698557410,0.0854648,0.07269854,-0.069486246,0.0
698759854,0.08381124,0.07294351,-0.069923975,0.0
698959849,0.08500162,0.07364983,-0.07035623,0.0
699158524,0.08512742,0.07403238,-0.07067388,0.0
699358514,0.08748151,0.07438116,-0.07104715,0.0
699558442,0.08469231,0.072876796,-0.071202494,0.0
699757145,0.084707126,0.07367838,-0.07123589,0.0
699958349,0.080442145,0.07374745,-0.07114242,0.0
700159539,0.08259294,0.072602004,-0.071057804,0.0
700359503,0.08353618,0.07235015,-0.070876405,0.0
700559474,0.0814963,0.071707875,-0.07055432,0.0
700758167,0.08250481,0.07043207,-0.070413895,0.0
700958121,0.08121726,0.07147735,-0.07044353,0.0
701158089,0.08034066,0.07037141,-0.07033811,0.0
701356794,0.08306911,0.07172356,-0.07047379,0.0
701556785,0.08177668,0.07144424,-0.07058035,0.0
701759189,0.08204667,0.07255094,-0.07076178,0.0
701959142,0.07703935,0.07203975,-0.07089454,0.0
702157864,0.079228796,0.07186674,-0.07113425,0.0
702357822,0.08373175,0.0725843,-0.071379185,0.0
702557778,0.08389004,0.0718108,-0.071506985,0.0
702760210,0.08407614,0.070438616,-0.07149619,0.0
702960170,0.08313319,0.069649205,-0.071471356,0.0
703158871,0.08193778,0.06985018,-0.07145735,0.0
703358834,0.0828406,0.07036233,-0.07146019,0.0
703558794,0.08112986,0.07079176,-0.07136842,0.0
703757495,0.08252171,0.07369171,-0.07161388,0.0
703957455,0.08346603,0.07347655,-0.07163504,0.0
704157423,0.08638212,0.07382618,-0.071504615,0.0
704357367,0.08475326,0.073400244,-0.07110328,0.0
704557319,0.084367976,0.073093675,-0.070687704,0.0
704758515,0.085695334,0.07241294,-0.07023503,0.0
704958480,0.08472047,0.072420254,-0.07003011,0.0
705158442,0.08472803,0.07295819,-0.07012307,0.0
705357140,0.08685586,0.073722154,-0.07030224,0.0
705560838,0.0862522,0.07320738,-0.07036531,0.0
705759581,0.086578466,0.073721536,-0.070433594,0.0
705959494,0.089056335,0.07388261,-0.070478104,0.0
706159458,0.08911133,0.07374144,-0.07062466,0.0
706358156,0.08883603,0.07335179,-0.07077876,0.0
706558114,0.086674765,0.07373783,-0.0712093,0.0
706756861,0.08874796,0.0732321,-0.071859784,0.0
706960523,0.089027025,0.07398685,-0.072669,0.0
707160485,0.08651044,0.07416617,-0.07339699,0.0
707359185,0.09461652,0.07206709,-0.07421418,0.0
707559186,0.08721954,0.077062905,-0.07513938,0.0
707759099,0.08997213,0.076530345,-0.0762164,0.0
707957803,0.091064356,0.06838889,-0.07699346,0.0
708157756,0.093578406,0.0711432,-0.07773772,0.0
708360204,0.092611164,0.080453046,-0.07819619,0.0
708560175,0.096682005,0.08146883,-0.0782554,0.0
708758865,0.097655036,0.07691415,-0.078625225,0.0
708958816,0.08961456,0.0793936,-0.07967026,0.0
709158775,0.08493285,0.07579676,-0.080986746,0.0
709357483,0.09296264,0.07318868,-0.082387395,0.0
709557446,0.09307353,0.079754345,-0.08330891,0.0
709759891,0.0919512,0.08180987,-0.08344395,0.0
709959842,0.08840275,0.076286376,-0.08322335,0.0
710159795,0.09271632,0.08091889,-0.08297408,0.0
710358502,0.09376688,0.0795031,-0.082314365,0.0
710558461,0.089474924,0.07676301,-0.081710234,0.0
710758413,0.08635416,0.07636218,-0.081347905,0.0
710957110,0.089936,0.07225474,-0.080966316,0.0
711160814,0.089271754,0.074344195,-0.08061342,0.0
711359523,0.08769094,0.07596399,-0.08030155,0.0
711559485,0.08916756,0.07620339,-0.08006157,0.0
711759436,0.09352544,0.07721172,-0.079822116,0.0
711958132,0.08606028,0.076804236,-0.07955361,0.0
712158082,0.08433415,0.07690245,-0.07923057,0.0
712356801,0.091631934,0.07766359,-0.07910167,0.0
712560495,0.08797183,0.0772723,-0.078908846,0.0
712760455,0.08760695,0.07731166,-0.07875557,0.0
712959155,0.08688111,0.07626651,-0.07820712,0.0
713159112,0.087879576,0.077536516,-0.07809497,0.0
713357816,0.08999961,0.077623256,-0.07778938,0.0
713557767,0.09033126,0.07691316,-0.07751637,0.0
713757720,0.09119178,0.077712595,-0.077533565,0.0
713960174,0.08892015,0.077342115,-0.07755248,0.0
714160126,0.08807263,0.07760818,-0.07751188,0.0
714360098,0.08830967,0.077387094,-0.07747453,0.0
714558790,0.08799025,0.07722719,-0.0774862,0.0
714759997,0.086746365,0.07747471,-0.07746445,0.0
714957438,0.08785203,0.077187926,-0.0774772,0.0
715157394,0.08735119,0.07800395,-0.07757764,0.0
715361116,0.08690952,0.07839378,-0.07755751,0.0
715559815,0.08739032,0.07897825,-0.07746505,0.0
715759773,0.08768215,0.07912103,-0.07732815,0.0
715959714,0.08664524,0.07881955,-0.07716859,0.0
716158457,0.08771255,0.07959834,-0.0770581,0.0
716358367,0.08647201,0.0791939,-0.07691375,0.0
716557078,0.082850836,0.0786602,-0.07675812,0.0
716760779,0.09167613,0.080359295,-0.07671016,0.0
716959486,0.08852576,0.07847819,-0.07623649,0.0
717159443,0.09192345,0.07952114,-0.07600307,0.0
717359395,0.084267005,0.0780631,-0.075664684,0.0
717558092,0.086339645,0.078357026,-0.07562184,0.0
717758081,0.08635743,0.07872165,-0.07547462,0.0
717958052,0.0853983,0.07855513,-0.07528163,0.0
718160451,0.08686781,0.07840426,-0.0751074,0.0
718360406,0.08372329,0.07830441,-0.07501615,0.0
718559114,0.085214704,0.0771618,-0.075115256,0.0
718759067,0.0852383,0.07680833,-0.07523137,0.0
718959045,0.08499282,0.075849,-0.07512352,0.0
719157717,0.084625065,0.07580071,-0.07512903,0.0
719358923,0.0843323,0.07282105,-0.07504604,0.0
719560118,0.08364208,0.07871816,-0.07511821,0.0
719760084,0.08312569,0.07593458,-0.07533125,0.0
719960038,0.0839418,0.07498473,-0.07569592,0.0
720158743,0.084625244,0.07617909,-0.076174475,0.0
720358691,0.08435395,0.07709747,-0.076632075,0.0
720558645,0.083845966,0.07165959,-0.07705316,0.0
720757342,0.083800934,0.07281775,-0.07744195,0.0
720957296,0.08331665,0.07391939,-0.07793999,0.0
721159749,0.08121435,0.072712034,-0.07822993,0.0
721359699,0.081835434,0.073495686,-0.078539774,0.0
721558418,0.0832797,0.07404518,-0.07887115,0.0
721758369,0.08263049,0.07449712,-0.079153575,0.0
721958313,0.082189426,0.07534016,-0.079415515,0.0
722157015,0.07769488,0.07508079,-0.079637535,0.0
722356975,0.08805093,0.07487405,-0.07986292,0.0
722558180,0.082757786,0.07364709,-0.079822734,0.0
722759367,0.08489905,0.07411935,-0.079972886,0.0
722959325,0.07913522,0.07251171,-0.0798818,0.0
723158033,0.08172749,0.07233902,-0.07981669,0.0
723357988,0.082463145,0.07392447,-0.07982922,0.0
723557968,0.08292198,0.074200965,-0.07967946,0.0
723757895,0.08619884,0.07455919,-0.079628855,0.0
723957844,0.082757995,0.074279636,-0.07953777,0.0
724159041,0.07984223,0.0727979,-0.07921387,0.0
724359083,0.08191331,0.07839362,-0.07906567,0.0
724558959,0.08148424,0.0698424,-0.07876555,0.0
724757666,0.08423224,0.068383306,-0.07853087,0.0
724957606,0.08375711,0.0817964,-0.078806385,0.0
725157560,0.081467494,0.08052096,-0.07931397,0.0
725357516,0.08359786,0.07121459,-0.0797673,0.0
725557469,0.08449527,0.07580574,-0.08010335,0.0
725758658,0.08361209,0.07873075,-0.08026867,0.0
725958615,0.083352074,0.07351146,-0.08005174,0.0
726157323,0.08553464,0.072147995,-0.07953726,0.0
726357274,0.08211247,0.07959878,-0.079198696,0.0
726557237,0.081665546,0.07567178,-0.07859009,0.0
726757177,0.08673812,0.07408123,-0.078162186,0.0
726957142,0.086825766,0.07367397,-0.07765517,0.0
727158325,0.085842066,0.07475527,-0.07735807,0.0
727358279,0.084724136,0.06841079,-0.07720354,0.0
727558230,0.087089024,0.07089403,-0.07724733,0.0
727756953,0.07990861,0.075578295,-0.07760714,0.0
727960637,0.082606785,0.07437037,-0.07813601,0.0
728159333,0.08406991,0.07621758,-0.07851275,0.0
728359285,0.085164934,0.074128285,-0.07889208,0.0
728559242,0.08176207,0.07308482,-0.07925049,0.0
728757956,0.08750102,0.074447945,-0.079723485,0.0
728957894,0.085956775,0.07382073,-0.07997476,0.0
729157846,0.0893967,0.075483106,-0.080400705,0.0
729360307,0.083735034,0.07502961,-0.080900736,0.0
729560254,0.08778849,0.0757647,-0.08131183,0.0
729758960,0.08700503,0.07559366,-0.08180096,0.0
729958906,0.087620206,0.0744717,-0.08218474,0.0
730158852,0.088867255,0.07431231,-0.08259783,0.0
730357559,0.08944815,0.07435958,-0.08300209,0.0
730557513,0.0903851,0.07520221,-0.08336038,0.0
730757469,0.089998506,0.075867884,-0.083727926,0.0
730959919,0.08983122,0.076404065,-0.084016465,0.0
731159867,0.08933275,0.0760706,-0.08418876,0.0
731358571,0.08883642,0.07692141,-0.08439051,0.0
731558524,0.08864394,0.077677,-0.08449003,0.0
731758479,0.08765616,0.07768932,-0.084582,0.0
731957182,0.08724925,0.07874979,-0.08462181,0.0
732160923,0.08675337,0.077937275,-0.08456321,0.0
732359579,0.08843932,0.0790214,-0.08450067,0.0
732559536,0.090129726,0.079319,-0.084353365,0.0
732759482,0.0889624,0.0788481,-0.08421749,0.0
732958179,0.08768958,0.079464816,-0.08394186,0.0
733158180,0.08517964,0.07694216,-0.08340571,0.0
733356840,0.08996299,0.08090274,-0.08291692,0.0
733560545,0.08692024,0.078318186,-0.08226832,0.0
733760492,0.0858156,0.07811526,-0.0815867,0.0
733959195,0.09020672,0.07841311,-0.08099455,0.0
734159146,0.084256575,0.077585,-0.08018794,0.0
734357853,0.08788564,0.076778494,-0.07940406,0.0
734557794,0.08985522,0.07710732,-0.07874329,0.0
734757746,0.08571007,0.075719945,-0.07795959,0.0
734960197,0.08756247,0.075365774,-0.07728474,0.0
735160149,0.08752431,0.07531443,-0.076693565,0.0
735358855,0.08717073,0.075781286,-0.076103814,0.0
735558799,0.08732629,0.07448291,-0.0756059,0.0
735758757,0.08509758,0.07319246,-0.075013705,0.0
735957449,0.087598324,0.072856285,-0.07452806,0.0
736157402,0.0857276,0.06979332,-0.074128225,0.0
736359857,0.087033436,0.07189045,-0.07406297,0.0
736559807,0.087678485,0.073859416,-0.0740903,0.0
736759762,0.08667892,0.07274434,-0.07423777,0.0
736958470,0.08567627,0.07266541,-0.074611455,0.0
737158422,0.0873844,0.07252848,-0.075064756,0.0
737358361,0.08792954,0.074485645,-0.07562938,0.0
737557061,0.08471466,0.07467718,-0.0760785,0.0
737760769,0.08622926,0.076114245,-0.07648806,0.0
737959479,0.08733054,0.076545246,-0.07668743,0.0
738159422,0.08911261,0.07570055,-0.07678614,0.0
738359365,0.08844542,0.07436098,-0.07669617,0.0
738558067,0.089476414,0.07769883,-0.07664132,0.0
738758023,0.085629806,0.073484175,-0.076283954,0.0
738957992,0.08712692,0.07658868,-0.07593702,0.0
739160415,0.087228,0.07634792,-0.075737365,0.0
739360374,0.08671879,0.075510286,-0.07551633,0.0
739559118,0.08572665,0.069939174,-0.07553985,0.0
739759029,0.086954206,0.072160095,-0.07581417,0.0
739958975,0.08754625,0.07382417,-0.07605628,0.0
740157681,0.08818292,0.07528369,-0.07609363,0.0
740357625,0.08603277,0.07237084,-0.0761062,0.0
740560075,0.08675531,0.0737424,-0.07645205,0.0
740760027,0.09133703,0.07559542,-0.077126406,0.0
740958737,0.09118336,0.07634168,-0.077929184,0.0
741158685,0.089761205,0.07626226,-0.07903094,0.0
741358686,0.09137183,0.07789712,-0.080743715,0.0
741557336,0.09185697,0.08312256,-0.0837916,0.0
741757282,0.09613878,0.07960728,-0.08891659,0.0
741957233,0.09493075,0.07774533,-0.091750905,0.0
742159672,0.09694158,0.09105922,-0.092492506,0.0
742359635,0.09515595,0.08683864,-0.091711424,0.0
742558351,0.09444347,0.082556285,-0.09087749,0.0
742758340,0.094052374,0.083178036,-0.09211704,0.0
742958243,0.10043973,0.08824795,-0.096590124,0.0
743156935,0.100593284,0.092308246,-0.10190647,0.0
743358141,0.103311375,0.0978905,-0.107377365,0.0
743558097,0.10441377,0.1047021,-0.11275062,0.0
743759282,0.10394109,0.10549958,-0.116438195,0.0
743959235,0.10389391,0.09657013,-0.117837355,0.0
744157944,0.105551064,0.099247314,-0.11638669,0.0
744357962,0.10065666,0.097029574,-0.11290867,0.0
744557847,0.10023886,0.089758046,-0.10938114,0.0
744757797,0.09765578,0.09054922,-0.1084685,0.0
744957746,0.09879496,0.09514473,-0.109111734,0.0
745158939,0.10314159,0.10025194,-0.11244548,0.0
745358904,0.10840137,0.094873495,-0.11517835,0.0
745558834,0.10397784,0.09174603,-0.11462243,0.0
745757544,0.09300828,0.09161235,-0.11222023,0.0
745957503,0.090884805,0.088560015,-0.109053545,0.0
746157463,0.09418003,0.08466441,-0.10599957,0.0
746357400,0.102925695,0.08433254,-0.10291844,0.0
746557350,0.09616869,0.083945885,-0.09941301,0.0
746758542,0.0947241,0.08040094,-0.09649746,0.0
746958487,0.08786522,0.07380786,-0.09426161,0.0
747158484,0.08501505,0.0706699,-0.09221337,0.0
747357148,0.086259514,0.071575746,-0.09060815,0.0
747560842,0.08923079,0.08119815,-0.089187145,0.0
747759562,0.08761169,0.077156365,-0.087933786,0.0
747959483,0.08913197,0.07348638,-0.08687353,0.0
748159450,0.08993759,0.075002104,-0.08589126,0.0
748358147,0.090741925,0.075246245,-0.08516426,0.0
748558086,0.089614026,0.0726551,-0.08445549,0.0
748756834,0.09139026,0.07630961,-0.08393104,0.0
748960490,0.089786105,0.07637387,-0.083404884,0.0
749160481,0.090614684,0.080365874,-0.08303757,0.0
749359141,0.0918322,0.07264993,-0.08264532,0.0
749559090,0.09120192,0.07301552,-0.08234265,0.0
749757808,0.08731244,0.0809481,-0.082232095,0.0
749957754,0.09082435,0.078603834,-0.08203402,0.0
750157717,0.096896626,0.07857061,-0.0819771,0.0
750360140,0.08782838,0.078876115,-0.08222025,0.0
750560084,0.08970702,0.07696662,-0.08274959,0.0
750758793,0.090303615,0.08140166,-0.08334308,0.0
750958742,0.09250753,0.07833671,-0.083936274,0.0
751158680,0.09454601,0.07713346,-0.08453257,0.0
751357384,0.08925044,0.07897258,-0.085259765,0.0
751557343,0.089632824,0.07937753,-0.086018324,0.0
751759792,0.08612859,0.07923648,-0.086665526,0.0
751959744,0.08589409,0.07844846,-0.08723439,0.0
752159684,0.092868395,0.07871306,-0.08807873,0.0
752358377,0.086236104,0.078700885,-0.08874077,0.0
752558328,0.08600434,0.078967914,-0.08951039,0.0
752758288,0.089352325,0.07973714,-0.09021891,0.0
752956979,0.09390555,0.08306315,-0.0907701,0.0
753160682,0.08987395,0.082576536,-0.09110878,0.0
753359422,0.08966313,0.07323273,-0.09138526,0.0
753559333,0.08978446,0.08226861,-0.09193979,0.0
753759285,0.0890382,0.0842066,-0.09236414,0.0
753957979,0.08887113,0.08070336,-0.09276895,0.0
754157923,0.08809418,0.08063228,-0.093116716,0.0
754357890,0.08682644,0.07937766,-0.09287206,0.0
754560324,0.08536785,0.07613123,-0.09248528,0.0
754760273,0.08478926,0.07676832,-0.09230622,0.0
754958971,0.08712256,0.075258896,-0.09188736,0.0
755158922,0.0863263,0.07706394,-0.09141526,0.0
755358883,0.08950001,0.07758395,-0.09195951,0.0
755557568,0.08585724,0.07344174,-0.091333084,0.0
755757533,0.086147115,0.07888529,-0.09052612,0.0
755957481,0.090812474,0.0801045,-0.09068298,0.0
756159958,0.09093702,0.081065506,-0.09113194,0.0
756359875,0.089458615,0.07659939,-0.09053023,0.0
756558571,0.085375935,0.07628909,-0.08952199,0.0
756758517,0.08835623,0.08098277,-0.089694716,0.0
756958472,0.08397892,0.07992235,-0.08971243,0.0
757157170,0.09003616,0.08014595,-0.08969195,0.0
757360870,0.0951997,0.07946834,-0.08945675,0.0
757559564,0.09101638,0.0779416,-0.08898809,0.0
757759510,0.08121163,0.078103125,-0.089385204,0.0
757959480,0.084330134,0.078940354,-0.089736305,0.0
758158162,0.08818138,0.07922288,-0.090047404,0.0
758358111,0.08774659,0.07818742,-0.0899963,0.0
758556809,0.08653526,0.077444024,-0.089818045,0.0
758760501,0.088517256,0.07827472,-0.08984957,0.0
758960460,0.0864468,0.079039685,-0.090021774,0.0
759159152,0.08777893,0.079272345,-0.09038971,0.0
759359103,0.09226753,0.079445645,-0.09077031,0.0
759557801,0.08711649,0.07873838,-0.09109474,0.0
759757755,0.085094556,0.07917405,-0.09162426,0.0
759957737,0.09651817,0.08031672,-0.09222729,0.0
760160147,0.098251335,0.08010669,-0.0925824,0.0
760360091,0.087736845,0.07938013,-0.09280602,0.0
760558795,0.093708046,0.07926925,-0.092959784,0.0
760758763,0.09284465,0.07945539,-0.09290963,0.0
760958693,0.09219553,0.07940267,-0.092896216,0.0
761157389,0.09199899,0.07932103,-0.093009174,0.0
761358600,0.09063835,0.07884257,-0.093098745,0.0
761558548,0.09080756,0.07950955,-0.093264796,0.0
761759744,0.09213228,0.07988496,-0.0933828,0.0
761959685,0.09152516,0.07919621,-0.093409106,0.0
762158387,0.08996051,0.079947084,-0.093588695,0.0
762358340,0.09207879,0.080607824,-0.09380657,0.0
762558286,0.09276515,0.081080966,-0.09393247,0.0
762758240,0.09363476,0.08099089,-0.09398461,0.0
762958193,0.09038616,0.0791103,-0.09373561,0.0
763156876,0.097029656,0.08110837,-0.09341967,0.0
763359324,0.09397287,0.07773216,-0.09298676,0.0
763559292,0.092501074,0.07843211,-0.092660196,0.0
763757977,0.090017155,0.08014636,-0.09254531,0.0
763957946,0.09081406,0.07775735,-0.092732,0.0
764157870,0.09802406,0.078965515,-0.09289181,0.0
764357820,0.09294054,0.07916948,-0.092988424,0.0
764557780,0.082563974,0.07779442,-0.0931858,0.0
764757718,0.08896245,0.07810714,-0.093510784,0.0
764958952,0.08910898,0.07841736,-0.093597576,0.0
765158856,0.0894058,0.07835438,-0.09365003,0.0
765357566,0.089402296,0.078558184,-0.09361044,0.0
765557522,0.090395205,0.07907163,-0.09347185,0.0
765757467,0.090598665,0.07818055,-0.09303856,0.0
765959909,0.09121453,0.07832254,-0.09273983,0.0
766157356,0.090687975,0.07818084,-0.092474155,0.0
766358559,0.09004534,0.078135245,-0.09222816,0.0
766558499,0.0909588,0.07837623,-0.09196628,0.0
766758455,0.08971491,0.07820194,-0.09164823,0.0
766957154,0.09229054,0.07392676,-0.09114868,0.0
767160838,0.091563046,0.076562166,-0.09072453,0.0
767359544,0.09097695,0.08428281,-0.090418495,0.0
767559497,0.09079999,0.077357925,-0.0901144,0.0
767759447,0.08710992,0.07510284,-0.08973156,0.0
767958139,0.08848553,0.07733621,-0.0894515,0.0
768158087,0.09333742,0.07851008,-0.089461304,0.0
768358049,0.08716387,0.079072,-0.089435704,0.0
768560482,0.08890043,0.07861712,-0.089210324,0.0
768760430,0.08500343,0.07873193,-0.08905924,0.0
768959121,0.08837508,0.08037566,-0.08894741,0.0
769159071,0.087574184,0.07938796,-0.08871946,0.0
769359026,0.08565063,0.07829534,-0.08834931,0.0
769557713,0.08985654,0.078806706,-0.08813044,0.0
769757659,0.080900095,0.07818351,-0.08778527,0.0
769960115,0.08025075,0.07769816,-0.087434426,0.0
770160060,0.09000409,0.07906043,-0.08729636,0.0
770360020,0.09388096,0.07940645,-0.08697629,0.0
770558698,0.08560049,0.07672723,-0.08680435,0.0
770758646,0.08264486,0.07813702,-0.08690269,0.0
770957353,0.08500746,0.078343794,-0.08691513,0.0
771157297,0.08233186,0.07779292,-0.08668887,0.0
771361002,0.082146816,0.0777717,-0.08643443,0.0
771559696,0.084833615,0.077539384,-0.086023286,0.0
771759639,0.0819219,0.07796976,-0.08543071,0.0
771958357,0.077882126,0.07637462,-0.084805004,0.0
772158328,0.08069705,0.07589432,-0.08430728,0.0
772358230,0.078963615,0.07604389,-0.08373479,0.0
772556933,0.07991323,0.07617019,-0.083321735,0.0
772760626,0.07891071,0.07445646,-0.08286676,0.0
772960589,0.07766503,0.075646475,-0.0824611,0.0
773159276,0.08206998,0.07545684,-0.081931934,0.0
773359239,0.077086486,0.07494777,-0.08116716,0.0
773557914,0.08018039,0.07443386,-0.08042754,0.0
773757866,0.08095301,0.07410339,-0.07954978,0.0
773957808,0.07985933,0.07604382,-0.078556,0.0
774160263,0.08100765,0.07722582,-0.07772412,0.0
774360207,0.08011095,0.06879688,-0.076810285,0.0
774558904,0.08185943,0.073451966,-0.07599327,0.0
774758856,0.0808139,0.06749854,-0.074779816,0.0
774958800,0.07977917,0.07327223,-0.07354772,0.0
775157493,0.079471916,0.07596589,-0.07243455,0.0
775357438,0.07877458,0.0720808,-0.07131366,0.0
775559889,0.079078235,0.07198548,-0.070362054,0.0
775759837,0.08070328,0.07226834,-0.069556475,0.0
775959790,0.08007564,0.074407935,-0.06892525,0.0
776158483,0.07848266,0.06895446,-0.06836871,0.0
776358433,0.079293706,0.070477545,-0.068146214,0.0
776558376,0.07994766,0.06876076,-0.06817022,0.0
776757069,0.0796971,0.071406424,-0.068335414,0.0
776960774,0.08007608,0.074202746,-0.06864217,0.0
777159467,0.08059536,0.0746363,-0.069020875,0.0
777359414,0.08009396,0.07355324,-0.0692543,0.0
777559360,0.08425823,0.0762444,-0.069745995,0.0
777758065,0.08262952,0.07439691,-0.069802284,0.0
777958028,0.08284,0.07451115,-0.069889836,0.0
778157969,0.08380096,0.07389812,-0.069819264,0.0
778360406,0.08448574,0.0735937,-0.069532596,0.0
778560352,0.083460055,0.07358976,-0.06914149,0.0
778759052,0.08497273,0.07317257,-0.068639755,0.0
778958992,0.08159617,0.07066874,-0.06811187,0.0
779158951,0.08360109,0.07377939,-0.06781691,0.0
779357634,0.08881987,0.073769584,-0.06746997,0.0
779558841,0.08607271,0.07216761,-0.06740847,0.0
779760029,0.077011466,0.07093441,-0.06765052,0.0
779959979,0.08044855,0.07253541,-0.06808355,0.0
780159933,0.08798069,0.070403695,-0.068613134,0.0
780358646,0.08887096,0.06922416,-0.068901,0.0
780558577,0.081197865,0.07281476,-0.06931567,0.0
780758517,0.08205025,0.07075966,-0.06977073,0.0
780957213,0.08789177,0.07416033,-0.07033629,0.0
781157163,0.08307592,0.07088095,-0.070658706,0.0
781359673,0.08092447,0.07396534,-0.071056254,0.0
781559555,0.08261719,0.07513826,-0.07137004,0.0
781759504,0.09196298,0.073871605,-0.0714279,0.0
781958205,0.09094931,0.07452362,-0.07142177,0.0
782158159,0.083403744,0.07214766,-0.071521975,0.0
782358100,0.081386514,0.07212431,-0.07167712,0.0
782560531,0.08537588,0.072524205,-0.07168592,0.0
782758001,0.089901686,0.074462384,-0.072209105,0.0
782959177,0.08946401,0.07802014,-0.07263464,0.0
783159139,0.08526939,0.07047603,-0.072666295,0.0
783357830,0.0814416,0.071225286,-0.07208724,0.0
783557780,0.08617518,0.07375749,-0.07233852,0.0
783757721,0.09184882,0.0758169,-0.07323111,0.0
783957680,0.0885067,0.075581655,-0.07364579,0.0
784160119,0.082773186,0.07068967,-0.0730916,0.0
784357560,0.08268743,0.0726524,-0.07333111,0.0
784558751,0.08706212,0.077238895,-0.07458457,0.0
784758702,0.08718103,0.07798469,-0.07571121,0.0
784957401,0.09017965,0.081468545,-0.07680311,0.0
785157348,0.08603516,0.08302651,-0.07804728,0.0
785357291,0.08852818,0.07439649,-0.07929089,0.0
785559726,0.08957252,0.07224404,-0.08014842,0.0
785759676,0.09422465,0.08023763,-0.08091229,0.0
785958377,0.09157852,0.08303738,-0.080503896,0.0
786158364,0.08975909,0.08894279,-0.07957012,0.0
786358265,0.085435286,0.08377566,-0.0776862,0.0
786556974,0.08837205,0.07433213,-0.076510355,0.0
786760661,0.0859476,0.07680558,-0.075857736,0.0
786959353,0.08699752,0.075929165,-0.07548671,0.0
787159316,0.08690322,0.07467655,-0.0752079,0.0
787359280,0.085431896,0.074997164,-0.07518904,0.0
787557964,0.08634638,0.075873904,-0.075377785,0.0
787757896,0.08645178,0.07697287,-0.07566823,0.0
787957841,0.09006927,0.07774639,-0.07593435,0.0
788160290,0.09222322,0.07755442,-0.076325804,0.0
788360248,0.09079334,0.07890679,-0.076722726,0.0
788558937,0.089779206,0.080196425,-0.07720784,0.0
788758879,0.08921139,0.08002295,-0.077718586,0.0
788958815,0.090428494,0.080691725,-0.07813464,0.0
789157521,0.08315178,0.07999246,-0.07833455,0.0
789357461,0.08928746,0.07985635,-0.07857948,0.0
789559911,0.087921634,0.079465136,-0.07883097,0.0
789759861,0.09129366,0.07998369,-0.07898633,0.0
789959802,0.08774944,0.0779494,-0.07904355,0.0
790158504,0.0873849,0.077392064,-0.079027586,0.0
790358463,0.08792081,0.07840041,-0.0790513,0.0
790558415,0.08805311,0.07845455,-0.079033,0.0
790757094,0.08685878,0.079549484,-0.07906319,0.0
790960782,0.08651639,0.07911145,-0.07898057,0.0
791159475,0.086323686,0.07945268,-0.078767814,0.0
791359431,0.086447924,0.077366956,-0.07833127,0.0
791559375,0.08519274,0.077313624,-0.07799377,0.0
791758066,0.084013484,0.076751284,-0.07758104,0.0
791958023,0.08494456,0.0764934,-0.07711815,0.0
792158017,0.08528199,0.07483726,-0.076724835,0.0
792360413,0.084937654,0.07382462,-0.07631918,0.0
792560347,0.083840854,0.07347042,-0.076033644,0.0
792759045,0.08234742,0.07378366,-0.07596201,0.0
792958990,0.084111996,0.07478373,-0.07599529,0.0
793158956,0.086228535,0.07553951,-0.07619221,0.0
793357627,0.08657022,0.07459448,-0.076340154,0.0
793557572,0.0863566,0.07424472,-0.07650038,0.0
793757537,0.086937435,0.07490978,-0.076647595,0.0
793959967,0.08653245,0.075411856,-0.07670818,0.0
794159939,0.086183935,0.075816095,-0.07666557,0.0
794358606,0.08669912,0.075807124,-0.07669002,0.0
794558559,0.085120335,0.075774156,-0.076671846,0.0
794758506,0.086568475,0.07635849,-0.076681845,0.0
794957197,0.08585117,0.076532975,-0.076607294,0.0
795160909,0.08388308,0.077570185,-0.07641776,0.0
795359583,0.08711365,0.077997684,-0.07614991,0.0
795559533,0.091641136,0.07742758,-0.075787395,0.0
795759481,0.088082455,0.07665738,-0.07556907,0.0
795958177,0.08245941,0.076129384,-0.0753649,0.0
796158124,0.09098624,0.0781202,-0.0752665,0.0
796356818,0.08812144,0.07828575,-0.07497697,0.0
796560508,0.084679656,0.077630214,-0.07473846,0.0
796760465,0.08475899,0.0767892,-0.07452399,0.0
796959152,0.084150374,0.07689745,-0.07444994,0.0
797159182,0.087929204,0.07618257,-0.07460738,0.0
797357798,0.08430004,0.07731933,-0.07468162,0.0
797557750,0.08680724,0.07612252,-0.07472896,0.0
797757686,0.087156504,0.07555816,-0.07491855,0.0
797960123,0.08621692,0.07558684,-0.07488559,0.0
798160076,0.08672353,0.07572926,-0.07491859,0.0
798360022,0.090909496,0.07701518,-0.075223215,0.0
798558723,0.08674891,0.07655293,-0.075552925,0.0
798758663,0.08767981,0.07604172,-0.07573999,0.0
798957392,0.0870268,0.07456312,-0.07570801,0.0
799157308,0.08613988,0.07449247,-0.075690016,0.0
799357253,0.08427395,0.07421468,-0.07580316,0.0
799559710,0.08739604,0.0748368,-0.07632556,0.0
799759642,0.087942414,0.07189368,-0.076728605,0.0
799958344,0.089101784,0.07870242,-0.07727269,0.0
800158285,0.08896255,0.07947378,-0.077589765,0.0
800358243,0.089582115,0.07727082,-0.07797801,0.0
800558184,0.08964804,0.07364575,-0.07831706,0.0
800758146,0.08730853,0.07964583,-0.078658015,0.0
800956817,0.08770982,0.07597976,-0.0785207,0.0
801159252,0.08914918,0.07722307,-0.078901455,0.0
801359207,0.08843571,0.07739989,-0.07922664,0.0
801557906,0.08772925,0.0760908,-0.079555616,0.0
801757857,0.09050116,0.07620659,-0.08007698,0.0
801957807,0.088956736,0.076131046,-0.08043653,0.0
802157747,0.09038043,0.07958202,-0.08095619,0.0
802360174,0.08740524,0.07476055,-0.08135637,0.0
802557632,0.08819179,0.071145415,-0.08168099,0.0
802758816,0.08675935,0.08392165,-0.082116924,0.0
802958765,0.08820543,0.07859858,-0.08245262,0.0
803157470,0.09016136,0.07634627,-0.082757585,0.0
803357407,0.089621186,0.07955098,-0.08315905,0.0
803557353,0.09000023,0.07620481,-0.08364775,0.0
803757299,0.089548364,0.07913092,-0.08427429,0.0
803959736,0.092894316,0.07934894,-0.0848702,0.0
804158437,0.09147413,0.07837145,-0.0853508,0.0
804358376,0.092754364,0.07925026,-0.085717715,0.0
804558320,0.09180822,0.08073271,-0.085929476,0.0
804757020,0.091322765,0.07673181,-0.08595962,0.0
804960713,0.09417245,0.08332603,-0.08610021,0.0
805159411,0.09087215,0.07734151,-0.08598017,0.0
805359351,0.0890231,0.077953294,-0.08618885,0.0
805559297,0.08965073,0.076420344,-0.0864187,0.0
805757992,0.090187296,0.07695921,-0.08652671,0.0
805957947,0.09080129,0.076652646,-0.08674076,0.0
806157882,0.08893833,0.07775277,-0.08703108,0.0
806360333,0.08886233,0.07891034,-0.0875214,0.0
806560270,0.091280565,0.08043675,-0.08825703,0.0
806758970,0.09235129,0.08236126,-0.08871289,0.0
806958908,0.092449434,0.07802591,-0.08879317,0.0
807158857,0.09150534,0.07990717,-0.088995084,0.0
807357559,0.0903532,0.0832726,-0.08936562,0.0
807557498,0.092957705,0.08181536,-0.08966615,0.0
807757444,0.09320827,0.080191135,-0.08954214,0.0
807959888,0.09460242,0.0795045,-0.08914433,0.0
808159831,0.09540716,0.08131187,-0.089250535,0.0
808358526,0.09419205,0.08052938,-0.08870546,0.0
808558463,0.0947566,0.08218004,-0.088180155,0.0
808758416,0.09320135,0.08046614,-0.087722845,0.0
808957107,0.095721915,0.08034058,-0.08737672,0.0
809160799,0.09353677,0.08049127,-0.08696815,0.0
809359500,0.091419145,0.07645211,-0.08646406,0.0
809559441,0.09394419,0.081237994,-0.08609184,0.0
809759391,0.09337496,0.07970093,-0.08558544,0.0
809958083,0.092077486,0.07864411,-0.085233785,0.0
810158021,0.09163836,0.08051274,-0.084940866,0.0
810357973,0.09044765,0.07963536,-0.084474385,0.0
810560414,0.09324273,0.08015401,-0.0843973,0.0
810760360,0.09348789,0.07843614,-0.084037416,0.0
810959053,0.093387924,0.0795119,-0.083686024,0.0
811160257,0.09110306,0.082535826,-0.0832651,0.0
811360198,0.090260886,0.077604435,-0.08263875,0.0
811557629,0.09462727,0.07653141,-0.08201268,0.0
811757579,0.09636242,0.07605164,-0.08135175,0.0
811960035,0.09734361,0.076392844,-0.0807875,0.0
812159980,0.08659527,0.07302824,-0.08019125,0.0
812359928,0.08844918,0.079041295,-0.08030852,0.0
812559861,0.096867576,0.08229455,-0.08051641,0.0
812758553,0.09834288,0.07244732,-0.080698796,0.0
812959762,0.09222689,0.07242817,-0.08093703,0.0
813157212,0.08940755,0.07993077,-0.08165074,0.0
813360883,0.09912773,0.07946714,-0.08224381,0.0
813559589,0.10021238,0.07882743,-0.08272726,0.0
813759535,0.0912411,0.077852964,-0.08346742,0.0
813959476,0.09007021,0.077886574,-0.0845356,0.0
814158175,0.09449298,0.078747064,-0.08569895,0.0
814358108,0.10001948,0.07856673,-0.08675412,0.0
814556797,0.09370742,0.077200964,-0.087319754,0.0
814760494,0.093156196,0.07606367,-0.08790956,0.0
814960448,0.09392873,0.07650823,-0.088644706,0.0
815159147,0.09053161,0.07441427,-0.08913339,0.0
815359128,0.091093615,0.07659957,-0.0894899,0.0
815559047,0.09085735,0.08021084,-0.08982894,0.0
815758974,0.088068284,0.07144326,-0.08999873,0.0
815958977,0.088190384,0.0783468,-0.090176485,0.0
816160105,0.08901904,0.07957177,-0.09047394,0.0
816360052,0.08661984,0.07688091,-0.090485185,0.0
816559995,0.085371666,0.07944161,-0.090374604,0.0
816758691,0.090136975,0.075065844,-0.090093985,0.0
816958638,0.089501366,0.072572835,-0.08968853,0.0
817158589,0.08496145,0.07774727,-0.08936298,0.0
817357270,0.085177526,0.08408747,-0.08942586,0.0
817558475,0.08812626,0.07397938,-0.089499965,0.0
817759663,0.08780111,0.07458211,-0.089510314,0.0
817959608,0.089691155,0.075824,-0.08950259,0.0
818158301,0.08954059,0.07923063,-0.08926964,0.0
818358244,0.08996875,0.08362607,-0.08898835,0.0
818558188,0.09022409,0.08052474,-0.08861824,0.0
818758180,0.08878416,0.07519732,-0.08808295,0.0
818958090,0.08811601,0.07534735,-0.087616175,0.0
819158033,0.0881133,0.07707034,-0.08720411,0.0
819359234,0.08695677,0.074211285,-0.08710161,0.0
819559153,0.087365374,0.07825515,-0.08708929,0.0
819757869,0.08833661,0.07858962,-0.0870708,0.0
819957800,0.08641789,0.07682243,-0.08698284,0.0
820157761,0.08699307,0.07482928,-0.08707757,0.0
820357686,0.086953364,0.0789273,-0.08739354,0.0
820560118,0.087037325,0.07770098,-0.08731388,0.0
820757582,0.09148897,0.07781686,-0.08753053,0.0
820958770,0.08735465,0.076785944,-0.08766701,0.0
821158747,0.09231961,0.079336286,-0.087989755,0.0
821357403,0.08999343,0.080414854,-0.088362865,0.0
821557404,0.08802741,0.077030025,-0.088693,0.0
821757291,0.086703755,0.07763962,-0.08900479,0.0
821957235,0.090128615,0.07917456,-0.08969599,0.0
822159669,0.09076737,0.08015479,-0.0902429,0.0
822358394,0.0915526,0.080739915,-0.090420894,0.0
822558316,0.09535688,0.08053977,-0.09051361,0.0
822758249,0.09226935,0.08084726,-0.09059217,0.0
822956962,0.0932569,0.08182672,-0.09081747,0.0
823160639,0.094842255,0.08110108,-0.09088287,0.0
823359347,0.09368188,0.081418194,-0.09091076,0.0
823559273,0.09443463,0.081477895,-0.09082025,0.0
823759225,0.09458229,0.08708573,-0.090799935,0.0
823957917,0.09087987,0.07620015,-0.09056313,0.0
824157859,0.088913195,0.07553838,-0.09027225,0.0
824357860,0.09118268,0.08791842,-0.09024742,0.0
824560244,0.092739955,0.0834745,-0.089918256,0.0
824760187,0.0923985,0.081177115,-0.08969587,0.0
824958879,0.09220102,0.080343194,-0.08950569,0.0
825158881,0.09422462,0.07917215,-0.089172214,0.0
825358775,0.0893258,0.08034449,-0.088625096,0.0
825557465,0.08875237,0.07926757,-0.08829654,0.0
825757401,0.09501777,0.07860535,-0.08773186,0.0
825957366,0.0933639,0.07809362,-0.08691713,0.0
826159798,0.09050135,0.0771658,-0.08587895,0.0
826359741,0.092431135,0.07454832,-0.08485356,0.0
826558426,0.0879887,0.0782902,-0.08379991,0.0
826758378,0.09402521,0.07687095,-0.08295118,0.0
826958330,0.089514196,0.07531624,-0.08208361,0.0
827157014,0.09164316,0.07748555,-0.0815977,0.0
827360701,0.09186098,0.07470843,-0.081339374,0.0
827559395,0.09322849,0.07754246,-0.08137849,0.0
827759367,0.09091326,0.076187655,-0.08091044,0.0
827959294,0.09034452,0.07568797,-0.08050526,0.0
828157974,0.09036608,0.07608224,-0.08032822,0.0
828357914,0.08859096,0.07512258,-0.080125704,0.0
828557857,0.08853542,0.075512156,-0.08000433,0.0
828760316,0.091236345,0.07598729,-0.07998582,0.0
828960269,0.09222267,0.07714786,-0.08013255,0.0
829158947,0.092569254,0.07795856,-0.0801657,0.0
829358885,0.09172138,0.075970076,-0.07985868,0.0
829558831,0.09235252,0.076443486,-0.07983569,0.0
829757541,0.092270404,0.07680302,-0.07996756,0.0
829957469,0.09231976,0.07823963,-0.0803052,0.0
830157416,0.092626885,0.07767848,-0.080635495,0.0
830359851,0.09101928,0.07821051,-0.08113498,0.0
830559803,0.0910532,0.078615904,-0.08163351,0.0
830758489,0.092962764,0.079623215,-0.0821643,0.0
830958430,0.09300814,0.0801924,-0.08253256,0.0
831158379,0.09306282,0.08051713,-0.08298806,0.0
831357063,0.0934984,0.080385394,-0.083192356,0.0
831560768,0.09302514,0.08051424,-0.08328457,0.0
831759459,0.09345172,0.08051747,-0.08340264,0.0
831959410,0.08674427,0.08075886,-0.08330937,0.0
832159348,0.096682906,0.08140634,-0.083401114,0.0
832358039,0.09740279,0.080143586,-0.083281346,0.0
832559242,0.095340975,0.08079374,-0.0837394,0.0
832759179,0.08603567,0.0824662,-0.084380515,0.0
832960360,0.08687981,0.07736395,-0.08512816,0.0
833160303,0.08800485,0.079372734,-0.085712634,0.0
833359000,0.09911806,0.082433976,-0.08597914,0.0
833558948,0.09555946,0.08124288,-0.08569551,0.0
833758892,0.09345062,0.07931852,-0.08548139,0.0
833958832,0.09321517,0.08104094,-0.08543718,0.0
834158782,0.09179775,0.07993525,-0.08551565,0.0
834358729,0.09163204,0.07260538,-0.0855358,0.0
834559910,0.09094057,0.083029,-0.08564817,0.0
834759845,0.09205387,0.07880887,-0.0857442,0.0
834958545,0.095747806,0.079715475,-0.08588846,0.0
835158488,0.09591921,0.08412534,-0.086019404,0.0
835358442,0.09324939,0.080665894,-0.086185075,0.0
835558384,0.091644086,0.08258581,-0.08657502,0.0
835758320,0.09318274,0.07818667,-0.08686954,0.0
835959510,0.092147194,0.0816761,-0.08727289,0.0
836159465,0.09065088,0.07908277,-0.08752124,0.0
836359389,0.090247154,0.076583,-0.087689854,0.0
836558092,0.088743724,0.07508711,-0.08772619,0.0
836758070,0.09083638,0.082377024,-0.08799173,0.0
836957987,0.09118354,0.07977739,-0.08811419,0.0
837157918,0.092855364,0.079299204,-0.08847129,0.0
837357862,0.08891941,0.08157024,-0.0889661,0.0
837559046,0.09180655,0.075540945,-0.089486115,0.0
837758988,0.09072697,0.07235962,-0.089659676,0.0
837958961,0.090137064,0.085894614,-0.09036968,0.0
838157640,0.08883378,0.078960866,-0.090588994,0.0
838357575,0.08629582,0.078986496,-0.09080206,0.0
838557519,0.08921396,0.07985066,-0.09110387,0.0
838759950,0.088852815,0.08493728,-0.09133706,0.0
838957410,0.09324083,0.07800021,-0.09154902,0.0
839158584,0.092280924,0.080732845,-0.09195354,0.0
839358529,0.09548876,0.08255233,-0.09195849,0.0
839558474,0.095522024,0.08265286,-0.09149321,0.0
839757175,0.09474805,0.080390394,-0.09056148,0.0
839957160,0.08934143,0.08197332,-0.08927338,0.0
840159552,0.0863299,0.079319015,-0.087906644,0.0
840357001,0.094662264,0.08044902,-0.08659058,0.0
840559450,0.09510176,0.08418879,-0.08488731,0.0
840758129,0.090146735,0.07942164,-0.08314864,0.0
840958071,0.084734686,0.07366378,-0.08113209,0.0
841158015,0.0916763,0.07887371,-0.07945464,0.0
841360457,0.0906981,0.07724533,-0.0775549,0.0
841560408,0.08720496,0.07566848,-0.075792365,0.0
841759085,0.086695075,0.075453706,-0.074361704,0.0
841959030,0.08514584,0.075049095,-0.073201224,0.0
842158974,0.084894314,0.07442544,-0.072261214,0.0
842357673,0.08551116,0.07610928,-0.07169123,0.0
842557607,0.08513202,0.07241933,-0.07112358,0.0
842760055,0.08358239,0.07452701,-0.070684984,0.0
842960042,0.08321277,0.077137366,-0.070346445,0.0
843159949,0.08538188,0.0738319,-0.07010925,0.0
843358664,0.085045956,0.07617803,-0.06997621,0.0
843558574,0.08005983,0.07192883,-0.069764666,0.0
843758518,0.08776133,0.073093146,-0.069749124,0.0
843957254,0.0854361,0.074778095,-0.06967057,0.0
844160908,0.08260574,0.07404606,-0.06974057,0.0
844359610,0.07908315,0.07466259,-0.0698788,0.0
844559534,0.086340375,0.0712293,-0.069982156,0.0
844759526,0.0916528,0.07079475,-0.06984907,0.0
844958185,0.08798908,0.07167834,-0.06931725,0.0
845158122,0.08109365,0.07197367,-0.06908722,0.0
845356812,0.07861037,0.0678328,-0.06857965,0.0
845560492,0.086122274,0.07345795,-0.06840662,0.0
845760445,0.09198695,0.07284091,-0.06789981,0.0
845959153,0.08649448,0.07239677,-0.067500755,0.0
846159087,0.083819285,0.0742823,-0.06726891,0.0
846359021,0.091157325,0.07358845,-0.06744444,0.0
846557703,0.09304228,0.07395183,-0.06771085,0.0
846757653,0.08459989,0.07065487,-0.06761764,0.0
846960088,0.083094336,0.07205936,-0.06769536,0.0
847160035,0.08811776,0.07499302,-0.06818925,0.0
847359979,0.08750153,0.07476279,-0.068775505,0.0
847558667,0.08943982,0.07386779,-0.06955789,0.0
847758613,0.088931605,0.07305964,-0.07039831,0.0
847957307,0.08706654,0.07447105,-0.07104943,0.0
848157245,0.09026068,0.07051647,-0.07246718,0.0
848360943,0.0841741,0.06394719,-0.07302912,0.0
848559632,0.075618036,0.06168518,-0.07362042,0.0
848759569,0.06751307,0.0523406,-0.073813386,0.0
848959541,0.064180665,0.04825383,-0.07394703,0.0
849158210,0.06418722,0.045744002,-0.07396825,0.0
849358194,0.06418722,0.045744002,-0.07396825,0.0
849556832,0.06418722,0.045744002,-0.07396825,0.0
849760524,0.06418722,0.045744002,-0.07396825,0.0
849960479,0.06418722,0.045744002,-0.07396825,0.0
850159160,0.06418722,0.045744002,-0.07396825,0.0
850359104,0.06418722,0.045744002,-0.07396825,0.0
850559049,0.06418722,0.045744002,-0.07396825,0.0
850757748,0.06418722,0.045744002,-0.07396825,0.0
850957684,0.06418722,0.045744002,-0.07396825,0.0
851160121,0.06418722,0.045744002,-0.07396825,0.0
851360064,0.06418722,0.045744002,-0.07396825,0.0
851560008,0.06418722,0.045744002,-0.07396825,0.0
851758700,0.06418722,0.045744002,-0.07396825,0.0
851958641,0.06418722,0.045744002,-0.07396825,0.0
852157337,0.06418722,0.045744002,-0.07396825,0.0
852357322,0.06418722,0.045744002,-0.07396825,0.0
852557223,0.06418722,0.045744002,-0.07396825,0.0
852759657,0.06418722,0.045744002,-0.07396825,0.0
852959601,0.06418722,0.045744002,-0.07396825,0.0
853158318,0.06418722,0.045744002,-0.07396825,0.0
853358238,0.06418722,0.045744002,-0.07396825,0.0
853558177,0.06418722,0.045744002,-0.07396825,0.0
853756868,0.06418722,0.045744002,-0.07396825,0.0
853960555,0.06418722,0.045744002,-0.07396825,0.0
854156761,0.06418722,0.045744002,-0.07396825,0.0
854359198,0.06418722,0.045744002,-0.07396825,0.0
854559139,0.06418722,0.045744002,-0.07396825,0.0
854757834,0.06418722,0.045744002,-0.07396825,0.0
854957780,0.06418722,0.045744002,-0.07396825,0.0
855157716,0.06418722,0.045744002,-0.07396825,0.0
855357703,0.06418722,0.045744002,-0.07396825,0.0
855557607,0.06418722,0.045744002,-0.07396825,0.0
855757551,0.06418722,0.045744002,-0.07396825,0.0
855958727,0.06418722,0.045744002,-0.07396825,0.0
856158722,0.06418722,0.045744002,-0.07396825,0.0
856357367,0.06418722,0.045744002,-0.07396825,0.0
856557307,0.06418722,0.045744002,-0.07396825,0.0
856761011,0.06418722,0.045744002,-0.07396825,0.0
856957212,0.06418722,0.045744002,-0.07396825,0.0
857159629,0.06418722,0.045744002,-0.07396825,0.0
857358317,0.06418722,0.045744002,-0.07396825,0.0
857558264,0.06418722,0.045744002,-0.07396825,0.0
857758217,0.06418722,0.045744002,-0.07396825,0.0
857956907,0.06418722,0.045744002,-0.07396825,0.0
858160583,0.06418722,0.045744002,-0.07396825,0.0
858360532,0.06418722,0.045744002,-0.07396825,0.0
858559251,0.06418722,0.045744002,-0.07396825,0.0
858759154,0.06418722,0.045744002,-0.07396825,0.0
858957854,0.06418722,0.045744002,-0.07396825,0.0
859157794,0.06418722,0.045744002,-0.07396825,0.0
859357742,0.06418722,0.045744002,-0.07396825,0.0
859560181,0.06418722,0.045744002,-0.07396825,0.0
859760120,0.06418722,0.045744002,-0.07396825,0.0
859960129,0.06418722,0.045744002,-0.07396825,0.0
860158751,0.06418722,0.045744002,-0.07396825,0.0
860358688,0.06418722,0.045744002,-0.07396825,0.0
860557393,0.0,0.0,0.0,0.0
860757332,0.0,0.0,0.0,0.0
860961048,0.0,0.0,0.0,0.0
861159712,0.0,0.0,0.0,0.0
861359658,0.0,0.0,0.0,0.0
