timestamp,data_rate,rate_multiplier,rate_rx,rate_tx,rate_txerr,type,mode,flow_control,forwarding,mavlink_v2,ftp,streams,_padding0[0],_padding0[1],_padding0[2],_padding0[3],_padding0[4],heartbeats[0].timestamp,heartbeats[0].system_id,heartbeats[0].component_id,heartbeats[0].type,heartbeats[0].state,heartbeats[0]._padding0[0],heartbeats[0]._padding0[1],heartbeats[0]._padding0[2],heartbeats[0]._padding0[3],heartbeats[1].timestamp,heartbeats[1].system_id,heartbeats[1].component_id,heartbeats[1].type,heartbeats[1].state,heartbeats[1]._padding0[0],heartbeats[1]._padding0[1],heartbeats[1]._padding0[2],heartbeats[1]._padding0[3],heartbeats[2].timestamp,heartbeats[2].system_id,heartbeats[2].component_id,heartbeats[2].type,heartbeats[2].state,heartbeats[2]._padding0[0],heartbeats[2]._padding0[1],heartbeats[2]._padding0[2],heartbeats[2]._padding0[3],heartbeats[3].timestamp,heartbeats[3].system_id,heartbeats[3].component_id,heartbeats[3].type,heartbeats[3].state,heartbeats[3]._padding0[0],heartbeats[3]._padding0[1],heartbeats[3]._padding0[2],heartbeats[3]._padding0[3]
614751269,1200.0,0.62888896,0.041958626,1.2507668,0.0,0,0,1,1,1,1,38,0,0,0,0,0,614750762,255,190,6,4,0,0,0,0,0,0,0,0,0,0,0,0,0,0,0,0,0,0,0,0,0,0,0,0,0,0,0,0,0,0,0
615759100,1200.0,0.62888896,0.12897618,1.4574308,0.0,0,0,1,1,1,1,38,0,0,0,0,0,615757629,255,190,6,4,0,0,0,0,0,0,0,0,0,0,0,0,0,0,0,0,0,0,0,0,0,0,0,0,0,0,0,0,0,0,0
616759308,1200.0,0.62888896,0.04199857,0.90996903,0.0,0,0,1,1,1,1,38,0,0,0,0,0,615757629,255,190,6,4,0,0,0,0,0,0,0,0,0,0,0,0,0,0,0,0,0,0,0,0,0,0,0,0,0,0,0,0,0,0,0
616869219,1200.0,0.62888896,0.04199857,0.90996903,0.0,0,0,1,1,1,1,38,0,0,0,0,0,616859800,255,190,6,4,0,0,0,0,0,0,0,0,0,0,0,0,0,0,0,0,0,0,0,0,0,0,0,0,0,0,0,0,0,0,0
617759387,1200.0,0.62888896,0.041578393,1.3542676,0.0,0,0,1,1,1,1,38,0,0,0,0,0,617750763,255,190,6,4,0,0,0,0,0,0,0,0,0,0,0,0,0,0,0,0,0,0,0,0,0,0,0,0,0,0,0,0,0,0,0
618769408,1200.0,0.62888896,0.04159136,1.1477236,0.0,0,0,1,1,1,1,38,0,0,0,0,0,618761769,255,190,6,4,0,0,0,0,0,0,0,0,0,0,0,0,0,0,0,0,0,0,0,0,0,0,0,0,0,0,0,0,0,0,0
619829159,1200.0,0.62888896,0.04199735,1.2199231,0.0,0,0,1,1,1,1,38,0,0,0,0,0,619821808,255,190,6,4,0,0,0,0,0,0,0,0,0,0,0,0,0,0,0,0,0,0,0,0,0,0,0,0,0,0,0,0,0,0,0
620849206,1200.0,0.62888896,0.041585762,1.2307405,0.0,0,0,1,1,1,1,38,0,0,0,0,0,620841762,255,190,6,4,0,0,0,0,0,0,0,0,0,0,0,0,0,0,0,0,0,0,0,0,0,0,0,0,0,0,0,0,0,0,0
621769147,1200.0,0.62888896,0.041994873,1.0228752,0.0,0,0,1,1,1,1,38,0,0,0,0,0,621765766,255,190,6,4,0,0,0,0,0,0,0,0,0,0,0,0,0,0,0,0,0,0,0,0,0,0,0,0,0,0,0,0,0,0,0
622829103,1200.0,0.62888896,0.06733653,1.2160186,0.0,0,0,1,1,1,1,38,0,0,0,0,0,622828822,255,190,6,4,0,0,0,0,0,0,0,0,0,0,0,0,0,0,0,0,0,0,0,0,0,0,0,0,0,0,0,0,0,0,0
623849167,1200.0,0.62888896,0.041999955,1.1419988,0.0,0,0,1,1,1,1,38,0,0,0,0,0,623845779,255,190,6,4,0,0,0,0,0,0,0,0,0,0,0,0,0,0,0,0,0,0,0,0,0,0,0,0,0,0,0,0,0,0,0
624779136,1200.0,0.62888896,0.041584197,1.108912,0.0,0,0,1,1,1,1,38,0,0,0,0,0,624769873,255,190,6,4,0,0,0,0,0,0,0,0,0,0,0,0,0,0,0,0,0,0,0,0,0,0,0,0,0,0,0,0,0,0,0
625819433,1200.0,0.62888896,0.041999914,1.1999975,0.0,0,0,1,1,1,1,38,0,0,0,0,0,625817765,255,190,6,4,0,0,0,0,0,0,0,0,0,0,0,0,0,0,0,0,0,0,0,0,0,0,0,0,0,0,0,0,0,0,0
626849266,1200.0,0.62888896,0.04199857,0.9449678,0.0,0,0,1,1,1,1,38,0,0,0,0,0,626848765,255,190,6,4,0,0,0,0,0,0,0,0,0,0,0,0,0,0,0,0,0,0,0,0,0,0,0,0,0,0,0,0,0,0,0
627919106,1200.0,0.62888896,0.04158358,1.2643389,0.0,0,0,1,1,1,1,38,0,0,0,0,0,627912765,255,190,6,4,0,0,0,0,0,0,0,0,0,0,0,0,0,0,0,0,0,0,0,0,0,0,0,0,0,0,0,0,0,0,0
628849151,1200.0,0.62888896,0.041586176,1.1634227,0.0,0,0,1,1,1,1,38,0,0,0,0,0,628840758,255,190,6,4,0,0,0,0,0,0,0,0,0,0,0,0,0,0,0,0,0,0,0,0,0,0,0,0,0,0,0,0,0,0,0
629859104,1200.0,0.62888896,0.04199731,0.8529454,0.0,0,0,1,1,1,1,38,0,0,0,0,0,629852764,255,190,6,4,0,0,0,0,0,0,0,0,0,0,0,0,0,0,0,0,0,0,0,0,0,0,0,0,0,0,0,0,0,0,0
630939172,1200.0,0.62888896,0.041583415,1.376213,0.0,0,0,1,1,1,1,38,0,0,0,0,0,630931772,255,190,6,4,0,0,0,0,0,0,0,0,0,0,0,0,0,0,0,0,0,0,0,0,0,0,0,0,0,0,0,0,0,0,0
631849136,1200.0,0.62888896,0.041587573,1.1446484,0.0,0,0,1,1,1,1,38,0,0,0,0,0,631844768,255,190,6,4,0,0,0,0,0,0,0,0,0,0,0,0,0,0,0,0,0,0,0,0,0,0,0,0,0,0,0,0,0,0,0
632859293,1200.0,0.62888896,0.067324325,0.95640147,0.0,0,0,1,1,1,1,38,0,0,0,0,0,632856804,255,190,6,4,0,0,0,0,0,0,0,0,0,0,0,0,0,0,0,0,0,0,0,0,0,0,0,0,0,0,0,0,0,0,0
633929124,1200.0,0.62888896,0.04199374,1.280809,0.0,0,0,1,1,1,1,38,0,0,0,0,0,633920773,255,190,6,4,0,0,0,0,0,0,0,0,0,0,0,0,0,0,0,0,0,0,0,0,0,0,0,0,0,0,0,0,0,0,0
634889219,1200.0,0.62888896,0.041591734,1.2031895,0.0,0,0,1,1,1,1,38,0,0,0,0,0,634881782,255,190,6,4,0,0,0,0,0,0,0,0,0,0,0,0,0,0,0,0,0,0,0,0,0,0,0,0,0,0,0,0,0,0,0
635869192,1200.0,0.62888896,0.04199836,0.9029647,0.0,0,0,1,1,1,1,38,0,0,0,0,0,635860759,255,190,6,4,0,0,0,0,0,0,0,0,0,0,0,0,0,0,0,0,0,0,0,0,0,0,0,0,0,0,0,0,0,0,0
636929138,1200.0,0.62888896,0.04158181,1.2395339,0.0,0,0,1,1,1,1,38,0,0,0,0,0,636925489,255,190,6,4,0,0,0,0,0,0,0,0,0,0,0,0,0,0,0,0,0,0,0,0,0,0,0,0,0,0,0,0,0,0,0
637949292,1200.0,0.62888896,0.04158671,1.1495755,0.0,0,0,1,1,1,1,38,0,0,0,0,0,637940020,255,190,6,4,0,0,0,0,0,0,0,0,0,0,0,0,0,0,0,0,0,0,0,0,0,0,0,0,0,0,0,0,0,0,0
638869138,1200.0,0.62888896,0.04158185,1.1326104,0.0,0,0,1,1,1,1,38,0,0,0,0,0,638865748,255,190,6,4,0,0,0,0,0,0,0,0,0,0,0,0,0,0,0,0,0,0,0,0,0,0,0,0,0,0,0,0,0,0,0
639920105,1200.0,0.62888896,0.04196177,1.1599432,0.0,0,0,1,1,1,1,38,0,0,0,0,0,639918766,255,190,6,4,0,0,0,0,0,0,0,0,0,0,0,0,0,0,0,0,0,0,0,0,0,0,0,0,0,0,0,0,0,0,0
640860391,1200.0,0.62888896,0.041583084,1.0940312,0.0,0,0,1,1,1,1,38,0,0,0,0,0,640851778,255,190,6,4,0,0,0,0,0,0,0,0,0,0,0,0,0,0,0,0,0,0,0,0,0,0,0,0,0,0,0,0,0,0,0
641870248,1200.0,0.62888896,0.041993868,1.1538315,0.0,0,0,1,1,1,1,38,0,0,0,0,0,641867769,255,190,6,4,0,0,0,0,0,0,0,0,0,0,0,0,0,0,0,0,0,0,0,0,0,0,0,0,0,0,0,0,0,0,0
642930364,1200.0,0.62888896,0.06732973,1.2396591,0.0,0,0,1,1,1,1,38,0,0,0,0,0,642928930,255,190,6,4,0,0,0,0,0,0,0,0,0,0,0,0,0,0,0,0,0,0,0,0,0,0,0,0,0,0,0,0,0,0,0
643950197,1200.0,0.62888896,0.041588068,1.0139568,0.0,0,0,1,1,1,1,38,0,0,0,0,0,643947760,255,190,6,4,0,0,0,0,0,0,0,0,0,0,0,0,0,0,0,0,0,0,0,0,0,0,0,0,0,0,0,0,0,0,0
645020105,1200.0,0.62888896,0.041585475,1.21588,0.0,0,0,1,1,1,1,38,0,0,0,0,0,645014930,255,190,6,4,0,0,0,0,0,0,0,0,0,0,0,0,0,0,0,0,0,0,0,0,0,0,0,0,0,0,0,0,0,0,0
645960262,1200.0,0.62888896,0.062999494,0.86299306,0.0,0,0,1,1,1,1,38,0,0,0,0,0,645959763,255,190,6,4,0,0,0,0,0,0,0,0,0,0,0,0,0,0,0,0,0,0,0,0,0,0,0,0,0,0,0,0,0,0,0
646960140,1200.0,0.62888896,0.041584566,1.3455578,0.0,0,0,1,1,1,1,38,0,0,0,0,0,646950827,255,190,6,4,0,0,0,0,0,0,0,0,0,0,0,0,0,0,0,0,0,0,0,0,0,0,0,0,0,0,0,0,0,0,0
648030370,1200.0,0.62888896,0.020999977,1.1329988,0.0,0,0,1,1,1,1,38,0,0,0,0,0,648029809,255,190,6,4,0,0,0,0,0,0,0,0,0,0,0,0,0,0,0,0,0,0,0,0,0,0,0,0,0,0,0,0,0,0,0
648940125,1200.0,0.62888896,0.06299962,0.99799395,0.0,0,0,1,1,1,1,38,0,0,0,0,0,648938847,255,190,6,4,0,0,0,0,0,0,0,0,0,0,0,0,0,0,0,0,0,0,0,0,0,0,0,0,0,0,0,0,0,0,0
649960261,1200.0,0.62888896,0.041576583,1.192852,0.0,0,0,1,1,1,1,38,0,0,0,0,0,649954851,255,190,6,4,0,0,0,0,0,0,0,0,0,0,0,0,0,0,0,0,0,0,0,0,0,0,0,0,0,0,0,0,0,0,0
651020259,1200.0,0.62888896,0.020795312,1.256631,0.0,0,0,1,1,1,1,38,0,0,0,0,0,651014760,255,190,6,4,0,0,0,0,0,0,0,0,0,0,0,0,0,0,0,0,0,0,0,0,0,0,0,0,0,0,0,0,0,0,0
651950306,1200.0,0.62888896,0.062378332,0.84458286,0.0,0,0,1,1,1,1,38,0,0,0,0,0,651944788,255,190,6,4,0,0,0,0,0,0,0,0,0,0,0,0,0,0,0,0,0,0,0,0,0,0,0,0,0,0,0,0,0,0,0
652960103,1200.0,0.62888896,0.067999184,1.4339827,0.0,0,0,1,1,1,1,38,0,0,0,0,0,652958766,255,190,6,4,0,0,0,0,0,0,0,0,0,0,0,0,0,0,0,0,0,0,0,0,0,0,0,0,0,0,0,0,0,0,0
654020135,1200.0,0.62888896,0.020996388,1.0938118,0.0,0,0,1,1,1,1,38,0,0,0,0,0,654014771,255,190,6,4,0,0,0,0,0,0,0,0,0,0,0,0,0,0,0,0,0,0,0,0,0,0,0,0,0,0,0,0,0,0,0
654950328,1200.0,0.62888896,0.062387414,1.0150334,0.0,0,0,1,1,1,1,38,0,0,0,0,0,654942765,255,190,6,4,0,0,0,0,0,0,0,0,0,0,0,0,0,0,0,0,0,0,0,0,0,0,0,0,0,0,0,0,0,0,0
655970175,1200.0,0.62888896,0.041995797,1.1738826,0.0,0,0,1,1,1,1,38,0,0,0,0,0,655962804,255,190,6,4,0,0,0,0,0,0,0,0,0,0,0,0,0,0,0,0,0,0,0,0,0,0,0,0,0,0,0,0,0,0,0
657060140,1200.0,0.62888896,0.029705968,1.134768,0.0,0,0,1,1,1,1,38,0,0,0,0,0,657055763,255,190,6,4,0,0,0,0,0,0,0,0,0,0,0,0,0,0,0,0,0,0,0,0,0,0,0,0,0,0,0,0,0,0,0
657950173,1200.0,0.62888896,0.0534654,1.0514861,0.0,0,0,1,1,1,1,38,0,0,0,0,0,657947775,255,190,6,4,0,0,0,0,0,0,0,0,0,0,0,0,0,0,0,0,0,0,0,0,0,0,0,0,0,0,0,0,0,0,0
658970103,1200.0,0.62888896,0.04158395,1.2702906,0.0,0,0,1,1,1,1,38,0,0,0,0,0,658966956,255,190,6,4,0,0,0,0,0,0,0,0,0,0,0,0,0,0,0,0,0,0,0,0,0,0,0,0,0,0,0,0,0,0,0
660050219,1200.0,0.62888896,0.041991472,0.9828004,0.0,0,0,1,1,1,1,38,0,0,0,0,0,660044768,255,190,6,4,0,0,0,0,0,0,0,0,0,0,0,0,0,0,0,0,0,0,0,0,0,0,0,0,0,0,0,0,0,0,0
660950492,1200.0,0.62888896,0.04159268,1.242829,0.0,0,0,1,1,1,1,38,0,0,0,0,0,660949767,255,190,6,4,0,0,0,0,0,0,0,0,0,0,0,0,0,0,0,0,0,0,0,0,0,0,0,0,0,0,0,0,0,0,0
661980436,1200.0,0.62888896,0.04198157,1.1504949,0.0,0,0,1,1,1,1,38,0,0,0,0,0,661970762,255,190,6,4,0,0,0,0,0,0,0,0,0,0,0,0,0,0,0,0,0,0,0,0,0,0,0,0,0,0,0,0,0,0,0
663040295,1200.0,0.62888896,0.06734993,1.1350445,0.0,0,0,1,1,1,1,38,0,0,0,0,0,663031761,255,190,6,4,0,0,0,0,0,0,0,0,0,0,0,0,0,0,0,0,0,0,0,0,0,0,0,0,0,0,0,0,0,0,0
663960242,1200.0,0.62888896,0.041582838,1.1762003,0.0,0,0,1,1,1,1,38,0,0,0,0,0,663958830,255,190,6,4,0,0,0,0,0,0,0,0,0,0,0,0,0,0,0,0,0,0,0,0,0,0,0,0,0,0,0,0,0,0,0
664980177,1200.0,0.62888896,0.041585926,1.1218299,0.0,0,0,1,1,1,1,38,0,0,0,0,0,664973758,255,190,6,4,0,0,0,0,0,0,0,0,0,0,0,0,0,0,0,0,0,0,0,0,0,0,0,0,0,0,0,0,0,0,0
666050105,1200.0,0.62888896,0.04158321,1.1484886,0.0,0,0,1,1,1,1,38,0,0,0,0,0,666045836,255,190,6,4,0,0,0,0,0,0,0,0,0,0,0,0,0,0,0,0,0,0,0,0,0,0,0,0,0,0,0,0,0,0,0
667060390,1200.0,0.62888896,0.041580945,1.0910047,0.0,0,0,1,1,1,1,38,0,0,0,0,0,667053798,255,190,6,4,0,0,0,0,0,0,0,0,0,0,0,0,0,0,0,0,0,0,0,0,0,0,0,0,0,0,0,0,0,0,0
668210300,1200.0,0.62888896,0.041587,0.9792748,0.0,0,0,1,1,1,1,38,0,0,0,0,0,668209448,255,190,6,4,0,0,0,0,0,0,0,0,0,0,0,0,0,0,0,0,0,0,0,0,0,0,0,0,0,0,0,0,0,0,0
669050104,1200.0,0.62888896,0.04158222,1.3177603,0.0,0,0,1,1,1,1,38,0,0,0,0,0,669044766,255,190,6,4,0,0,0,0,0,0,0,0,0,0,0,0,0,0,0,0,0,0,0,0,0,0,0,0,0,0,0,0,0,0,0
670060141,1200.0,0.62888896,0.041589264,1.1328123,0.0,0,0,1,1,1,1,38,0,0,0,0,0,670057768,255,190,6,4,0,0,0,0,0,0,0,0,0,0,0,0,0,0,0,0,0,0,0,0,0,0,0,0,0,0,0,0,0,0,0
671130136,1200.0,0.62888896,0.041582756,0.9069001,0.0,0,0,1,1,1,1,38,0,0,0,0,0,671124782,255,190,6,4,0,0,0,0,0,0,0,0,0,0,0,0,0,0,0,0,0,0,0,0,0,0,0,0,0,0,0,0,0,0,0
672060104,1200.0,0.62888896,0.06733126,1.4367303,0.0,0,0,1,1,1,1,38,0,0,0,0,0,672051862,255,190,6,4,0,0,0,0,0,0,0,0,0,0,0,0,0,0,0,0,0,0,0,0,0,0,0,0,0,0,0,0,0,0,0
673070136,1200.0,0.62888896,0.04158424,1.0514872,0.0,0,0,1,1,1,1,38,0,0,0,0,0,673061765,255,190,6,4,0,0,0,0,0,0,0,0,0,0,0,0,0,0,0,0,0,0,0,0,0,0,0,0,0,0,0,0,0,0,0
674120207,1200.0,0.62888896,0.041994162,0.99886113,0.0,0,0,1,1,1,1,38,0,0,0,0,0,674119791,255,190,6,4,0,0,0,0,0,0,0,0,0,0,0,0,0,0,0,0,0,0,0,0,0,0,0,0,0,0,0,0,0,0,0
675050119,1200.0,0.62888896,0.06238371,1.2021242,0.0,0,0,1,1,1,1,38,0,0,0,0,0,675049766,255,190,6,4,0,0,0,0,0,0,0,0,0,0,0,0,0,0,0,0,0,0,0,0,0,0,0,0,0,0,0,0,0,0,0
676070435,1200.0,0.62888896,0.020998655,1.0519327,0.0,0,0,1,1,1,1,38,0,0,0,0,0,676065758,255,190,6,4,0,0,0,0,0,0,0,0,0,0,0,0,0,0,0,0,0,0,0,0,0,0,0,0,0,0,0,0,0,0,0
677120196,1200.0,0.62888896,0.041586008,1.0911376,0.0,0,0,1,1,1,1,38,0,0,0,0,0,677115858,255,190,6,4,0,0,0,0,0,0,0,0,0,0,0,0,0,0,0,0,0,0,0,0,0,0,0,0,0,0,0,0,0,0,0
678060147,1200.0,0.62888896,0.041586008,1.0911376,0.0,0,0,1,1,1,1,38,0,0,0,0,0,678054764,255,190,6,4,0,0,0,0,0,0,0,0,0,0,0,0,0,0,0,0,0,0,0,0,0,0,0,0,0,0,0,0,0,0,0
679070137,1200.0,0.62888896,0.06237846,1.2703422,0.0,0,0,1,1,1,1,38,0,0,0,0,0,679068766,255,190,6,4,0,0,0,0,0,0,0,0,0,0,0,0,0,0,0,0,0,0,0,0,0,0,0,0,0,0,0,0,0,0,0
680140284,1200.0,0.62888896,0.020995568,1.2287407,0.0,0,0,1,1,1,1,38,0,0,0,0,0,680135760,255,190,6,4,0,0,0,0,0,0,0,0,0,0,0,0,0,0,0,0,0,0,0,0,0,0,0,0,0,0,0,0,0,0,0
681150211,1200.0,0.62888896,0.04159771,1.1894964,0.0,0,0,1,1,1,1,38,0,0,0,0,0,681148764,255,190,6,4,0,0,0,0,0,0,0,0,0,0,0,0,0,0,0,0,0,0,0,0,0,0,0,0,0,0,0,0,0,0,0
682080142,1200.0,0.62888896,0.04159771,1.1894964,0.0,0,0,1,1,1,1,38,0,0,0,0,0,682072767,255,190,6,4,0,0,0,0,0,0,0,0,0,0,0,0,0,0,0,0,0,0,0,0,0,0,0,0,0,0,0,0,0,0,0
683140106,1200.0,0.62888896,0.02099939,1.1769658,0.0,0,0,1,1,1,1,38,0,0,0,0,0,683131210,255,190,6,4,0,0,0,0,0,0,0,0,0,0,0,0,0,0,0,0,0,0,0,0,0,0,0,0,0,0,0,0,0,0,0
684161132,1200.0,0.62888896,0.041952047,1.1426939,0.0,0,0,1,1,1,1,38,0,0,0,0,0,684152761,255,190,6,4,0,0,0,0,0,0,0,0,0,0,0,0,0,0,0,0,0,0,0,0,0,0,0,0,0,0,0,0,0,0,0
685221247,1200.0,0.62888896,0.04159136,1.1071224,0.0,0,0,1,1,1,1,38,0,0,0,0,0,685216764,255,190,6,4,0,0,0,0,0,0,0,0,0,0,0,0,0,0,0,0,0,0,0,0,0,0,0,0,0,0,0,0,0,0,0
686141137,1200.0,0.62888896,0.041999746,1.2199926,0.0,0,0,1,1,1,1,38,0,0,0,0,0,686131767,255,190,6,4,0,0,0,0,0,0,0,0,0,0,0,0,0,0,0,0,0,0,0,0,0,0,0,0,0,0,0,0,0,0,0
687161370,1200.0,0.62888896,0.04198904,0.9567502,0.0,0,0,1,1,1,1,38,0,0,0,0,0,687156312,255,190,6,4,0,0,0,0,0,0,0,0,0,0,0,0,0,0,0,0,0,0,0,0,0,0,0,0,0,0,0,0,0,0,0
688211153,1200.0,0.62888896,0.04159404,1.3062509,0.0,0,0,1,1,1,1,38,0,0,0,0,0,688210759,255,190,6,4,0,0,0,0,0,0,0,0,0,0,0,0,0,0,0,0,0,0,0,0,0,0,0,0,0,0,0,0,0,0,0
689141396,1200.0,0.62888896,0.041585103,1.05943,0.0,0,0,1,1,1,1,38,0,0,0,0,0,689135867,255,190,6,4,0,0,0,0,0,0,0,0,0,0,0,0,0,0,0,0,0,0,0,0,0,0,0,0,0,0,0,0,0,0,0
690161256,1200.0,0.62888896,0.04158436,0.94851947,0.0,0,0,1,1,1,1,38,0,0,0,0,0,690159769,255,190,6,4,0,0,0,0,0,0,0,0,0,0,0,0,0,0,0,0,0,0,0,0,0,0,0,0,0,0,0,0,0,0,0
691221150,1200.0,0.62888896,0.041999955,1.3479986,0.0,0,0,1,1,1,1,38,0,0,0,0,0,691216759,255,190,6,4,0,0,0,0,0,0,0,0,0,0,0,0,0,0,0,0,0,0,0,0,0,0,0,0,0,0,0,0,0,0,0
692181142,1200.0,0.62888896,0.06799816,1.1649685,0.0,0,0,1,1,1,1,38,0,0,0,0,0,692176798,255,190,6,4,0,0,0,0,0,0,0,0,0,0,0,0,0,0,0,0,0,0,0,0,0,0,0,0,0,0,0,0,0,0,0
693171248,1200.0,0.62888896,0.041991726,0.9568115,0.0,0,0,1,1,1,1,38,0,0,0,0,0,693164577,255,190,6,4,0,0,0,0,0,0,0,0,0,0,0,0,0,0,0,0,0,0,0,0,0,0,0,0,0,0,0,0,0,0,0
694241144,1200.0,0.62888896,0.04159334,1.2438389,0.0,0,0,1,1,1,1,38,0,0,0,0,0,694239761,255,190,6,4,0,0,0,0,0,0,0,0,0,0,0,0,0,0,0,0,0,0,0,0,0,0,0,0,0,0,0,0,0,0,0
695251175,1200.0,0.62888896,0.04199962,1.0099909,0.0,0,0,1,1,1,1,38,0,0,0,0,0,695243760,255,190,6,4,0,0,0,0,0,0,0,0,0,0,0,0,0,0,0,0,0,0,0,0,0,0,0,0,0,0,0,0,0,0,0
696311210,1200.0,0.62888896,0.041584607,1.1326855,0.0,0,0,1,1,1,1,38,0,0,0,0,0,696303763,255,190,6,4,0,0,0,0,0,0,0,0,0,0,0,0,0,0,0,0,0,0,0,0,0,0,0,0,0,0,0,0,0,0,0
697231210,1200.0,0.62888896,0.041997436,1.2009267,0.0,0,0,1,1,1,1,38,0,0,0,0,0,697223774,255,190,6,4,0,0,0,0,0,0,0,0,0,0,0,0,0,0,0,0,0,0,0,0,0,0,0,0,0,0,0,0,0,0,0
698251119,1200.0,0.62888896,0.041585308,1.0940897,0.0,0,0,1,1,1,1,38,0,0,0,0,0,698246767,255,190,6,4,0,0,0,0,0,0,0,0,0,0,0,0,0,0,0,0,0,0,0,0,0,0,0,0,0,0,0,0,0,0,0
699321329,1200.0,0.62888896,0.041998025,1.1469461,0.0,0,0,1,1,1,1,38,0,0,0,0,0,699312768,255,190,6,4,0,0,0,0,0,0,0,0,0,0,0,0,0,0,0,0,0,0,0,0,0,0,0,0,0,0,0,0,0,0,0
700241228,1200.0,0.62888896,0.041586626,1.2703724,0.0,0,0,1,1,1,1,38,0,0,0,0,0,700233831,255,190,6,4,0,0,0,0,0,0,0,0,0,0,0,0,0,0,0,0,0,0,0,0,0,0,0,0,0,0,0,0,0,0,0
701251103,1200.0,0.62888896,0.04158498,0.9693261,0.0,0,0,1,1,1,1,38,0,0,0,0,0,701250829,255,190,6,4,0,0,0,0,0,0,0,0,0,0,0,0,0,0,0,0,0,0,0,0,0,0,0,0,0,0,0,0,0,0,0
702311158,1200.0,0.62888896,0.0673156,1.2591977,0.0,0,0,1,1,1,1,38,0,0,0,0,0,702310762,255,190,6,4,0,0,0,0,0,0,0,0,0,0,0,0,0,0,0,0,0,0,0,0,0,0,0,0,0,0,0,0,0,0,0
703291174,1200.0,0.62888896,0.041591033,1.13088,0.0,0,0,1,1,1,1,38,0,0,0,0,0,703282775,255,190,6,4,0,0,0,0,0,0,0,0,0,0,0,0,0,0,0,0,0,0,0,0,0,0,0,0,0,0,0,0,0,0,0
704292314,1200.0,0.62888896,0.041957494,1.1188666,0.0,0,0,1,1,1,1,38,0,0,0,0,0,703282775,255,190,6,4,0,0,0,0,0,0,0,0,0,0,0,0,0,0,0,0,0,0,0,0,0,0,0,0,0,0,0,0,0,0,0
705322294,1200.0,0.62888896,0.0419971,1.15992,0.0,0,0,1,1,1,1,38,0,0,0,0,0,705316874,255,190,6,4,0,0,0,0,0,0,0,0,0,0,0,0,0,0,0,0,0,0,0,0,0,0,0,0,0,0,0,0,0,0,0
706342205,1200.0,0.62888896,0.041998904,0.9849743,0.0,0,0,1,1,1,1,38,0,0,0,0,0,706334798,255,190,6,4,0,0,0,0,0,0,0,0,0,0,0,0,0,0,0,0,0,0,0,0,0,0,0,0,0,0,0,0,0,0,0
707342280,1200.0,0.62888896,0.041587614,1.2248542,0.0,0,0,1,1,1,1,38,0,0,0,0,0,706334798,255,190,6,4,0,0,0,0,0,0,0,0,0,0,0,0,0,0,0,0,0,0,0,0,0,0,0,0,0,0,0,0,0,0,0
708332128,1200.0,0.62888896,0.04158358,1.2029536,0.0,0,0,1,1,1,1,38,0,0,0,0,0,708329832,255,190,6,4,0,0,0,0,0,0,0,0,0,0,0,0,0,0,0,0,0,0,0,0,0,0,0,0,0,0,0,0,0,0,0
709342187,1200.0,0.62888896,0.041998528,0.8529701,0.0,0,0,1,1,1,1,38,0,0,0,0,0,709338861,255,190,6,4,0,0,0,0,0,0,0,0,0,0,0,0,0,0,0,0,0,0,0,0,0,0,0,0,0,0,0,0,0,0,0
710352135,1200.0,0.62888896,0.041587163,1.376337,0.0,0,0,1,1,1,1,38,0,0,0,0,0,709338861,255,190,6,4,0,0,0,0,0,0,0,0,0,0,0,0,0,0,0,0,0,0,0,0,0,0,0,0,0,0,0,0,0,0,0
710412422,1200.0,0.62888896,0.041587163,1.376337,0.0,0,0,1,1,1,1,38,0,0,0,0,0,710407766,255,190,6,4,0,0,0,0,0,0,0,0,0,0,0,0,0,0,0,0,0,0,0,0,0,0,0,0,0,0,0,0,0,0,0
712342104,1200.0,0.62888896,0.067336395,1.0496556,0.0,0,0,1,1,1,1,38,0,0,0,0,0,712341865,255,190,6,4,0,0,0,0,0,0,0,0,0,0,0,0,0,0,0,0,0,0,0,0,0,0,0,0,0,0,0,0,0,0,0
713352104,1200.0,0.62888896,0.04158749,1.1624694,0.0,0,0,1,1,1,1,38,0,0,0,0,0,712341865,255,190,6,4,0,0,0,0,0,0,0,0,0,0,0,0,0,0,0,0,0,0,0,0,0,0,0,0,0,0,0,0,0,0,0
713422147,1200.0,0.62888896,0.04158749,1.1624694,0.0,0,0,1,1,1,1,38,0,0,0,0,0,713420765,255,190,6,4,0,0,0,0,0,0,0,0,0,0,0,0,0,0,0,0,0,0,0,0,0,0,0,0,0,0,0,0,0,0,0
714422103,1200.0,0.62888896,0.041584034,1.3089069,0.0,0,0,1,1,1,1,38,0,0,0,0,0,714421766,255,190,6,4,0,0,0,0,0,0,0,0,0,0,0,0,0,0,0,0,0,0,0,0,0,0,0,0,0,0,0,0,0,0,0
715492192,1200.0,0.62888896,0.04158432,0.89406294,0.0,0,0,1,1,1,1,38,0,0,0,0,0,715482797,255,190,6,4,0,0,0,0,0,0,0,0,0,0,0,0,0,0,0,0,0,0,0,0,0,0,0,0,0,0,0,0,0,0,0
716412289,1200.0,0.62888896,0.041584115,1.2396027,0.0,0,0,1,1,1,1,38,0,0,0,0,0,716409776,255,190,6,4,0,0,0,0,0,0,0,0,0,0,0,0,0,0,0,0,0,0,0,0,0,0,0,0,0,0,0,0,0,0,0
717432107,1200.0,0.62888896,0.0419963,1.0459079,0.0,0,0,1,1,1,1,38,0,0,0,0,0,717425764,255,190,6,4,0,0,0,0,0,0,0,0,0,0,0,0,0,0,0,0,0,0,0,0,0,0,0,0,0,0,0,0,0,0,0
718502206,1200.0,0.62888896,0.041587,1.2258263,0.0,0,0,1,1,1,1,38,0,0,0,0,0,718496767,255,190,6,4,0,0,0,0,0,0,0,0,0,0,0,0,0,0,0,0,0,0,0,0,0,0,0,0,0,0,0,0,0,0,0
719402180,1200.0,0.62888896,0.041584898,1.1495254,0.0,0,0,1,1,1,1,38,0,0,0,0,0,719400763,255,190,6,4,0,0,0,0,0,0,0,0,0,0,0,0,0,0,0,0,0,0,0,0,0,0,0,0,0,0,0,0,0,0,0
720433257,1200.0,0.62888896,0.041953597,1.1037792,0.0,0,0,1,1,1,1,38,0,0,0,0,0,720428835,255,190,6,4,0,0,0,0,0,0,0,0,0,0,0,0,0,0,0,0,0,0,0,0,0,0,0,0,0,0,0,0,0,0,0
721493314,1200.0,0.62888896,0.04158856,1.1219009,0.0,0,0,1,1,1,1,38,0,0,0,0,0,721486763,255,190,6,4,0,0,0,0,0,0,0,0,0,0,0,0,0,0,0,0,0,0,0,0,0,0,0,0,0,0,0,0,0,0,0
722403290,1200.0,0.62888896,0.067996055,1.2729261,0.0,0,0,1,1,1,1,38,0,0,0,0,0,722399846,255,190,6,4,0,0,0,0,0,0,0,0,0,0,0,0,0,0,0,0,0,0,0,0,0,0,0,0,0,0,0,0,0,0,0
723433138,1200.0,0.62888896,0.04199093,0.96979046,0.0,0,0,1,1,1,1,38,0,0,0,0,0,723432785,255,190,6,4,0,0,0,0,0,0,0,0,0,0,0,0,0,0,0,0,0,0,0,0,0,0,0,0,0,0,0,0,0,0,0
724493299,1200.0,0.62888896,0.04159507,1.26964,0.0,0,0,1,1,1,1,38,0,0,0,0,0,724487880,255,190,6,4,0,0,0,0,0,0,0,0,0,0,0,0,0,0,0,0,0,0,0,0,0,0,0,0,0,0,0,0,0,0,0
725453217,1200.0,0.62888896,0.041999076,0.86298096,0.0,0,0,1,1,1,1,38,0,0,0,0,0,725447766,255,190,6,4,0,0,0,0,0,0,0,0,0,0,0,0,0,0,0,0,0,0,0,0,0,0,0,0,0,0,0,0,0,0,0
726443132,1200.0,0.62888896,0.04158078,1.3454353,0.0,0,0,1,1,1,1,38,0,0,0,0,0,726436939,255,190,6,4,0,0,0,0,0,0,0,0,0,0,0,0,0,0,0,0,0,0,0,0,0,0,0,0,0,0,0,0,0,0,0
727593284,1200.0,0.62888896,0.04158881,1.0822992,0.0,0,0,1,1,1,1,38,0,0,0,0,0,727591799,255,190,6,4,0,0,0,0,0,0,0,0,0,0,0,0,0,0,0,0,0,0,0,0,0,0,0,0,0,0,0,0,0,0,0
728433156,1200.0,0.62888896,0.041997056,0.9749317,0.0,0,0,1,1,1,1,38,0,0,0,0,0,728432762,255,190,6,4,0,0,0,0,0,0,0,0,0,0,0,0,0,0,0,0,0,0,0,0,0,0,0,0,0,0,0,0,0,0,0
729443119,1200.0,0.62888896,0.0419984,1.2679517,0.0,0,0,1,1,1,1,38,0,0,0,0,0,729440764,255,190,6,4,0,0,0,0,0,0,0,0,0,0,0,0,0,0,0,0,0,0,0,0,0,0,0,0,0,0,0,0,0,0,0
730523173,1200.0,0.62888896,0.04199496,1.2378514,0.0,0,0,1,1,1,1,38,0,0,0,0,0,730518873,255,190,6,4,0,0,0,0,0,0,0,0,0,0,0,0,0,0,0,0,0,0,0,0,0,0,0,0,0,0,0,0,0,0,0
731523107,1200.0,0.62888896,0.041593548,0.85464835,0.0,0,0,1,1,1,1,38,0,0,0,0,0,731520183,255,190,6,4,0,0,0,0,0,0,0,0,0,0,0,0,0,0,0,0,0,0,0,0,0,0,0,0,0,0,0,0,0,0,0
732453188,1200.0,0.62888896,0.06732673,1.440594,0.0,0,0,1,1,1,1,38,0,0,0,0,0,732443766,255,190,6,4,0,0,0,0,0,0,0,0,0,0,0,0,0,0,0,0,0,0,0,0,0,0,0,0,0,0,0,0,0,0,0
733503412,1200.0,0.62888896,0.041584156,1.0831683,0.0,0,0,1,1,1,1,38,0,0,0,0,0,733497766,255,190,6,4,0,0,0,0,0,0,0,0,0,0,0,0,0,0,0,0,0,0,0,0,0,0,0,0,0,0,0,0,0,0,0
734533200,1200.0,0.62888896,0.04199727,1.0249333,0.0,0,0,1,1,1,1,38,0,0,0,0,0,734523763,255,190,6,4,0,0,0,0,0,0,0,0,0,0,0,0,0,0,0,0,0,0,0,0,0,0,0,0,0,0,0,0,0,0,0
735603105,1200.0,0.62888896,0.041586876,1.1624522,0.0,0,0,1,1,1,1,38,0,0,0,0,0,735599760,255,190,6,4,0,0,0,0,0,0,0,0,0,0,0,0,0,0,0,0,0,0,0,0,0,0,0,0,0,0,0,0,0,0,0
736515247,1200.0,0.62888896,0.041999955,1.1459988,0.0,0,0,1,1,1,1,38,0,0,0,0,0,736514656,255,190,6,4,0,0,0,0,0,0,0,0,0,0,0,0,0,0,0,0,0,0,0,0,0,0,0,0,0,0,0,0,0,0,0
737535126,1200.0,0.62888896,0.04191621,1.0598813,0.0,0,0,1,1,1,1,38,0,0,0,0,0,737527809,255,190,6,4,0,0,0,0,0,0,0,0,0,0,0,0,0,0,0,0,0,0,0,0,0,0,0,0,0,0,0,0,0,0,0
738605228,1200.0,0.62888896,0.041999914,1.2429974,0.0,0,0,1,1,1,1,38,0,0,0,0,0,738595760,255,190,6,4,0,0,0,0,0,0,0,0,0,0,0,0,0,0,0,0,0,0,0,0,0,0,0,0,0,0,0,0,0,0,0
739615137,1200.0,0.62888896,0.041980144,1.0225164,0.0,0,0,1,1,1,1,38,0,0,0,0,0,739606767,255,190,6,4,0,0,0,0,0,0,0,0,0,0,0,0,0,0,0,0,0,0,0,0,0,0,0,0,0,0,0,0,0,0,0
740535253,1200.0,0.62888896,0.04160364,1.2035339,0.0,0,0,1,1,1,1,38,0,0,0,0,0,740530767,255,190,6,4,0,0,0,0,0,0,0,0,0,0,0,0,0,0,0,0,0,0,0,0,0,0,0,0,0,0,0,0,0,0,0
741595386,1200.0,0.62888896,0.041584197,1.158417,0.0,0,0,1,1,1,1,38,0,0,0,0,0,741593760,255,190,6,4,0,0,0,0,0,0,0,0,0,0,0,0,0,0,0,0,0,0,0,0,0,0,0,0,0,0,0,0,0,0,0
742615148,1200.0,0.62888896,0.06732673,1.1158415,0.0,0,0,1,1,1,1,38,0,0,0,0,0,742610897,255,190,6,4,0,0,0,0,0,0,0,0,0,0,0,0,0,0,0,0,0,0,0,0,0,0,0,0,0,0,0,0,0,0,0
743535103,1200.0,0.62888896,0.041583993,1.1346489,0.0,0,0,1,1,1,1,38,0,0,0,0,0,743534806,255,190,6,4,0,0,0,0,0,0,0,0,0,0,0,0,0,0,0,0,0,0,0,0,0,0,0,0,0,0,0,0,0,0,0
744615140,1200.0,0.62888896,0.0419908,0.94479305,0.0,0,0,1,1,1,1,38,0,0,0,0,0,744605765,255,190,6,4,0,0,0,0,0,0,0,0,0,0,0,0,0,0,0,0,0,0,0,0,0,0,0,0,0,0,0,0,0,0,0
745615366,1200.0,0.62888896,0.04159334,1.2646356,0.0,0,0,1,1,1,1,38,0,0,0,0,0,745614761,255,190,6,4,0,0,0,0,0,0,0,0,0,0,0,0,0,0,0,0,0,0,0,0,0,0,0,0,0,0,0,0,0,0,0
746545213,1200.0,0.62888896,0.041584115,1.242573,0.0,0,0,1,1,1,1,38,0,0,0,0,0,746538763,255,190,6,4,0,0,0,0,0,0,0,0,0,0,0,0,0,0,0,0,0,0,0,0,0,0,0,0,0,0,0,0,0,0,0
747695105,1200.0,0.62888896,0.041998904,0.87597716,0.0,0,0,1,1,1,1,38,0,0,0,0,0,747693764,255,190,6,4,0,0,0,0,0,0,0,0,0,0,0,0,0,0,0,0,0,0,0,0,0,0,0,0,0,0,0,0,0,0,0
748625110,1200.0,0.62888896,0.041996595,1.2868956,0.0,0,0,1,1,1,1,38,0,0,0,0,0,748617766,255,190,6,4,0,0,0,0,0,0,0,0,0,0,0,0,0,0,0,0,0,0,0,0,0,0,0,0,0,0,0,0,0,0,0
749777152,1200.0,0.62888896,0.041915245,1.1856027,0.0,0,0,1,1,1,1,38,0,0,0,0,0,749773914,255,190,6,4,0,0,0,0,0,0,0,0,0,0,0,0,0,0,0,0,0,0,0,0,0,0,0,0,0,0,0,0,0,0,0
750627188,1200.0,0.62888896,0.04158951,0.93576396,0.0,0,0,1,1,1,1,38,0,0,0,0,0,750620768,255,190,6,4,0,0,0,0,0,0,0,0,0,0,0,0,0,0,0,0,0,0,0,0,0,0,0,0,0,0,0,0,0,0,0
751627221,1200.0,0.62888896,0.041999955,1.3519986,0.0,0,0,1,1,1,1,38,0,0,0,0,0,751621767,255,190,6,4,0,0,0,0,0,0,0,0,0,0,0,0,0,0,0,0,0,0,0,0,0,0,0,0,0,0,0,0,0,0,0
752687258,1200.0,0.62888896,0.067326866,1.1534675,0.0,0,0,1,1,1,1,38,0,0,0,0,0,752683763,255,190,6,4,0,0,0,0,0,0,0,0,0,0,0,0,0,0,0,0,0,0,0,0,0,0,0,0,0,0,0,0,0,0,0
753707106,1200.0,0.62888896,0.041999955,0.942999,0.0,0,0,1,1,1,1,38,0,0,0,0,0,753701907,255,190,6,4,0,0,0,0,0,0,0,0,0,0,0,0,0,0,0,0,0,0,0,0,0,0,0,0,0,0,0,0,0,0,0
754767104,1200.0,0.62888896,0.0415828,1.2435237,0.0,0,0,1,1,1,1,38,0,0,0,0,0,754757929,255,190,6,4,0,0,0,0,0,0,0,0,0,0,0,0,0,0,0,0,0,0,0,0,0,0,0,0,0,0,0,0,0,0,0
755727168,1200.0,0.62888896,0.041585516,1.0534997,0.0,0,0,1,1,1,1,38,0,0,0,0,0,755724751,255,190,6,4,0,0,0,0,0,0,0,0,0,0,0,0,0,0,0,0,0,0,0,0,0,0,0,0,0,0,0,0,0,0,0
756707138,1200.0,0.62888896,0.041584156,1.1326731,0.0,0,0,1,1,1,1,38,0,0,0,0,0,756705783,255,190,6,4,0,0,0,0,0,0,0,0,0,0,0,0,0,0,0,0,0,0,0,0,0,0,0,0,0,0,0,0,0,0,0
757777197,1200.0,0.62888896,0.041991644,1.200761,0.0,0,0,1,1,1,1,38,0,0,0,0,0,757772763,255,190,6,4,0,0,0,0,0,0,0,0,0,0,0,0,0,0,0,0,0,0,0,0,0,0,0,0,0,0,0,0,0,0,0
758697202,1200.0,0.62888896,0.041592225,1.0546601,0.0,0,0,1,1,1,1,38,0,0,0,0,0,758694770,255,190,6,4,0,0,0,0,0,0,0,0,0,0,0,0,0,0,0,0,0,0,0,0,0,0,0,0,0,0,0,0,0,0,0
759717104,1200.0,0.62888896,0.041572176,1.1610515,0.0,0,0,1,1,1,1,38,0,0,0,0,0,759708768,255,190,6,4,0,0,0,0,0,0,0,0,0,0,0,0,0,0,0,0,0,0,0,0,0,0,0,0,0,0,0,0,0,0,0
760767323,1200.0,0.62888896,0.041596223,1.2003481,0.0,0,0,1,1,1,1,38,0,0,0,0,0,760763815,255,190,6,4,0,0,0,0,0,0,0,0,0,0,0,0,0,0,0,0,0,0,0,0,0,0,0,0,0,0,0,0,0,0,0
761699147,1200.0,0.62888896,0.04191625,1.0618783,0.0,0,0,1,1,1,1,38,0,0,0,0,0,761689827,255,190,6,4,0,0,0,0,0,0,0,0,0,0,0,0,0,0,0,0,0,0,0,0,0,0,0,0,0,0,0,0,0,0,0
762719140,1200.0,0.62888896,0.06799993,1.2089988,0.0,0,0,1,1,1,1,38,0,0,0,0,0,762712768,255,190,6,4,0,0,0,0,0,0,0,0,0,0,0,0,0,0,0,0,0,0,0,0,0,0,0,0,0,0,0,0,0,0,0
763779114,1200.0,0.62888896,0.041584197,1.1217833,0.0,0,0,1,1,1,1,38,0,0,0,0,0,763773768,255,190,6,4,0,0,0,0,0,0,0,0,0,0,0,0,0,0,0,0,0,0,0,0,0,0,0,0,0,0,0,0,0,0,0
764699328,1200.0,0.62888896,0.041995548,1.0888846,0.0,0,0,1,1,1,1,38,0,0,0,0,0,764697832,255,190,6,4,0,0,0,0,0,0,0,0,0,0,0,0,0,0,0,0,0,0,0,0,0,0,0,0,0,0,0,0,0,0,0
765719172,1200.0,0.62888896,0.04158848,1.1931933,0.0,0,0,1,1,1,1,38,0,0,0,0,0,765717342,255,190,6,4,0,0,0,0,0,0,0,0,0,0,0,0,0,0,0,0,0,0,0,0,0,0,0,0,0,0,0,0,0,0,0
766799179,1200.0,0.62888896,0.041576296,0.97902274,0.0,0,0,1,1,1,1,38,0,0,0,0,0,766792763,255,190,6,4,0,0,0,0,0,0,0,0,0,0,0,0,0,0,0,0,0,0,0,0,0,0,0,0,0,0,0,0,0,0,0
767709160,1200.0,0.62888896,0.04159198,1.3180697,0.0,0,0,1,1,1,1,38,0,0,0,0,0,767701108,255,190,6,4,0,0,0,0,0,0,0,0,0,0,0,0,0,0,0,0,0,0,0,0,0,0,0,0,0,0,0,0,0,0,0
768729465,1200.0,0.62888896,0.04199924,1.11198,0.0,0,0,1,1,1,1,38,0,0,0,0,0,768720861,255,190,6,4,0,0,0,0,0,0,0,0,0,0,0,0,0,0,0,0,0,0,0,0,0,0,0,0,0,0,0,0,0,0,0
769789153,1200.0,0.62888896,0.041991644,0.91581774,0.0,0,0,1,1,1,1,38,0,0,0,0,0,769788766,255,190,6,4,0,0,0,0,0,0,0,0,0,0,0,0,0,0,0,0,0,0,0,0,0,0,0,0,0,0,0,0,0,0,0
770709167,1200.0,0.62888896,0.041593134,1.3369222,0.0,0,0,1,1,1,1,38,0,0,0,0,0,770700764,255,190,6,4,0,0,0,0,0,0,0,0,0,0,0,0,0,0,0,0,0,0,0,0,0,0,0,0,0,0,0,0,0,0,0
771729104,1200.0,0.62888896,0.041996595,1.1419075,0.0,0,0,1,1,1,1,38,0,0,0,0,0,771723767,255,190,6,4,0,0,0,0,0,0,0,0,0,0,0,0,0,0,0,0,0,0,0,0,0,0,0,0,0,0,0,0,0,0,0
772789301,1200.0,0.62888896,0.0673322,0.9565133,0.0,0,0,1,1,1,1,38,0,0,0,0,0,772783766,255,190,6,4,0,0,0,0,0,0,0,0,0,0,0,0,0,0,0,0,0,0,0,0,0,0,0,0,0,0,0,0,0,0,0
773750104,1200.0,0.62888896,0.041956574,1.266689,0.0,0,0,1,1,1,1,38,0,0,0,0,0,773742762,255,190,6,4,0,0,0,0,0,0,0,0,0,0,0,0,0,0,0,0,0,0,0,0,0,0,0,0,0,0,0,0,0,0,0
774860338,1200.0,0.62888896,0.04198799,1.0516992,0.0,0,0,1,1,1,1,38,0,0,0,0,0,774851767,255,190,6,4,0,0,0,0,0,0,0,0,0,0,0,0,0,0,0,0,0,0,0,0,0,0,0,0,0,0,0,0,0,0,0
775800187,1200.0,0.62888896,0.041597378,1.0914359,0.0,0,0,1,1,1,1,38,0,0,0,0,0,775790771,255,190,6,4,0,0,0,0,0,0,0,0,0,0,0,0,0,0,0,0,0,0,0,0,0,0,0,0,0,0,0,0,0,0,0
776810169,1200.0,0.62888896,0.041999914,1.2429974,0.0,0,0,1,1,1,1,38,0,0,0,0,0,776806767,255,190,6,4,0,0,0,0,0,0,0,0,0,0,0,0,0,0,0,0,0,0,0,0,0,0,0,0,0,0,0,0,0,0,0
777910106,1200.0,0.62888896,0.04199895,1.0229744,0.0,0,0,1,1,1,1,38,0,0,0,0,0,777909760,255,190,6,4,0,0,0,0,0,0,0,0,0,0,0,0,0,0,0,0,0,0,0,0,0,0,0,0,0,0,0,0,0,0,0
778890353,1200.0,0.62888896,0.041585226,1.2030011,0.0,0,0,1,1,1,1,38,0,0,0,0,0,778886759,255,190,6,4,0,0,0,0,0,0,0,0,0,0,0,0,0,0,0,0,0,0,0,0,0,0,0,0,0,0,0,0,0,0,0
779820271,1200.0,0.62888896,0.041995294,1.1298734,0.0,0,0,1,1,1,1,38,0,0,0,0,0,779810765,255,190,6,4,0,0,0,0,0,0,0,0,0,0,0,0,0,0,0,0,0,0,0,0,0,0,0,0,0,0,0,0,0,0,0
780880143,1200.0,0.62888896,0.04158877,1.1347792,0.0,0,0,1,1,1,1,38,0,0,0,0,0,780878299,255,190,6,4,0,0,0,0,0,0,0,0,0,0,0,0,0,0,0,0,0,0,0,0,0,0,0,0,0,0,0,0,0,0,0
781800125,1200.0,0.62888896,0.041583415,1.1267126,0.0,0,0,1,1,1,1,38,0,0,0,0,0,781791760,255,190,6,4,0,0,0,0,0,0,0,0,0,0,0,0,0,0,0,0,0,0,0,0,0,0,0,0,0,0,0,0,0,0,0
782820110,1200.0,0.62888896,0.0673216,1.223669,0.0,0,0,1,1,1,1,38,0,0,0,0,0,782814763,255,190,6,4,0,0,0,0,0,0,0,0,0,0,0,0,0,0,0,0,0,0,0,0,0,0,0,0,0,0,0,0,0,0,0
783880344,1200.0,0.62888896,0.04158811,1.0674281,0.0,0,0,1,1,1,1,38,0,0,0,0,0,783878772,255,190,6,4,0,0,0,0,0,0,0,0,0,0,0,0,0,0,0,0,0,0,0,0,0,0,0,0,0,0,0,0,0,0,0
784810185,1200.0,0.62888896,0.041996177,1.1838921,0.0,0,0,1,1,1,1,38,0,0,0,0,0,784802775,255,190,6,4,0,0,0,0,0,0,0,0,0,0,0,0,0,0,0,0,0,0,0,0,0,0,0,0,0,0,0,0,0,0,0
785820234,1200.0,0.62888896,0.04158741,0.89809,0.0,0,0,1,1,1,1,38,0,0,0,0,0,785818806,255,190,6,4,0,0,0,0,0,0,0,0,0,0,0,0,0,0,0,0,0,0,0,0,0,0,0,0,0,0,0,0,0,0,0
786890106,1200.0,0.62888896,0.04158453,1.3990223,0.0,0,0,1,1,1,1,38,0,0,0,0,0,786881769,255,190,6,4,0,0,0,0,0,0,0,0,0,0,0,0,0,0,0,0,0,0,0,0,0,0,0,0,0,0,0,0,0,0,0
787900183,1200.0,0.62888896,0.041583333,1.059385,0.0,0,0,1,1,1,1,38,0,0,0,0,0,787897763,255,190,6,4,0,0,0,0,0,0,0,0,0,0,0,0,0,0,0,0,0,0,0,0,0,0,0,0,0,0,0,0,0,0,0
788831138,1200.0,0.62888896,0.04195892,0.95706296,0.0,0,0,1,1,1,1,38,0,0,0,0,0,788821769,255,190,6,4,0,0,0,0,0,0,0,0,0,0,0,0,0,0,0,0,0,0,0,0,0,0,0,0,0,0,0,0,0,0,0
789901285,1200.0,0.62888896,0.041584197,1.2950507,0.0,0,0,1,1,1,1,38,0,0,0,0,0,789891867,255,190,6,4,0,0,0,0,0,0,0,0,0,0,0,0,0,0,0,0,0,0,0,0,0,0,0,0,0,0,0,0,0,0,0
790811232,1200.0,0.62888896,0.04199013,1.1837218,0.0,0,0,1,1,1,1,38,0,0,0,0,0,790807764,255,190,6,4,0,0,0,0,0,0,0,0,0,0,0,0,0,0,0,0,0,0,0,0,0,0,0,0,0,0,0,0,0,0,0
791831167,1200.0,0.62888896,0.041590497,0.8545857,0.0,0,0,1,1,1,1,38,0,0,0,0,0,791825772,255,190,6,4,0,0,0,0,0,0,0,0,0,0,0,0,0,0,0,0,0,0,0,0,0,0,0,0,0,0,0,0,0,0,0
792921133,1200.0,0.62888896,0.067326196,1.357415,0.0,0,0,1,1,1,1,38,0,0,0,0,0,792915432,255,190,6,4,0,0,0,0,0,0,0,0,0,0,0,0,0,0,0,0,0,0,0,0,0,0,0,0,0,0,0,0,0,0,0
793841137,1200.0,0.62888896,0.041582923,0.9603675,0.0,0,0,1,1,1,1,38,0,0,0,0,0,793840765,255,190,6,4,0,0,0,0,0,0,0,0,0,0,0,0,0,0,0,0,0,0,0,0,0,0,0,0,0,0,0,0,0,0,0
794831205,1200.0,0.62888896,0.041586917,1.1723549,0.0,0,0,1,1,1,1,38,0,0,0,0,0,794829885,255,190,6,4,0,0,0,0,0,0,0,0,0,0,0,0,0,0,0,0,0,0,0,0,0,0,0,0,0,0,0,0,0,0,0
795901138,1200.0,0.62888896,0.041584607,1.2287261,0.0,0,0,1,1,1,1,38,0,0,0,0,0,795899766,255,190,6,4,0,0,0,0,0,0,0,0,0,0,0,0,0,0,0,0,0,0,0,0,0,0,0,0,0,0,0,0,0,0,0
796851105,1200.0,0.62888896,0.041585844,1.0861827,0.0,0,0,1,1,1,1,38,0,0,0,0,0,796845766,255,190,6,4,0,0,0,0,0,0,0,0,0,0,0,0,0,0,0,0,0,0,0,0,0,0,0,0,0,0,0,0,0,0,0
797841223,1200.0,0.62888896,0.041995965,1.186886,0.0,0,0,1,1,1,1,38,0,0,0,0,0,797833759,255,190,6,4,0,0,0,0,0,0,0,0,0,0,0,0,0,0,0,0,0,0,0,0,0,0,0,0,0,0,0,0,0,0,0
798891336,1200.0,0.62888896,0.04158811,1.23081,0.0,0,0,1,1,1,1,38,0,0,0,0,0,798890762,255,190,6,4,0,0,0,0,0,0,0,0,0,0,0,0,0,0,0,0,0,0,0,0,0,0,0,0,0,0,0,0,0,0,0
799821109,1200.0,0.62888896,0.041997436,0.9389427,0.0,0,0,1,1,1,1,38,0,0,0,0,0,799820800,255,190,6,4,0,0,0,0,0,0,0,0,0,0,0,0,0,0,0,0,0,0,0,0,0,0,0,0,0,0,0,0,0,0,0
800841171,1200.0,0.62888896,0.041999497,1.2589848,0.0,0,0,1,1,1,1,38,0,0,0,0,0,800836767,255,190,6,4,0,0,0,0,0,0,0,0,0,0,0,0,0,0,0,0,0,0,0,0,0,0,0,0,0,0,0,0,0,0,0
801901215,1200.0,0.62888896,0.041580368,1.0909897,0.0,0,0,1,1,1,1,38,0,0,0,0,0,801894768,255,190,6,4,0,0,0,0,0,0,0,0,0,0,0,0,0,0,0,0,0,0,0,0,0,0,0,0,0,0,0,0,0,0,0
802921141,1200.0,0.62888896,0.06733773,1.169498,0.0,0,0,1,1,1,1,38,0,0,0,0,0,802915802,255,190,6,4,0,0,0,0,0,0,0,0,0,0,0,0,0,0,0,0,0,0,0,0,0,0,0,0,0,0,0,0,0,0,0
803982131,1200.0,0.62888896,0.04195653,1.1048553,0.0,0,0,1,1,1,1,38,0,0,0,0,0,803974825,255,190,6,4,0,0,0,0,0,0,0,0,0,0,0,0,0,0,0,0,0,0,0,0,0,0,0,0,0,0,0,0,0,0,0
804922271,1200.0,0.62888896,0.041998193,1.0389553,0.0,0,0,1,1,1,1,38,0,0,0,0,0,804916478,255,190,6,4,0,0,0,0,0,0,0,0,0,0,0,0,0,0,0,0,0,0,0,0,0,0,0,0,0,0,0,0,0,0,0
805922251,1200.0,0.62888896,0.041587368,1.2456406,0.0,0,0,1,1,1,1,38,0,0,0,0,0,805919764,255,190,6,4,0,0,0,0,0,0,0,0,0,0,0,0,0,0,0,0,0,0,0,0,0,0,0,0,0,0,0,0,0,0,0
806992104,1200.0,0.62888896,0.041995253,1.2148627,0.0,0,0,1,1,1,1,38,0,0,0,0,0,806984764,255,190,6,4,0,0,0,0,0,0,0,0,0,0,0,0,0,0,0,0,0,0,0,0,0,0,0,0,0,0,0,0,0,0,0
807922240,1200.0,0.62888896,0.04158889,0.8050421,0.0,0,0,1,1,1,1,38,0,0,0,0,0,807919765,255,190,6,4,0,0,0,0,0,0,0,0,0,0,0,0,0,0,0,0,0,0,0,0,0,0,0,0,0,0,0,0,0,0,0
808932284,1200.0,0.62888896,0.041999955,1.4299985,0.0,0,0,1,1,1,1,38,0,0,0,0,0,808923768,255,190,6,4,0,0,0,0,0,0,0,0,0,0,0,0,0,0,0,0,0,0,0,0,0,0,0,0,0,0,0,0,0,0,0
809982129,1200.0,0.62888896,0.04158066,1.0513966,0.0,0,0,1,1,1,1,38,0,0,0,0,0,809978765,255,190,6,4,0,0,0,0,0,0,0,0,0,0,0,0,0,0,0,0,0,0,0,0,0,0,0,0,0,0,0,0,0,0,0
810912145,1200.0,0.62888896,0.04158766,1.0287994,0.0,0,0,1,1,1,1,38,0,0,0,0,0,810908878,255,190,6,4,0,0,0,0,0,0,0,0,0,0,0,0,0,0,0,0,0,0,0,0,0,0,0,0,0,0,0,0,0,0,0
811942178,1200.0,0.62888896,0.05742085,1.1830676,0.0,0,0,1,1,1,1,38,0,0,0,0,0,811935254,255,190,6,4,0,0,0,0,0,0,0,0,0,0,0,0,0,0,0,0,0,0,0,0,0,0,0,0,0,0,0,0,0,0,0
812992139,1200.0,0.62888896,0.051489584,1.3407096,0.0,0,0,1,1,1,1,38,0,0,0,0,0,812983855,255,190,6,4,0,0,0,0,0,0,0,0,0,0,0,0,0,0,0,0,0,0,0,0,0,0,0,0,0,0,0,0,0,0,0
814012553,1200.0,0.62888896,0.041990634,0.83181447,0.0,0,0,1,1,1,1,38,0,0,0,0,0,814006784,255,190,6,4,0,0,0,0,0,0,0,0,0,0,0,0,0,0,0,0,0,0,0,0,0,0,0,0,0,0,0,0,0,0,0
815092261,1200.0,0.62888896,0.062389888,1.3101876,0.0,0,0,1,1,1,1,38,0,0,0,0,0,815082764,255,190,6,4,0,0,0,0,0,0,0,0,0,0,0,0,0,0,0,0,0,0,0,0,0,0,0,0,0,0,0,0,0,0,0
816012133,1200.0,0.62888896,0.020999726,1.0139867,0.0,0,0,1,1,1,1,38,0,0,0,0,0,816006807,255,190,6,4,0,0,0,0,0,0,0,0,0,0,0,0,0,0,0,0,0,0,0,0,0,0,0,0,0,0,0,0,0,0,0
817012104,1200.0,0.62888896,0.041999497,1.2379851,0.0,0,0,1,1,1,1,38,0,0,0,0,0,817010762,255,190,6,4,0,0,0,0,0,0,0,0,0,0,0,0,0,0,0,0,0,0,0,0,0,0,0,0,0,0,0,0,0,0,0
818082648,1200.0,0.62888896,0.062376358,1.1495072,0.0,0,0,1,1,1,1,38,0,0,0,0,0,818077825,255,190,6,4,0,0,0,0,0,0,0,0,0,0,0,0,0,0,0,0,0,0,0,0,0,0,0,0,0,0,0,0,0,0,0
819002178,1200.0,0.62888896,0.024994675,1.1047646,0.0,0,0,1,1,1,1,38,0,0,0,0,0,818999769,255,190,6,4,0,0,0,0,0,0,0,0,0,0,0,0,0,0,0,0,0,0,0,0,0,0,0,0,0,0,0,0,0,0,0
820022167,1200.0,0.62888896,0.037631325,1.0823957,0.0,0,0,1,1,1,1,38,0,0,0,0,0,820013954,255,190,6,4,0,0,0,0,0,0,0,0,0,0,0,0,0,0,0,0,0,0,0,0,0,0,0,0,0,0,0,0,0,0,0
821092232,1200.0,0.62888896,0.041585557,1.2119219,0.0,0,0,1,1,1,1,38,0,0,0,0,0,821090762,255,190,6,4,0,0,0,0,0,0,0,0,0,0,0,0,0,0,0,0,0,0,0,0,0,0,0,0,0,0,0,0,0,0,0
822112105,1200.0,0.62888896,0.041997142,1.0589279,0.0,0,0,1,1,1,1,38,0,0,0,0,0,822102778,255,190,6,4,0,0,0,0,0,0,0,0,0,0,0,0,0,0,0,0,0,0,0,0,0,0,0,0,0,0,0,0,0,0,0
823162175,1200.0,0.62888896,0.088999905,1.2819986,0.0,0,0,1,1,1,1,38,0,0,0,0,0,823153763,255,190,6,4,0,0,0,0,0,0,0,0,0,0,0,0,0,0,0,0,0,0,0,0,0,0,0,0,0,0,0,0,0,0,0
824132166,1200.0,0.62888896,0.04158704,0.8545146,0.0,0,0,1,1,1,1,38,0,0,0,0,0,824130805,255,190,6,4,0,0,0,0,0,0,0,0,0,0,0,0,0,0,0,0,0,0,0,0,0,0,0,0,0,0,0,0,0,0,0
825102189,1200.0,0.62888896,0.041584156,1.3455445,0.0,0,0,1,1,1,1,38,0,0,0,0,0,825097773,255,190,6,4,0,0,0,0,0,0,0,0,0,0,0,0,0,0,0,0,0,0,0,0,0,0,0,0,0,0,0,0,0,0,0
826172179,1200.0,0.62888896,0.04199941,1.0929847,0.0,0,0,1,1,1,1,38,0,0,0,0,0,826165907,255,190,6,4,0,0,0,0,0,0,0,0,0,0,0,0,0,0,0,0,0,0,0,0,0,0,0,0,0,0,0,0,0,0,0
827182140,1200.0,0.62888896,0.041577406,0.96518975,0.0,0,0,1,1,1,1,38,0,0,0,0,0,827177071,255,190,6,4,0,0,0,0,0,0,0,0,0,0,0,0,0,0,0,0,0,0,0,0,0,0,0,0,0,0,0,0,0,0,0
828242103,1200.0,0.62888896,0.041590415,1.2556344,0.0,0,0,1,1,1,1,38,0,0,0,0,0,828240918,255,190,6,4,0,0,0,0,0,0,0,0,0,0,0,0,0,0,0,0,0,0,0,0,0,0,0,0,0,0,0,0,0,0,0
829172129,1200.0,0.62888896,0.041585185,1.2574568,0.0,0,0,1,1,1,1,38,0,0,0,0,0,829171790,255,190,6,4,0,0,0,0,0,0,0,0,0,0,0,0,0,0,0,0,0,0,0,0,0,0,0,0,0,0,0,0,0,0,0
830182106,1200.0,0.62888896,0.041584156,0.8544554,0.0,0,0,1,1,1,1,38,0,0,0,0,0,830181763,255,190,6,4,0,0,0,0,0,0,0,0,0,0,0,0,0,0,0,0,0,0,0,0,0,0,0,0,0,0,0,0,0,0,0
831252358,1200.0,0.62888896,0.04199643,1.4338781,0.0,0,0,1,1,1,1,38,0,0,0,0,0,831250766,255,190,6,4,0,0,0,0,0,0,0,0,0,0,0,0,0,0,0,0,0,0,0,0,0,0,0,0,0,0,0,0,0,0,0
832182103,1200.0,0.62888896,0.0673254,1.1534425,0.0,0,0,1,1,1,1,38,0,0,0,0,0,832181761,255,190,6,4,0,0,0,0,0,0,0,0,0,0,0,0,0,0,0,0,0,0,0,0,0,0,0,0,0,0,0,0,0,0,0
833192141,1200.0,0.62888896,0.041582305,0.9336217,0.0,0,0,1,1,1,1,38,0,0,0,0,0,833185772,255,190,6,4,0,0,0,0,0,0,0,0,0,0,0,0,0,0,0,0,0,0,0,0,0,0,0,0,0,0,0,0,0,0,0
834272147,1200.0,0.62888896,0.041590374,1.2437502,0.0,0,0,1,1,1,1,38,0,0,0,0,0,834271708,255,190,6,4,0,0,0,0,0,0,0,0,0,0,0,0,0,0,0,0,0,0,0,0,0,0,0,0,0,0,0,0,0,0,0
835192129,1200.0,0.62888896,0.041999497,1.0639873,0.0,0,0,1,1,1,1,38,0,0,0,0,0,835185812,255,190,6,4,0,0,0,0,0,0,0,0,0,0,0,0,0,0,0,0,0,0,0,0,0,0,0,0,0,0,0,0,0,0,0
836192531,1200.0,0.62888896,0.041985974,1.143618,0.0,0,0,1,1,1,1,38,0,0,0,0,0,836189775,255,190,6,4,0,0,0,0,0,0,0,0,0,0,0,0,0,0,0,0,0,0,0,0,0,0,0,0,0,0,0,0,0,0,0
837262144,1200.0,0.62888896,0.04159408,1.1893927,0.0,0,0,1,1,1,1,38,0,0,0,0,0,837253795,255,190,6,4,0,0,0,0,0,0,0,0,0,0,0,0,0,0,0,0,0,0,0,0,0,0,0,0,0,0,0,0,0,0,0
838192148,1200.0,0.62888896,0.041583497,1.0544387,0.0,0,0,1,1,1,1,38,0,0,0,0,0,838189762,255,190,6,4,0,0,0,0,0,0,0,0,0,0,0,0,0,0,0,0,0,0,0,0,0,0,0,0,0,0,0,0,0,0,0
839202185,1200.0,0.62888896,0.041582633,1.1613436,0.0,0,0,1,1,1,1,38,0,0,0,0,0,839192762,255,190,6,4,0,0,0,0,0,0,0,0,0,0,0,0,0,0,0,0,0,0,0,0,0,0,0,0,0,0,0,0,0,0,0
840252323,1200.0,0.62888896,0.04157901,1.1998514,0.0,0,0,1,1,1,1,38,0,0,0,0,0,840243769,255,190,6,4,0,0,0,0,0,0,0,0,0,0,0,0,0,0,0,0,0,0,0,0,0,0,0,0,0,0,0,0,0,0,0
841182139,1200.0,0.62888896,0.041595813,1.0537605,0.0,0,0,1,1,1,1,38,0,0,0,0,0,841177760,255,190,6,4,0,0,0,0,0,0,0,0,0,0,0,0,0,0,0,0,0,0,0,0,0,0,0,0,0,0,0,0,0,0,0
842202101,1200.0,0.62888896,0.06799769,1.2089589,0.0,0,0,1,1,1,1,38,0,0,0,0,0,842196767,255,190,6,4,0,0,0,0,0,0,0,0,0,0,0,0,0,0,0,0,0,0,0,0,0,0,0,0,0,0,0,0,0,0,0
843252102,1200.0,0.62888896,0.041585516,1.1218188,0.0,0,0,1,1,1,1,38,0,0,0,0,0,843251760,255,190,6,4,0,0,0,0,0,0,0,0,0,0,0,0,0,0,0,0,0,0,0,0,0,0,0,0,0,0,0,0,0,0,0
844192107,1200.0,0.62888896,0.041583046,1.078189,0.0,0,0,1,1,1,1,38,0,0,0,0,0,844186381,255,190,6,4,0,0,0,0,0,0,0,0,0,0,0,0,0,0,0,0,0,0,0,0,0,0,0,0,0,0,0,0,0,0,0
845202286,1200.0,0.62888896,0.04199437,1.2048385,0.0,0,0,1,1,1,1,38,0,0,0,0,0,845200781,255,190,6,4,0,0,0,0,0,0,0,0,0,0,0,0,0,0,0,0,0,0,0,0,0,0,0,0,0,0,0,0,0,0,0
846292211,1200.0,0.62888896,0.041590787,0.979364,0.0,0,0,1,1,1,1,38,0,0,0,0,0,846291763,255,190,6,4,0,0,0,0,0,0,0,0,0,0,0,0,0,0,0,0,0,0,0,0,0,0,0,0,0,0,0,0,0,0,0
847212104,1200.0,0.62888896,0.041997522,1.2679251,0.0,0,0,1,1,1,1,38,0,0,0,0,0,847205493,255,190,6,4,0,0,0,0,0,0,0,0,0,0,0,0,0,0,0,0,0,0,0,0,0,0,0,0,0,0,0,0,0,0,0
848212316,1200.0,0.62888896,0.041586626,1.1634353,0.0,0,0,1,1,1,1,38,0,0,0,0,0,847205493,255,190,6,4,0,0,0,0,0,0,0,0,0,0,0,0,0,0,0,0,0,0,0,0,0,0,0,0,0,0,0,0,0,0,0
849282109,1200.0,0.62888896,0.041994076,0.871877,0.0,0,0,1,1,1,1,38,0,0,0,0,0,849279804,255,190,6,4,0,0,0,0,0,0,0,0,0,0,0,0,0,0,0,0,0,0,0,0,0,0,0,0,0,0,0,0,0,0,0
850292196,1200.0,0.62888896,0.041999117,1.4539694,0.0,0,0,1,1,1,1,38,0,0,0,0,0,850283886,255,190,6,4,0,0,0,0,0,0,0,0,0,0,0,0,0,0,0,0,0,0,0,0,0,0,0,0,0,0,0,0,0,0,0
851342144,1200.0,0.62888896,0.041590825,1.1269133,0.0,0,0,1,1,1,1,38,0,0,0,0,0,851341765,255,190,6,4,0,0,0,0,0,0,0,0,0,0,0,0,0,0,0,0,0,0,0,0,0,0,0,0,0,0,0,0,0,0,0
852294326,1200.0,0.62888896,0.06786339,0.95807135,0.0,0,0,1,1,1,1,38,0,0,0,0,0,852286768,255,190,6,4,0,0,0,0,0,0,0,0,0,0,0,0,0,0,0,0,0,0,0,0,0,0,0,0,0,0,0,0,0,0,0
853294272,1200.0,0.62888896,0.04199626,1.1698958,0.0,0,0,1,1,1,1,38,0,0,0,0,0,853287766,255,190,6,4,0,0,0,0,0,0,0,0,0,0,0,0,0,0,0,0,0,0,0,0,0,0,0,0,0,0,0,0,0,0,0
854354346,1200.0,0.62888896,0.041990045,1.1397299,0.0,0,0,1,1,1,1,38,0,0,0,0,0,854348308,255,190,6,4,0,0,0,0,0,0,0,0,0,0,0,0,0,0,0,0,0,0,0,0,0,0,0,0,0,0,0,0,0,0,0
855274352,1200.0,0.62888896,0.041999325,1.057983,0.0,0,0,1,1,1,1,38,0,0,0,0,0,855271855,255,190,6,4,0,0,0,0,0,0,0,0,0,0,0,0,0,0,0,0,0,0,0,0,0,0,0,0,0,0,0,0,0,0,0
856294213,1200.0,0.62888896,0.041587204,1.3238593,0.0,0,0,1,1,1,1,38,0,0,0,0,0,856290985,255,190,6,4,0,0,0,0,0,0,0,0,0,0,0,0,0,0,0,0,0,0,0,0,0,0,0,0,0,0,0,0,0,0,0
857354212,1200.0,0.62888896,0.04159153,0.9694787,0.0,0,0,1,1,1,1,38,0,0,0,0,0,857349787,255,190,6,4,0,0,0,0,0,0,0,0,0,0,0,0,0,0,0,0,0,0,0,0,0,0,0,0,0,0,0,0,0,0,0
858354457,1200.0,0.62888896,0.04199605,1.244883,0.0,0,0,1,1,1,1,38,0,0,0,0,0,857349787,255,190,6,4,0,0,0,0,0,0,0,0,0,0,0,0,0,0,0,0,0,0,0,0,0,0,0,0,0,0,0,0,0,0,0
858374723,1200.0,0.62888896,0.04199605,1.244883,0.0,0,0,1,1,1,1,38,0,0,0,0,0,858370836,255,190,6,4,0,0,0,0,0,0,0,0,0,0,0,0,0,0,0,0,0,0,0,0,0,0,0,0,0,0,0,0,0,0,0
860354384,1200.0,0.62888896,0.041589428,1.1288558,0.0,0,0,1,1,1,1,38,0,0,0,0,0,860351759,255,190,6,4,0,0,0,0,0,0,0,0,0,0,0,0,0,0,0,0,0,0,0,0,0,0,0,0,0,0,0,0,0,0,0
861364226,1200.0,0.62888896,0.041589346,1.1823257,0.0,0,0,1,1,1,1,38,0,0,0,0,0,860351759,255,190,6,4,0,0,0,0,0,0,0,0,0,0,0,0,0,0,0,0,0,0,0,0,0,0,0,0,0,0,0,0,0,0,0
