timestamp,nav_state_timestamp,onboard_control_sensors_present,onboard_control_sensors_enabled,onboard_control_sensors_health,nav_state,arming_state,hil_state,failsafe,system_type,system_id,component_id,vehicle_type,is_vtol,is_vtol_tailsitter,vtol_fw_permanent_stab,in_transition_mode,in_transition_to_fw,rc_signal_lost,rc_input_mode,data_link_lost,data_link_lost_counter,high_latency_data_link_lost,engine_failure,mission_failure,failure_detector_status,latest_arming_reason,latest_disarming_reason
332948881,332741196,305070127,304152591,305070127,17,2,0,0,2,1,1,1,0,0,0,0,0,0,0,0,2,0,0,0,0,4,0
333962293,332741196,305070127,304152591,305070127,17,2,0,0,2,1,1,1,0,0,0,0,0,0,0,0,2,0,0,0,0,4,0
334464385,332741196,305070127,304152591,305070127,17,2,0,0,2,1,1,1,0,0,0,0,0,0,0,0,2,0,0,0,0,4,0
334975074,332741196,305070127,304152591,305070127,17,2,0,0,2,1,1,1,0,0,0,0,0,0,0,0,2,0,0,0,0,4,0
335486076,332741196,305070127,304152591,305070127,17,2,0,0,2,1,1,1,0,0,0,0,0,0,0,0,2,0,0,0,0,4,0
335987077,332741196,305070127,304152591,305070127,17,2,0,0,2,1,1,1,0,0,0,0,0,0,0,0,2,0,0,0,0,4,0
336497097,332741196,305070127,304152591,305070127,17,2,0,0,2,1,1,1,0,0,0,0,0,0,0,0,2,0,0,0,0,4,0
336564583,336564541,305070127,304152591,305070127,2,2,0,0,2,1,1,1,0,0,0,0,0,0,0,0,2,0,0,0,0,4,0
337075111,336564541,305070127,304152591,305070127,2,2,0,0,2,1,1,1,0,0,0,0,0,0,0,0,2,0,0,0,0,4,0
337585139,336564541,305070127,304152591,305070127,2,2,0,0,2,1,1,1,0,0,0,0,0,0,0,0,2,0,0,0,0,4,0
338095178,336564541,305070127,304152591,305070127,2,2,0,0,2,1,1,1,0,0,0,0,0,0,0,0,2,0,0,0,0,4,0
338605089,336564541,305070127,304152591,305070127,2,2,0,0,2,1,1,1,0,0,0,0,0,0,0,0,2,0,0,0,0,4,0
339105207,336564541,305070127,304152591,305070127,2,2,0,0,2,1,1,1,0,0,0,0,0,0,0,0,2,0,0,0,0,4,0
339611118,336564541,305070127,304152591,305070127,2,2,0,0,2,1,1,1,0,0,0,0,0,0,0,0,2,0,0,0,0,4,0
340118075,336564541,305070127,304152591,305070127,2,2,0,0,2,1,1,1,0,0,0,0,0,0,0,0,2,0,0,0,0,4,0
340625078,336564541,305070127,304152591,305070127,2,2,0,0,2,1,1,1,0,0,0,0,0,0,0,0,2,0,0,0,0,4,0
341132073,336564541,305070127,304152591,305070127,2,2,0,0,2,1,1,1,0,0,0,0,0,0,0,0,2,0,0,0,0,4,0
341638136,336564541,305070127,304152591,305070127,2,2,0,0,2,1,1,1,0,0,0,0,0,0,0,0,2,0,0,0,0,4,0
342145074,336564541,305070127,304152591,305070127,2,2,0,0,2,1,1,1,0,0,0,0,0,0,0,0,2,0,0,0,0,4,0
342654234,336564541,305070127,304152591,305070127,2,2,0,0,2,1,1,1,0,0,0,0,0,0,0,0,2,0,0,0,0,4,0
343164108,336564541,305070127,304152591,305070127,2,2,0,0,2,1,1,1,0,0,0,0,0,0,0,0,2,0,0,0,0,4,0
343675074,336564541,305070127,304152591,305070127,2,2,0,0,2,1,1,1,0,0,0,0,0,0,0,0,2,0,0,0,0,4,0
344175079,336564541,305070127,304152591,305070127,2,2,0,0,2,1,1,1,0,0,0,0,0,0,0,0,2,0,0,0,0,4,0
344684072,336564541,305070127,304152591,305070127,2,2,0,0,2,1,1,1,0,0,0,0,0,0,0,0,2,0,0,0,0,4,0
345190100,336564541,305070127,304152591,305070127,2,2,0,0,2,1,1,1,0,0,0,0,0,0,0,0,2,0,0,0,0,4,0
345697168,336564541,305070127,304152591,305070127,2,2,0,0,2,1,1,1,0,0,0,0,0,0,0,0,2,0,0,0,0,4,0
346204213,336564541,305070127,304152591,305070127,2,2,0,0,2,1,1,1,0,0,0,0,0,0,0,0,2,0,0,0,0,4,0
346711075,336564541,305070127,304152591,305070127,2,2,0,0,2,1,1,1,0,0,0,0,0,0,0,0,2,0,0,0,0,4,0
347217077,336564541,305070127,304152591,305070127,2,2,0,0,2,1,1,1,0,0,0,0,0,0,0,0,2,0,0,0,0,4,0
347723206,336564541,305070127,304152591,305070127,2,2,0,0,2,1,1,1,0,0,0,0,0,0,0,0,2,0,0,0,0,4,0
348229241,336564541,305070127,304152591,305070127,2,2,0,0,2,1,1,1,0,0,0,0,0,0,0,0,2,0,0,0,0,4,0
348736129,336564541,305070127,304152591,305070127,2,2,0,0,2,1,1,1,0,0,0,0,0,0,0,0,2,0,0,0,0,4,0
349243176,336564541,305070127,304152591,305070127,2,2,0,0,2,1,1,1,0,0,0,0,0,0,0,0,2,0,0,0,0,4,0
349743472,336564541,305070127,304152591,305070127,2,2,0,0,2,1,1,1,0,0,0,0,0,0,0,0,2,0,0,0,0,4,0
350254075,336564541,305070127,304152591,305070127,2,2,0,0,2,1,1,1,0,0,0,0,0,0,0,0,2,0,0,0,0,4,0
350763253,336564541,305070127,304152591,305070127,2,2,0,0,2,1,1,1,0,0,0,0,0,0,0,0,2,0,0,0,0,4,0
351272010,336564541,305070127,304152591,305070127,2,2,0,0,2,1,1,1,0,0,0,0,0,0,0,0,2,0,0,0,0,4,0
351783388,336564541,305070127,304152591,305070127,2,2,0,0,2,1,1,1,0,0,0,0,0,0,0,0,2,0,0,0,0,4,0
352290203,336564541,305070127,304152591,305070127,2,2,0,0,2,1,1,1,0,0,0,0,0,0,0,0,2,0,0,0,0,4,0
352800119,336564541,305070127,304152591,305070127,2,2,0,0,2,1,1,1,0,0,0,0,0,0,0,0,2,0,0,0,0,4,0
353310073,336564541,305070127,304152591,305070127,2,2,0,0,2,1,1,1,0,0,0,0,0,0,0,0,2,0,0,0,0,4,0
353816076,336564541,305070127,304152591,305070127,2,2,0,0,2,1,1,1,0,0,0,0,0,0,0,0,2,0,0,0,0,4,0
354324074,336564541,305070127,304152591,305070127,2,2,0,0,2,1,1,1,0,0,0,0,0,0,0,0,2,0,0,0,0,4,0
354830159,336564541,305070127,304152591,305070127,2,2,0,0,2,1,1,1,0,0,0,0,0,0,0,0,2,0,0,0,0,4,0
355336139,336564541,305070127,304152591,305070127,2,2,0,0,2,1,1,1,0,0,0,0,0,0,0,0,2,0,0,0,0,4,0
355842075,336564541,305070127,304152591,305070127,2,2,0,0,2,1,1,1,0,0,0,0,0,0,0,0,2,0,0,0,0,4,0
356351245,336564541,305070127,304152591,305070127,2,2,0,0,2,1,1,1,0,0,0,0,0,0,0,0,2,0,0,0,0,4,0
356862149,336564541,305070127,304152591,305070127,2,2,0,0,2,1,1,1,0,0,0,0,0,0,0,0,2,0,0,0,0,4,0
357371040,336564541,305070127,304152591,305070127,2,2,0,0,2,1,1,1,0,0,0,0,0,0,0,0,2,0,0,0,0,4,0
357879081,336564541,305070127,304152591,305070127,2,2,0,0,2,1,1,1,0,0,0,0,0,0,0,0,2,0,0,0,0,4,0
358386307,336564541,305070127,304152591,305070127,2,2,0,0,2,1,1,1,0,0,0,0,0,0,0,0,2,0,0,0,0,4,0
358892105,336564541,305070127,304152591,305070127,2,2,0,0,2,1,1,1,0,0,0,0,0,0,0,0,2,0,0,0,0,4,0
359399097,336564541,305070127,304152591,305070127,2,2,0,0,2,1,1,1,0,0,0,0,0,0,0,0,2,0,0,0,0,4,0
359906181,336564541,305070127,304152591,305070127,2,2,0,0,2,1,1,1,0,0,0,0,0,0,0,0,2,0,0,0,0,4,0
360413545,336564541,305070127,304152591,305070127,2,2,0,0,2,1,1,1,0,0,0,0,0,0,0,0,2,0,0,0,0,4,0
360920265,336564541,305070127,304152591,305070127,2,2,0,0,2,1,1,1,0,0,0,0,0,0,0,0,2,0,0,0,0,4,0
361427072,336564541,305070127,304152591,305070127,2,2,0,0,2,1,1,1,0,0,0,0,0,0,0,0,2,0,0,0,0,4,0
361933249,336564541,305070127,304152591,305070127,2,2,0,0,2,1,1,1,0,0,0,0,0,0,0,0,2,0,0,0,0,4,0
362439172,336564541,305070127,304152591,305070127,2,2,0,0,2,1,1,1,0,0,0,0,0,0,0,0,2,0,0,0,0,4,0
362949476,336564541,305070127,304152591,305070127,2,2,0,0,2,1,1,1,0,0,0,0,0,0,0,0,2,0,0,0,0,4,0
363449755,336564541,305070127,304152591,305070127,2,2,0,0,2,1,1,1,0,0,0,0,0,0,0,0,2,0,0,0,0,4,0
363958163,336564541,305070127,304152591,305070127,2,2,0,0,2,1,1,1,0,0,0,0,0,0,0,0,2,0,0,0,0,4,0
364467076,336564541,305070127,304152591,305070127,2,2,0,0,2,1,1,1,0,0,0,0,0,0,0,0,2,0,0,0,0,4,0
364976130,336564541,305070127,304152591,305070127,2,2,0,0,2,1,1,1,0,0,0,0,0,0,0,0,2,0,0,0,0,4,0
365482135,336564541,305070127,304152591,305070127,2,2,0,0,2,1,1,1,0,0,0,0,0,0,0,0,2,0,0,0,0,4,0
365991078,336564541,305070127,304152591,305070127,2,2,0,0,2,1,1,1,0,0,0,0,0,0,0,0,2,0,0,0,0,4,0
366497155,336564541,305070127,304152591,305070127,2,2,0,0,2,1,1,1,0,0,0,0,0,0,0,0,2,0,0,0,0,4,0
367004974,336564541,305070127,304152591,305070127,2,2,0,0,2,1,1,1,0,0,0,0,0,0,0,0,2,0,0,0,0,4,0
367510090,336564541,305070127,304152591,305070127,2,2,0,0,2,1,1,1,0,0,0,0,0,0,0,0,2,0,0,0,0,4,0
368018193,336564541,305070127,304152591,305070127,2,2,0,0,2,1,1,1,0,0,0,0,0,0,0,0,2,0,0,0,0,4,0
368526074,336564541,305070127,304152591,305070127,2,2,0,0,2,1,1,1,0,0,0,0,0,0,0,0,2,0,0,0,0,4,0
369027129,336564541,305070127,304152591,305070127,2,2,0,0,2,1,1,1,0,0,0,0,0,0,0,0,2,0,0,0,0,4,0
369537087,336564541,305070127,304152591,305070127,2,2,0,0,2,1,1,1,0,0,0,0,0,0,0,0,2,0,0,0,0,4,0
370037111,336564541,305070127,304152591,305070127,2,2,0,0,2,1,1,1,0,0,0,0,0,0,0,0,2,0,0,0,0,4,0
370537162,336564541,305070127,304152591,305070127,2,2,0,0,2,1,1,1,0,0,0,0,0,0,0,0,2,0,0,0,0,4,0
371048501,336564541,305070127,304152591,305070127,2,2,0,0,2,1,1,1,0,0,0,0,0,0,0,0,2,0,0,0,0,4,0
371556112,336564541,305070127,304152591,305070127,2,2,0,0,2,1,1,1,0,0,0,0,0,0,0,0,2,0,0,0,0,4,0
372062200,336564541,305070127,304152591,305070127,2,2,0,0,2,1,1,1,0,0,0,0,0,0,0,0,2,0,0,0,0,4,0
372569146,336564541,305070127,304152591,305070127,2,2,0,0,2,1,1,1,0,0,0,0,0,0,0,0,2,0,0,0,0,4,0
373077135,336564541,305070127,304152591,305070127,2,2,0,0,2,1,1,1,0,0,0,0,0,0,0,0,2,0,0,0,0,4,0
373583450,336564541,305070127,304152591,305070127,2,2,0,0,2,1,1,1,0,0,0,0,0,0,0,0,2,0,0,0,0,4,0
374090078,336564541,305070127,304152591,305070127,2,2,0,0,2,1,1,1,0,0,0,0,0,0,0,0,2,0,0,0,0,4,0
374597107,336564541,305070127,304152591,305070127,2,2,0,0,2,1,1,1,0,0,0,0,0,0,0,0,2,0,0,0,0,4,0
375104086,336564541,305070127,304152591,305070127,2,2,0,0,2,1,1,1,0,0,0,0,0,0,0,0,2,0,0,0,0,4,0
375610075,336564541,305070127,304152591,305070127,2,2,0,0,2,1,1,1,0,0,0,0,0,0,0,0,2,0,0,0,0,4,0
376121075,336564541,305070127,304152591,305070127,2,2,0,0,2,1,1,1,0,0,0,0,0,0,0,0,2,0,0,0,0,4,0
376621240,336564541,305070127,304152591,305070127,2,2,0,0,2,1,1,1,0,0,0,0,0,0,0,0,2,0,0,0,0,4,0
377129108,336564541,305070127,304152591,305070127,2,2,0,0,2,1,1,1,0,0,0,0,0,0,0,0,2,0,0,0,0,4,0
377637411,336564541,305070127,304152591,305070127,2,2,0,0,2,1,1,1,0,0,0,0,0,0,0,0,2,0,0,0,0,4,0
378147175,336564541,305070127,304152591,305070127,2,2,0,0,2,1,1,1,0,0,0,0,0,0,0,0,2,0,0,0,0,4,0
378654261,336564541,305070127,304152591,305070127,2,2,0,0,2,1,1,1,0,0,0,0,0,0,0,0,2,0,0,0,0,4,0
379161104,336564541,305070127,304152591,305070127,2,2,0,0,2,1,1,1,0,0,0,0,0,0,0,0,2,0,0,0,0,4,0
379668079,336564541,305070127,304152591,305070127,2,2,0,0,2,1,1,1,0,0,0,0,0,0,0,0,2,0,0,0,0,4,0
380175314,336564541,305070127,304152591,305070127,2,2,0,0,2,1,1,1,0,0,0,0,0,0,0,0,2,0,0,0,0,4,0
380681113,336564541,305070127,304152591,305070127,2,2,0,0,2,1,1,1,0,0,0,0,0,0,0,0,2,0,0,0,0,4,0
381188075,336564541,305070127,304152591,305070127,2,2,0,0,2,1,1,1,0,0,0,0,0,0,0,0,2,0,0,0,0,4,0
381696483,336564541,305070127,304152591,305070127,2,2,0,0,2,1,1,1,0,0,0,0,0,0,0,0,2,0,0,0,0,4,0
382207107,336564541,305070127,304152591,305070127,2,2,0,0,2,1,1,1,0,0,0,0,0,0,0,0,2,0,0,0,0,4,0
382716615,336564541,305070127,304152591,305070127,2,2,0,0,2,1,1,1,0,0,0,0,0,0,0,0,2,0,0,0,0,4,0
383223492,336564541,305070127,304152591,305070127,2,2,0,0,2,1,1,1,0,0,0,0,0,0,0,0,2,0,0,0,0,4,0
383729078,336564541,305070127,304152591,305070127,2,2,0,0,2,1,1,1,0,0,0,0,0,0,0,0,2,0,0,0,0,4,0
384236366,336564541,305070127,304152591,305070127,2,2,0,0,2,1,1,1,0,0,0,0,0,0,0,0,2,0,0,0,0,4,0
384745073,336564541,305070127,304152591,305070127,2,2,0,0,2,1,1,1,0,0,0,0,0,0,0,0,2,0,0,0,0,4,0
385252000,336564541,305070127,304152591,305070127,2,2,0,0,2,1,1,1,0,0,0,0,0,0,0,0,2,0,0,0,0,4,0
385759074,336564541,305070127,304152591,305070127,2,2,0,0,2,1,1,1,0,0,0,0,0,0,0,0,2,0,0,0,0,4,0
386265174,336564541,305070127,304152591,305070127,2,2,0,0,2,1,1,1,0,0,0,0,0,0,0,0,2,0,0,0,0,4,0
386771197,336564541,305070127,304152591,305070127,2,2,0,0,2,1,1,1,0,0,0,0,0,0,0,0,2,0,0,0,0,4,0
387278136,336564541,305070127,304152591,305070127,2,2,0,0,2,1,1,1,0,0,0,0,0,0,0,0,2,0,0,0,0,4,0
387788073,336564541,305070127,304152591,305070127,2,2,0,0,2,1,1,1,0,0,0,0,0,0,0,0,2,0,0,0,0,4,0
388288167,336564541,305070127,304152591,305070127,2,2,0,0,2,1,1,1,0,0,0,0,0,0,0,0,2,0,0,0,0,4,0
388799151,336564541,305070127,304152591,305070127,2,2,0,0,2,1,1,1,0,0,0,0,0,0,0,0,2,0,0,0,0,4,0
389307074,336564541,305070127,304152591,305070127,2,2,0,0,2,1,1,1,0,0,0,0,0,0,0,0,2,0,0,0,0,4,0
389814104,336564541,305070127,304152591,305070127,2,2,0,0,2,1,1,1,0,0,0,0,0,0,0,0,2,0,0,0,0,4,0
390321161,336564541,305070127,304152591,305070127,2,2,0,0,2,1,1,1,0,0,0,0,0,0,0,0,2,0,0,0,0,4,0
390827222,336564541,305070127,304152591,305070127,2,2,0,0,2,1,1,1,0,0,0,0,0,0,0,0,2,0,0,0,0,4,0
391335173,336564541,305070127,304152591,305070127,2,2,0,0,2,1,1,1,0,0,0,0,0,0,0,0,2,0,0,0,0,4,0
391843370,336564541,305070127,304152591,305070127,2,2,0,0,2,1,1,1,0,0,0,0,0,0,0,0,2,0,0,0,0,4,0
392350398,336564541,305070127,304152591,305070127,2,2,0,0,2,1,1,1,0,0,0,0,0,0,0,0,2,0,0,0,0,4,0
392856232,336564541,305070127,304152591,305070127,2,2,0,0,2,1,1,1,0,0,0,0,0,0,0,0,2,0,0,0,0,4,0
393363266,336564541,305070127,304152591,305070127,2,2,0,0,2,1,1,1,0,0,0,0,0,0,0,0,2,0,0,0,0,4,0
393873274,336564541,305070127,304152591,305070127,2,2,0,0,2,1,1,1,0,0,0,0,0,0,0,0,2,0,0,0,0,4,0
394385491,336564541,305070127,304152591,305070127,2,2,0,0,2,1,1,1,0,0,0,0,0,0,0,0,2,0,0,0,0,4,0
394894669,336564541,305070127,304152591,305070127,2,2,0,0,2,1,1,1,0,0,0,0,0,0,0,0,2,0,0,0,0,4,0
395401108,336564541,305070127,304152591,305070127,2,2,0,0,2,1,1,1,0,0,0,0,0,0,0,0,2,0,0,0,0,4,0
395908105,336564541,305070127,304152591,305070127,2,2,0,0,2,1,1,1,0,0,0,0,0,0,0,0,2,0,0,0,0,4,0
396418079,336564541,305070127,304152591,305070127,2,2,0,0,2,1,1,1,0,0,0,0,0,0,0,0,2,0,0,0,0,4,0
396925269,336564541,305070127,304152591,305070127,2,2,0,0,2,1,1,1,0,0,0,0,0,0,0,0,2,0,0,0,0,4,0
397432076,336564541,305070127,304152591,305070127,2,2,0,0,2,1,1,1,0,0,0,0,0,0,0,0,2,0,0,0,0,4,0
397939135,336564541,305070127,304152591,305070127,2,2,0,0,2,1,1,1,0,0,0,0,0,0,0,0,2,0,0,0,0,4,0
398448146,336564541,305070127,304152591,305070127,2,2,0,0,2,1,1,1,0,0,0,0,0,0,0,0,2,0,0,0,0,4,0
398948715,336564541,305070127,304152591,305070127,2,2,0,0,2,1,1,1,0,0,0,0,0,0,0,0,2,0,0,0,0,4,0
399459107,336564541,305070127,304152591,305070127,2,2,0,0,2,1,1,1,0,0,0,0,0,0,0,0,2,0,0,0,0,4,0
399970072,336564541,305070127,304152591,305070127,2,2,0,0,2,1,1,1,0,0,0,0,0,0,0,0,2,0,0,0,0,4,0
400480098,336564541,305070127,304152591,305070127,2,2,0,0,2,1,1,1,0,0,0,0,0,0,0,0,2,0,0,0,0,4,0
400989193,336564541,305070127,304152591,305070127,2,2,0,0,2,1,1,1,0,0,0,0,0,0,0,0,2,0,0,0,0,4,0
401496073,336564541,305070127,304152591,305070127,2,2,0,0,2,1,1,1,0,0,0,0,0,0,0,0,2,0,0,0,0,4,0
402003497,336564541,305070127,304152591,305070127,2,2,0,0,2,1,1,1,0,0,0,0,0,0,0,0,2,0,0,0,0,4,0
402509118,336564541,305070127,304152591,305070127,2,2,0,0,2,1,1,1,0,0,0,0,0,0,0,0,2,0,0,0,0,4,0
403017078,336564541,305070127,304152591,305070127,2,2,0,0,2,1,1,1,0,0,0,0,0,0,0,0,2,0,0,0,0,4,0
403524074,336564541,305070127,304152591,305070127,2,2,0,0,2,1,1,1,0,0,0,0,0,0,0,0,2,0,0,0,0,4,0
404030072,336564541,305070127,304152591,305070127,2,2,0,0,2,1,1,1,0,0,0,0,0,0,0,0,2,0,0,0,0,4,0
404538073,336564541,305070127,304152591,305070127,2,2,0,0,2,1,1,1,0,0,0,0,0,0,0,0,2,0,0,0,0,4,0
405038124,336564541,305070127,304152591,305070127,2,2,0,0,2,1,1,1,0,0,0,0,0,0,0,0,2,0,0,0,0,4,0
405548300,336564541,305070127,304152591,305070127,2,2,0,0,2,1,1,1,0,0,0,0,0,0,0,0,2,0,0,0,0,4,0
406057490,336564541,305070127,304152591,305070127,2,2,0,0,2,1,1,1,0,0,0,0,0,0,0,0,2,0,0,0,0,4,0
406564092,336564541,305070127,304152591,305070127,2,2,0,0,2,1,1,1,0,0,0,0,0,0,0,0,2,0,0,0,0,4,0
407071074,336564541,305070127,304152591,305070127,2,2,0,0,2,1,1,1,0,0,0,0,0,0,0,0,2,0,0,0,0,4,0
407581119,336564541,305070127,304152591,305070127,2,2,0,0,2,1,1,1,0,0,0,0,0,0,0,0,2,0,0,0,0,4,0
408087072,336564541,305070127,304152591,305070127,2,2,0,0,2,1,1,1,0,0,0,0,0,0,0,0,2,0,0,0,0,4,0
408593177,336564541,305070127,304152591,305070127,2,2,0,0,2,1,1,1,0,0,0,0,0,0,0,0,2,0,0,0,0,4,0
409100289,336564541,305070127,304152591,305070127,2,2,0,0,2,1,1,1,0,0,0,0,0,0,0,0,2,0,0,0,0,4,0
409606076,336564541,305070127,304152591,305070127,2,2,0,0,2,1,1,1,0,0,0,0,0,0,0,0,2,0,0,0,0,4,0
410116459,336564541,305070127,304152591,305070127,2,2,0,0,2,1,1,1,0,0,0,0,0,0,0,0,2,0,0,0,0,4,0
410625146,336564541,305070127,304152591,305070127,2,2,0,0,2,1,1,1,0,0,0,0,0,0,0,0,2,0,0,0,0,4,0
411136199,336564541,305070127,304152591,305070127,2,2,0,0,2,1,1,1,0,0,0,0,0,0,0,0,2,0,0,0,0,4,0
411642194,336564541,305070127,304152591,305070127,2,2,0,0,2,1,1,1,0,0,0,0,0,0,0,0,2,0,0,0,0,4,0
412149072,336564541,305070127,304152591,305070127,2,2,0,0,2,1,1,1,0,0,0,0,0,0,0,0,2,0,0,0,0,4,0
412657071,336564541,305070127,304152591,305070127,2,2,0,0,2,1,1,1,0,0,0,0,0,0,0,0,2,0,0,0,0,4,0
413164091,336564541,305070127,304152591,305070127,2,2,0,0,2,1,1,1,0,0,0,0,0,0,0,0,2,0,0,0,0,4,0
413670075,336564541,305070127,304152591,305070127,2,2,0,0,2,1,1,1,0,0,0,0,0,0,0,0,2,0,0,0,0,4,0
414176075,336564541,305070127,304152591,305070127,2,2,0,0,2,1,1,1,0,0,0,0,0,0,0,0,2,0,0,0,0,4,0
414684178,336564541,305070127,304152591,305070127,2,2,0,0,2,1,1,1,0,0,0,0,0,0,0,0,2,0,0,0,0,4,0
415193175,336564541,305070127,304152591,305070127,2,2,0,0,2,1,1,1,0,0,0,0,0,0,0,0,2,0,0,0,0,4,0
415703235,336564541,305070127,304152591,305070127,2,2,0,0,2,1,1,1,0,0,0,0,0,0,0,0,2,0,0,0,0,4,0
416214095,336564541,305070127,304152591,305070127,2,2,0,0,2,1,1,1,0,0,0,0,0,0,0,0,2,0,0,0,0,4,0
416723206,336564541,305070127,304152591,305070127,2,2,0,0,2,1,1,1,0,0,0,0,0,0,0,0,2,0,0,0,0,4,0
417231319,336564541,305070127,304152591,305070127,2,2,0,0,2,1,1,1,0,0,0,0,0,0,0,0,2,0,0,0,0,4,0
417738154,336564541,305070127,304152591,305070127,2,2,0,0,2,1,1,1,0,0,0,0,0,0,0,0,2,0,0,0,0,4,0
418244073,336564541,305070127,304152591,305070127,2,2,0,0,2,1,1,1,0,0,0,0,0,0,0,0,2,0,0,0,0,4,0
418750074,336564541,305070127,304152591,305070127,2,2,0,0,2,1,1,1,0,0,0,0,0,0,0,0,2,0,0,0,0,4,0
419256073,336564541,305070127,304152591,305070127,2,2,0,0,2,1,1,1,0,0,0,0,0,0,0,0,2,0,0,0,0,4,0
419762074,336564541,305070127,304152591,305070127,2,2,0,0,2,1,1,1,0,0,0,0,0,0,0,0,2,0,0,0,0,4,0
420270072,336564541,305070127,304152591,305070127,2,2,0,0,2,1,1,1,0,0,0,0,0,0,0,0,2,0,0,0,0,4,0
420780128,336564541,305070127,304152591,305070127,2,2,0,0,2,1,1,1,0,0,0,0,0,0,0,0,2,0,0,0,0,4,0
421288183,336564541,305070127,304152591,305070127,2,2,0,0,2,1,1,1,0,0,0,0,0,0,0,0,2,0,0,0,0,4,0
421796115,336564541,305070127,304152591,305070127,2,2,0,0,2,1,1,1,0,0,0,0,0,0,0,0,2,0,0,0,0,4,0
422303191,336564541,305070127,304152591,305070127,2,2,0,0,2,1,1,1,0,0,0,0,0,0,0,0,2,0,0,0,0,4,0
422810090,336564541,305070127,304152591,305070127,2,2,0,0,2,1,1,1,0,0,0,0,0,0,0,0,2,0,0,0,0,4,0
423318074,336564541,305070127,304152591,305070127,2,2,0,0,2,1,1,1,0,0,0,0,0,0,0,0,2,0,0,0,0,4,0
423825079,336564541,305070127,304152591,305070127,2,2,0,0,2,1,1,1,0,0,0,0,0,0,0,0,2,0,0,0,0,4,0
424334344,336564541,305070127,304152591,305070127,2,2,0,0,2,1,1,1,0,0,0,0,0,0,0,0,2,0,0,0,0,4,0
424845146,336564541,305070127,304152591,305070127,2,2,0,0,2,1,1,1,0,0,0,0,0,0,0,0,2,0,0,0,0,4,0
425356103,336564541,305070127,304152591,305070127,2,2,0,0,2,1,1,1,0,0,0,0,0,0,0,0,2,0,0,0,0,4,0
425866141,336564541,305070127,304152591,305070127,2,2,0,0,2,1,1,1,0,0,0,0,0,0,0,0,2,0,0,0,0,4,0
426375082,336564541,305070127,304152591,305070127,2,2,0,0,2,1,1,1,0,0,0,0,0,0,0,0,2,0,0,0,0,4,0
426884659,336564541,305070127,304152591,305070127,2,2,0,0,2,1,1,1,0,0,0,0,0,0,0,0,2,0,0,0,0,4,0
427394137,336564541,305070127,304152591,305070127,2,2,0,0,2,1,1,1,0,0,0,0,0,0,0,0,2,0,0,0,0,4,0
427894340,336564541,305070127,304152591,305070127,2,2,0,0,2,1,1,1,0,0,0,0,0,0,0,0,2,0,0,0,0,4,0
428402148,336564541,305070127,304152591,305070127,2,2,0,0,2,1,1,1,0,0,0,0,0,0,0,0,2,0,0,0,0,4,0
428909071,336564541,305070127,304152591,305070127,2,2,0,0,2,1,1,1,0,0,0,0,0,0,0,0,2,0,0,0,0,4,0
429416184,336564541,305070127,304152591,305070127,2,2,0,0,2,1,1,1,0,0,0,0,0,0,0,0,2,0,0,0,0,4,0
429926109,336564541,305070127,304152591,305070127,2,2,0,0,2,1,1,1,0,0,0,0,0,0,0,0,2,0,0,0,0,4,0
430435075,336564541,305070127,304152591,305070127,2,2,0,0,2,1,1,1,0,0,0,0,0,0,0,0,2,0,0,0,0,4,0
430946074,336564541,305070127,304152591,305070127,2,2,0,0,2,1,1,1,0,0,0,0,0,0,0,0,2,0,0,0,0,4,0
431454072,336564541,305070127,304152591,305070127,2,2,0,0,2,1,1,1,0,0,0,0,0,0,0,0,2,0,0,0,0,4,0
431960212,336564541,305070127,304152591,305070127,2,2,0,0,2,1,1,1,0,0,0,0,0,0,0,0,2,0,0,0,0,4,0
432467168,336564541,305070127,304152591,305070127,2,2,0,0,2,1,1,1,0,0,0,0,0,0,0,0,2,0,0,0,0,4,0
432974122,336564541,305070127,304152591,305070127,2,2,0,0,2,1,1,1,0,0,0,0,0,0,0,0,2,0,0,0,0,4,0
433480074,336564541,305070127,304152591,305070127,2,2,0,0,2,1,1,1,0,0,0,0,0,0,0,0,2,0,0,0,0,4,0
433986112,336564541,305070127,304152591,305070127,2,2,0,0,2,1,1,1,0,0,0,0,0,0,0,0,2,0,0,0,0,4,0
434493353,336564541,305070127,304152591,305070127,2,2,0,0,2,1,1,1,0,0,0,0,0,0,0,0,2,0,0,0,0,4,0
435003173,336564541,305070127,304152591,305070127,2,2,0,0,2,1,1,1,0,0,0,0,0,0,0,0,2,0,0,0,0,4,0
435503308,336564541,305070127,304152591,305070127,2,2,0,0,2,1,1,1,0,0,0,0,0,0,0,0,2,0,0,0,0,4,0
436012062,336564541,305070127,304152591,305070127,2,2,0,0,2,1,1,1,0,0,0,0,0,0,0,0,2,0,0,0,0,4,0
436518106,336564541,305070127,304152591,305070127,2,2,0,0,2,1,1,1,0,0,0,0,0,0,0,0,2,0,0,0,0,4,0
437025076,336564541,305070127,304152591,305070127,2,2,0,0,2,1,1,1,0,0,0,0,0,0,0,0,2,0,0,0,0,4,0
437531721,336564541,305070127,304152591,305070127,2,2,0,0,2,1,1,1,0,0,0,0,0,0,0,0,2,0,0,0,0,4,0
438037073,336564541,305070127,304152591,305070127,2,2,0,0,2,1,1,1,0,0,0,0,0,0,0,0,2,0,0,0,0,4,0
438543332,336564541,305070127,304152591,305070127,2,2,0,0,2,1,1,1,0,0,0,0,0,0,0,0,2,0,0,0,0,4,0
439049164,336564541,305070127,304152591,305070127,2,2,0,0,2,1,1,1,0,0,0,0,0,0,0,0,2,0,0,0,0,4,0
439558171,336564541,305070127,304152591,305070127,2,2,0,0,2,1,1,1,0,0,0,0,0,0,0,0,2,0,0,0,0,4,0
440069114,336564541,305070127,304152591,305070127,2,2,0,0,2,1,1,1,0,0,0,0,0,0,0,0,2,0,0,0,0,4,0
440579158,336564541,305070127,304152591,305070127,2,2,0,0,2,1,1,1,0,0,0,0,0,0,0,0,2,0,0,0,0,4,0
441089071,336564541,305070127,304152591,305070127,2,2,0,0,2,1,1,1,0,0,0,0,0,0,0,0,2,0,0,0,0,4,0
441596276,336564541,305070127,304152591,305070127,2,2,0,0,2,1,1,1,0,0,0,0,0,0,0,0,2,0,0,0,0,4,0
442103207,336564541,305070127,304152591,305070127,2,2,0,0,2,1,1,1,0,0,0,0,0,0,0,0,2,0,0,0,0,4,0
442609106,336564541,305070127,304152591,305070127,2,2,0,0,2,1,1,1,0,0,0,0,0,0,0,0,2,0,0,0,0,4,0
443116074,336564541,305070127,304152591,305070127,2,2,0,0,2,1,1,1,0,0,0,0,0,0,0,0,2,0,0,0,0,4,0
443623389,336564541,305070127,304152591,305070127,2,2,0,0,2,1,1,1,0,0,0,0,0,0,0,0,2,0,0,0,0,4,0
444129092,336564541,305070127,304152591,305070127,2,2,0,0,2,1,1,1,0,0,0,0,0,0,0,0,2,0,0,0,0,4,0
444638147,336564541,305070127,304152591,305070127,2,2,0,0,2,1,1,1,0,0,0,0,0,0,0,0,2,0,0,0,0,4,0
445149344,336564541,305070127,304152591,305070127,2,2,0,0,2,1,1,1,0,0,0,0,0,0,0,0,2,0,0,0,0,4,0
445660258,336564541,305070127,304152591,305070127,2,2,0,0,2,1,1,1,0,0,0,0,0,0,0,0,2,0,0,0,0,4,0
446169258,336564541,305070127,304152591,305070127,2,2,0,0,2,1,1,1,0,0,0,0,0,0,0,0,2,0,0,0,0,4,0
446676075,336564541,305070127,304152591,305070127,2,2,0,0,2,1,1,1,0,0,0,0,0,0,0,0,2,0,0,0,0,4,0
447183181,336564541,305070127,304152591,305070127,2,2,0,0,2,1,1,1,0,0,0,0,0,0,0,0,2,0,0,0,0,4,0
447689075,336564541,305070127,304152591,305070127,2,2,0,0,2,1,1,1,0,0,0,0,0,0,0,0,2,0,0,0,0,4,0
448196135,336564541,305070127,304152591,305070127,2,2,0,0,2,1,1,1,0,0,0,0,0,0,0,0,2,0,0,0,0,4,0
448707098,336564541,305070127,304152591,305070127,2,2,0,0,2,1,1,1,0,0,0,0,0,0,0,0,2,0,0,0,0,4,0
449217220,336564541,305070127,304152591,305070127,2,2,0,0,2,1,1,1,0,0,0,0,0,0,0,0,2,0,0,0,0,4,0
449728399,336564541,305070127,304152591,305070127,2,2,0,0,2,1,1,1,0,0,0,0,0,0,0,0,2,0,0,0,0,4,0
450228612,336564541,305070127,304152591,305070127,2,2,0,0,2,1,1,1,0,0,0,0,0,0,0,0,2,0,0,0,0,4,0
450738186,336564541,305070127,304152591,305070127,2,2,0,0,2,1,1,1,0,0,0,0,0,0,0,0,2,0,0,0,0,4,0
451247102,336564541,305070127,304152591,305070127,2,2,0,0,2,1,1,1,0,0,0,0,0,0,0,0,2,0,0,0,0,4,0
451756146,336564541,305070127,304152591,305070127,2,2,0,0,2,1,1,1,0,0,0,0,0,0,0,0,2,0,0,0,0,4,0
452262075,336564541,305070127,304152591,305070127,2,2,0,0,2,1,1,1,0,0,0,0,0,0,0,0,2,0,0,0,0,4,0
452770197,336564541,305070127,304152591,305070127,2,2,0,0,2,1,1,1,0,0,0,0,0,0,0,0,2,0,0,0,0,4,0
453276229,336564541,305070127,304152591,305070127,2,2,0,0,2,1,1,1,0,0,0,0,0,0,0,0,2,0,0,0,0,4,0
453786075,336564541,305070127,304152591,305070127,2,2,0,0,2,1,1,1,0,0,0,0,0,0,0,0,2,0,0,0,0,4,0
454297401,336564541,305070127,304152591,305070127,2,2,0,0,2,1,1,1,0,0,0,0,0,0,0,0,2,0,0,0,0,4,0
454804141,336564541,305070127,304152591,305070127,2,2,0,0,2,1,1,1,0,0,0,0,0,0,0,0,2,0,0,0,0,4,0
455311137,336564541,305070127,304152591,305070127,2,2,0,0,2,1,1,1,0,0,0,0,0,0,0,0,2,0,0,0,0,4,0
455817139,336564541,305070127,304152591,305070127,2,2,0,0,2,1,1,1,0,0,0,0,0,0,0,0,2,0,0,0,0,4,0
456324152,336564541,305070127,304152591,305070127,2,2,0,0,2,1,1,1,0,0,0,0,0,0,0,0,2,0,0,0,0,4,0
456830298,336564541,305070127,304152591,305070127,2,2,0,0,2,1,1,1,0,0,0,0,0,0,0,0,2,0,0,0,0,4,0
457337073,336564541,305070127,304152591,305070127,2,2,0,0,2,1,1,1,0,0,0,0,0,0,0,0,2,0,0,0,0,4,0
457843216,336564541,305070127,304152591,305070127,2,2,0,0,2,1,1,1,0,0,0,0,0,0,0,0,2,0,0,0,0,4,0
458343363,336564541,305070127,304152591,305070127,2,2,0,0,2,1,1,1,0,0,0,0,0,0,0,0,2,0,0,0,0,4,0
458852005,336564541,305070127,304152591,305070127,2,2,0,0,2,1,1,1,0,0,0,0,0,0,0,0,2,0,0,0,0,4,0
459360086,336564541,305070127,304152591,305070127,2,2,0,0,2,1,1,1,0,0,0,0,0,0,0,0,2,0,0,0,0,4,0
459867423,336564541,305070127,304152591,305070127,2,2,0,0,2,1,1,1,0,0,0,0,0,0,0,0,2,0,0,0,0,4,0
460374193,336564541,305070127,304152591,305070127,2,2,0,0,2,1,1,1,0,0,0,0,0,0,0,0,2,0,0,0,0,4,0
460881793,336564541,305070127,304152591,305070127,2,2,0,0,2,1,1,1,0,0,0,0,0,0,0,0,2,0,0,0,0,4,0
461387073,336564541,305070127,304152591,305070127,2,2,0,0,2,1,1,1,0,0,0,0,0,0,0,0,2,0,0,0,0,4,0
461893200,336564541,305070127,304152591,305070127,2,2,0,0,2,1,1,1,0,0,0,0,0,0,0,0,2,0,0,0,0,4,0
462399141,336564541,305070127,304152591,305070127,2,2,0,0,2,1,1,1,0,0,0,0,0,0,0,0,2,0,0,0,0,4,0
462911371,336564541,305070127,304152591,305070127,2,2,0,0,2,1,1,1,0,0,0,0,0,0,0,0,2,0,0,0,0,4,0
463419158,336564541,305070127,304152591,305070127,2,2,0,0,2,1,1,1,0,0,0,0,0,0,0,0,2,0,0,0,0,4,0
463926303,336564541,305070127,304152591,305070127,2,2,0,0,2,1,1,1,0,0,0,0,0,0,0,0,2,0,0,0,0,4,0
464434076,336564541,305070127,304152591,305070127,2,2,0,0,2,1,1,1,0,0,0,0,0,0,0,0,2,0,0,0,0,4,0
464940200,336564541,305070127,304152591,305070127,2,2,0,0,2,1,1,1,0,0,0,0,0,0,0,0,2,0,0,0,0,4,0
465446079,336564541,305070127,304152591,305070127,2,2,0,0,2,1,1,1,0,0,0,0,0,0,0,0,2,0,0,0,0,4,0
465952074,336564541,305070127,304152591,305070127,2,2,0,0,2,1,1,1,0,0,0,0,0,0,0,0,2,0,0,0,0,4,0
466458249,336564541,305070127,304152591,305070127,2,2,0,0,2,1,1,1,0,0,0,0,0,0,0,0,2,0,0,0,0,4,0
466966074,336564541,305070127,304152591,305070127,2,2,0,0,2,1,1,1,0,0,0,0,0,0,0,0,2,0,0,0,0,4,0
467475186,336564541,305070127,304152591,305070127,2,2,0,0,2,1,1,1,0,0,0,0,0,0,0,0,2,0,0,0,0,4,0
467984995,336564541,305070127,304152591,305070127,2,2,0,0,2,1,1,1,0,0,0,0,0,0,0,0,2,0,0,0,0,4,0
468491120,336564541,305070127,304152591,305070127,2,2,0,0,2,1,1,1,0,0,0,0,0,0,0,0,2,0,0,0,0,4,0
468998110,336564541,305070127,304152591,305070127,2,2,0,0,2,1,1,1,0,0,0,0,0,0,0,0,2,0,0,0,0,4,0
469504615,336564541,305070127,304152591,305070127,2,2,0,0,2,1,1,1,0,0,0,0,0,0,0,0,2,0,0,0,0,4,0
470011075,336564541,305070127,304152591,305070127,2,2,0,0,2,1,1,1,0,0,0,0,0,0,0,0,2,0,0,0,0,4,0
470518149,336564541,305070127,304152591,305070127,2,2,0,0,2,1,1,1,0,0,0,0,0,0,0,0,2,0,0,0,0,4,0
471028077,336564541,305070127,304152591,305070127,2,2,0,0,2,1,1,1,0,0,0,0,0,0,0,0,2,0,0,0,0,4,0
471528488,336564541,305070127,304152591,305070127,2,2,0,0,2,1,1,1,0,0,0,0,0,0,0,0,2,0,0,0,0,4,0
472028574,336564541,305070127,304152591,305070127,2,2,0,0,2,1,1,1,0,0,0,0,0,0,0,0,2,0,0,0,0,4,0
472538204,336564541,305070127,304152591,305070127,2,2,0,0,2,1,1,1,0,0,0,0,0,0,0,0,2,0,0,0,0,4,0
473045076,336564541,305070127,304152591,305070127,2,2,0,0,2,1,1,1,0,0,0,0,0,0,0,0,2,0,0,0,0,4,0
473551073,336564541,305070127,304152591,305070127,2,2,0,0,2,1,1,1,0,0,0,0,0,0,0,0,2,0,0,0,0,4,0
474060110,336564541,305070127,304152591,305070127,2,2,0,0,2,1,1,1,0,0,0,0,0,0,0,0,2,0,0,0,0,4,0
474567115,336564541,305070127,304152591,305070127,2,2,0,0,2,1,1,1,0,0,0,0,0,0,0,0,2,0,0,0,0,4,0
475074138,336564541,305070127,304152591,305070127,2,2,0,0,2,1,1,1,0,0,0,0,0,0,0,0,2,0,0,0,0,4,0
475581165,336564541,305070127,304152591,305070127,2,2,0,0,2,1,1,1,0,0,0,0,0,0,0,0,2,0,0,0,0,4,0
476090110,336564541,305070127,304152591,305070127,2,2,0,0,2,1,1,1,0,0,0,0,0,0,0,0,2,0,0,0,0,4,0
476601074,336564541,305070127,304152591,305070127,2,2,0,0,2,1,1,1,0,0,0,0,0,0,0,0,2,0,0,0,0,4,0
477109168,336564541,305070127,304152591,305070127,2,2,0,0,2,1,1,1,0,0,0,0,0,0,0,0,2,0,0,0,0,4,0
477615117,336564541,305070127,304152591,305070127,2,2,0,0,2,1,1,1,0,0,0,0,0,0,0,0,2,0,0,0,0,4,0
478122629,336564541,305070127,304152591,305070127,2,2,0,0,2,1,1,1,0,0,0,0,0,0,0,0,2,0,0,0,0,4,0
478629074,336564541,305070127,304152591,305070127,2,2,0,0,2,1,1,1,0,0,0,0,0,0,0,0,2,0,0,0,0,4,0
479137182,336564541,305070127,304152591,305070127,2,2,0,0,2,1,1,1,0,0,0,0,0,0,0,0,2,0,0,0,0,4,0
479643210,336564541,305070127,304152591,305070127,2,2,0,0,2,1,1,1,0,0,0,0,0,0,0,0,2,0,0,0,0,4,0
480153171,336564541,305070127,304152591,305070127,2,2,0,0,2,1,1,1,0,0,0,0,0,0,0,0,2,0,0,0,0,4,0
480663313,336564541,305070127,304152591,305070127,2,2,0,0,2,1,1,1,0,0,0,0,0,0,0,0,2,0,0,0,0,4,0
481172447,336564541,305070127,304152591,305070127,2,2,0,0,2,1,1,1,0,0,0,0,0,0,0,0,2,0,0,0,0,4,0
481680071,336564541,305070127,304152591,305070127,2,2,0,0,2,1,1,1,0,0,0,0,0,0,0,0,2,0,0,0,0,4,0
482188260,336564541,305070127,304152591,305070127,2,2,0,0,2,1,1,1,0,0,0,0,0,0,0,0,2,0,0,0,0,4,0
482694074,336564541,305070127,304152591,305070127,2,2,0,0,2,1,1,1,0,0,0,0,0,0,0,0,2,0,0,0,0,4,0
483201335,336564541,305070127,304152591,305070127,2,2,0,0,2,1,1,1,0,0,0,0,0,0,0,0,2,0,0,0,0,4,0
483707137,336564541,305070127,304152591,305070127,2,2,0,0,2,1,1,1,0,0,0,0,0,0,0,0,2,0,0,0,0,4,0
484215544,336564541,305070127,304152591,305070127,2,2,0,0,2,1,1,1,0,0,0,0,0,0,0,0,2,0,0,0,0,4,0
484724168,336564541,305070127,304152591,305070127,2,2,0,0,2,1,1,1,0,0,0,0,0,0,0,0,2,0,0,0,0,4,0
485234075,336564541,305070127,304152591,305070127,2,2,0,0,2,1,1,1,0,0,0,0,0,0,0,0,2,0,0,0,0,4,0
485741179,336564541,305070127,304152591,305070127,2,2,0,0,2,1,1,1,0,0,0,0,0,0,0,0,2,0,0,0,0,4,0
486248074,336564541,305070127,304152591,305070127,2,2,0,0,2,1,1,1,0,0,0,0,0,0,0,0,2,0,0,0,0,4,0
486755138,336564541,305070127,304152591,305070127,2,2,0,0,2,1,1,1,0,0,0,0,0,0,0,0,2,0,0,0,0,4,0
487262161,336564541,305070127,304152591,305070127,2,2,0,0,2,1,1,1,0,0,0,0,0,0,0,0,2,0,0,0,0,4,0
487768208,336564541,305070127,304152591,305070127,2,2,0,0,2,1,1,1,0,0,0,0,0,0,0,0,2,0,0,0,0,4,0
488275108,336564541,305070127,304152591,305070127,2,2,0,0,2,1,1,1,0,0,0,0,0,0,0,0,2,0,0,0,0,4,0
488785109,336564541,305070127,304152591,305070127,2,2,0,0,2,1,1,1,0,0,0,0,0,0,0,0,2,0,0,0,0,4,0
489296073,336564541,305070127,304152591,305070127,2,2,0,0,2,1,1,1,0,0,0,0,0,0,0,0,2,0,0,0,0,4,0
489804739,336564541,305070127,304152591,305070127,2,2,0,0,2,1,1,1,0,0,0,0,0,0,0,0,2,0,0,0,0,4,0
490311076,336564541,305070127,304152591,305070127,2,2,0,0,2,1,1,1,0,0,0,0,0,0,0,0,2,0,0,0,0,4,0
490817139,336564541,305070127,304152591,305070127,2,2,0,0,2,1,1,1,0,0,0,0,0,0,0,0,2,0,0,0,0,4,0
491325074,336564541,305070127,304152591,305070127,2,2,0,0,2,1,1,1,0,0,0,0,0,0,0,0,2,0,0,0,0,4,0
491831079,336564541,305070127,304152591,305070127,2,2,0,0,2,1,1,1,0,0,0,0,0,0,0,0,2,0,0,0,0,4,0
492331106,336564541,305070127,304152591,305070127,2,2,0,0,2,1,1,1,0,0,0,0,0,0,0,0,2,0,0,0,0,4,0
492841074,336564541,305070127,304152591,305070127,2,2,0,0,2,1,1,1,0,0,0,0,0,0,0,0,2,0,0,0,0,4,0
493341113,336564541,305070127,304152591,305070127,2,2,0,0,2,1,1,1,0,0,0,0,0,0,0,0,2,0,0,0,0,4,0
493851084,336564541,305070127,304152591,305070127,2,2,0,0,2,1,1,1,0,0,0,0,0,0,0,0,2,0,0,0,0,4,0
494360073,336564541,305070127,304152591,305070127,2,2,0,0,2,1,1,1,0,0,0,0,0,0,0,0,2,0,0,0,0,4,0
494867075,336564541,305070127,304152591,305070127,2,2,0,0,2,1,1,1,0,0,0,0,0,0,0,0,2,0,0,0,0,4,0
495374021,336564541,305070127,304152591,305070127,2,2,0,0,2,1,1,1,0,0,0,0,0,0,0,0,2,0,0,0,0,4,0
495880179,336564541,305070127,304152591,305070127,2,2,0,0,2,1,1,1,0,0,0,0,0,0,0,0,2,0,0,0,0,4,0
496386133,336564541,305070127,304152591,305070127,2,2,0,0,2,1,1,1,0,0,0,0,0,0,0,0,2,0,0,0,0,4,0
496895074,336564541,305070127,304152591,305070127,2,2,0,0,2,1,1,1,0,0,0,0,0,0,0,0,2,0,0,0,0,4,0
497404075,336564541,305070127,304152591,305070127,2,2,0,0,2,1,1,1,0,0,0,0,0,0,0,0,2,0,0,0,0,4,0
497904152,336564541,305070127,304152591,305070127,2,2,0,0,2,1,1,1,0,0,0,0,0,0,0,0,2,0,0,0,0,4,0
498415072,336564541,305070127,304152591,305070127,2,2,0,0,2,1,1,1,0,0,0,0,0,0,0,0,2,0,0,0,0,4,0
498923235,336564541,305070127,304152591,305070127,2,2,0,0,2,1,1,1,0,0,0,0,0,0,0,0,2,0,0,0,0,4,0
499429137,336564541,305070127,304152591,305070127,2,2,0,0,2,1,1,1,0,0,0,0,0,0,0,0,2,0,0,0,0,4,0
499937108,336564541,305070127,304152591,305070127,2,2,0,0,2,1,1,1,0,0,0,0,0,0,0,0,2,0,0,0,0,4,0
500446733,336564541,305070127,304152591,305070127,2,2,0,0,2,1,1,1,0,0,0,0,0,0,0,0,2,0,0,0,0,4,0
500956522,336564541,305070127,304152591,305070127,2,2,0,0,2,1,1,1,0,0,0,0,0,0,0,0,2,0,0,0,0,4,0
501466335,336564541,305070127,304152591,305070127,2,2,0,0,2,1,1,1,0,0,0,0,0,0,0,0,2,0,0,0,0,4,0
501974076,336564541,305070127,304152591,305070127,2,2,0,0,2,1,1,1,0,0,0,0,0,0,0,0,2,0,0,0,0,4,0
502480183,336564541,305070127,304152591,305070127,2,2,0,0,2,1,1,1,0,0,0,0,0,0,0,0,2,0,0,0,0,4,0
502987074,336564541,305070127,304152591,305070127,2,2,0,0,2,1,1,1,0,0,0,0,0,0,0,0,2,0,0,0,0,4,0
503493244,336564541,305070127,304152591,305070127,2,2,0,0,2,1,1,1,0,0,0,0,0,0,0,0,2,0,0,0,0,4,0
504000157,336564541,305070127,304152591,305070127,2,2,0,0,2,1,1,1,0,0,0,0,0,0,0,0,2,0,0,0,0,4,0
504506073,336564541,305070127,304152591,305070127,2,2,0,0,2,1,1,1,0,0,0,0,0,0,0,0,2,0,0,0,0,4,0
505015579,336564541,305070127,304152591,305070127,2,2,0,0,2,1,1,1,0,0,0,0,0,0,0,0,2,0,0,0,0,4,0
505526107,336564541,305070127,304152591,305070127,2,2,0,0,2,1,1,1,0,0,0,0,0,0,0,0,2,0,0,0,0,4,0
506036236,336564541,305070127,304152591,305070127,2,2,0,0,2,1,1,1,0,0,0,0,0,0,0,0,2,0,0,0,0,4,0
506543364,336564541,305070127,304152591,305070127,2,2,0,0,2,1,1,1,0,0,0,0,0,0,0,0,2,0,0,0,0,4,0
507050574,336564541,305070127,304152591,305070127,2,2,0,0,2,1,1,1,0,0,0,0,0,0,0,0,2,0,0,0,0,4,0
507556142,336564541,305070127,304152591,305070127,2,2,0,0,2,1,1,1,0,0,0,0,0,0,0,0,2,0,0,0,0,4,0
508062228,336564541,305070127,304152591,305070127,2,2,0,0,2,1,1,1,0,0,0,0,0,0,0,0,2,0,0,0,0,4,0
508568120,336564541,305070127,304152591,305070127,2,2,0,0,2,1,1,1,0,0,0,0,0,0,0,0,2,0,0,0,0,4,0
509076072,336564541,305070127,304152591,305070127,2,2,0,0,2,1,1,1,0,0,0,0,0,0,0,0,2,0,0,0,0,4,0
509587075,336564541,305070127,304152591,305070127,2,2,0,0,2,1,1,1,0,0,0,0,0,0,0,0,2,0,0,0,0,4,0
510095297,336564541,305070127,304152591,305070127,2,2,0,0,2,1,1,1,0,0,0,0,0,0,0,0,2,0,0,0,0,4,0
510602081,336564541,305070127,304152591,305070127,2,2,0,0,2,1,1,1,0,0,0,0,0,0,0,0,2,0,0,0,0,4,0
511109130,336564541,305070127,304152591,305070127,2,2,0,0,2,1,1,1,0,0,0,0,0,0,0,0,2,0,0,0,0,4,0
511615073,336564541,305070127,304152591,305070127,2,2,0,0,2,1,1,1,0,0,0,0,0,0,0,0,2,0,0,0,0,4,0
512122486,336564541,305070127,304152591,305070127,2,2,0,0,2,1,1,1,0,0,0,0,0,0,0,0,2,0,0,0,0,4,0
512634153,336564541,305070127,304152591,305070127,2,2,0,0,2,1,1,1,0,0,0,0,0,0,0,0,2,0,0,0,0,4,0
513144647,336564541,305070127,304152591,305070127,2,2,0,0,2,1,1,1,0,0,0,0,0,0,0,0,2,0,0,0,0,4,0
513655073,336564541,305070127,304152591,305070127,2,2,0,0,2,1,1,1,0,0,0,0,0,0,0,0,2,0,0,0,0,4,0
514163859,336564541,305070127,304152591,305070127,2,2,0,0,2,1,1,1,0,0,0,0,0,0,0,0,2,0,0,0,0,4,0
514671073,336564541,305070127,304152591,305070127,2,2,0,0,2,1,1,1,0,0,0,0,0,0,0,0,2,0,0,0,0,4,0
515180170,336564541,305070127,304152591,305070127,2,2,0,0,2,1,1,1,0,0,0,0,0,0,0,0,2,0,0,0,0,4,0
515687211,336564541,305070127,304152591,305070127,2,2,0,0,2,1,1,1,0,0,0,0,0,0,0,0,2,0,0,0,0,4,0
516194114,336564541,305070127,304152591,305070127,2,2,0,0,2,1,1,1,0,0,0,0,0,0,0,0,2,0,0,0,0,4,0
516701136,336564541,305070127,304152591,305070127,2,2,0,0,2,1,1,1,0,0,0,0,0,0,0,0,2,0,0,0,0,4,0
517211075,336564541,305070127,304152591,305070127,2,2,0,0,2,1,1,1,0,0,0,0,0,0,0,0,2,0,0,0,0,4,0
517721074,336564541,305070127,304152591,305070127,2,2,0,0,2,1,1,1,0,0,0,0,0,0,0,0,2,0,0,0,0,4,0
518229156,336564541,305070127,304152591,305070127,2,2,0,0,2,1,1,1,0,0,0,0,0,0,0,0,2,0,0,0,0,4,0
518737422,336564541,305070127,304152591,305070127,2,2,0,0,2,1,1,1,0,0,0,0,0,0,0,0,2,0,0,0,0,4,0
519248205,336564541,305070127,304152591,305070127,2,2,0,0,2,1,1,1,0,0,0,0,0,0,0,0,2,0,0,0,0,4,0
519756078,336564541,305070127,304152591,305070127,2,2,0,0,2,1,1,1,0,0,0,0,0,0,0,0,2,0,0,0,0,4,0
520262073,336564541,305070127,304152591,305070127,2,2,0,0,2,1,1,1,0,0,0,0,0,0,0,0,2,0,0,0,0,4,0
520769150,336564541,305070127,304152591,305070127,2,2,0,0,2,1,1,1,0,0,0,0,0,0,0,0,2,0,0,0,0,4,0
521270077,336564541,305070127,304152591,305070127,2,2,0,0,2,1,1,1,0,0,0,0,0,0,0,0,2,0,0,0,0,4,0
521780076,336564541,305070127,304152591,305070127,2,2,0,0,2,1,1,1,0,0,0,0,0,0,0,0,2,0,0,0,0,4,0
522287252,336564541,305070127,304152591,305070127,2,2,0,0,2,1,1,1,0,0,0,0,0,0,0,0,2,0,0,0,0,4,0
522796176,336564541,305070127,304152591,305070127,2,2,0,0,2,1,1,1,0,0,0,0,0,0,0,0,2,0,0,0,0,4,0
523303389,336564541,305070127,304152591,305070127,2,2,0,0,2,1,1,1,0,0,0,0,0,0,0,0,2,0,0,0,0,4,0
523809246,336564541,305070127,304152591,305070127,2,2,0,0,2,1,1,1,0,0,0,0,0,0,0,0,2,0,0,0,0,4,0
524315121,336564541,305070127,304152591,305070127,2,2,0,0,2,1,1,1,0,0,0,0,0,0,0,0,2,0,0,0,0,4,0
524822117,336564541,305070127,304152591,305070127,2,2,0,0,2,1,1,1,0,0,0,0,0,0,0,0,2,0,0,0,0,4,0
525331641,336564541,305070127,304152591,305070127,2,2,0,0,2,1,1,1,0,0,0,0,0,0,0,0,2,0,0,0,0,4,0
525838133,336564541,305070127,304152591,305070127,2,2,0,0,2,1,1,1,0,0,0,0,0,0,0,0,2,0,0,0,0,4,0
526345090,336564541,305070127,304152591,305070127,2,2,0,0,2,1,1,1,0,0,0,0,0,0,0,0,2,0,0,0,0,4,0
526852165,336564541,305070127,304152591,305070127,2,2,0,0,2,1,1,1,0,0,0,0,0,0,0,0,2,0,0,0,0,4,0
527359073,336564541,305070127,304152591,305070127,2,2,0,0,2,1,1,1,0,0,0,0,0,0,0,0,2,0,0,0,0,4,0
527865072,336564541,305070127,304152591,305070127,2,2,0,0,2,1,1,1,0,0,0,0,0,0,0,0,2,0,0,0,0,4,0
528371137,336564541,305070127,304152591,305070127,2,2,0,0,2,1,1,1,0,0,0,0,0,0,0,0,2,0,0,0,0,4,0
528881077,336564541,305070127,304152591,305070127,2,2,0,0,2,1,1,1,0,0,0,0,0,0,0,0,2,0,0,0,0,4,0
529391073,336564541,305070127,304152591,305070127,2,2,0,0,2,1,1,1,0,0,0,0,0,0,0,0,2,0,0,0,0,4,0
529901107,336564541,305070127,304152591,305070127,2,2,0,0,2,1,1,1,0,0,0,0,0,0,0,0,2,0,0,0,0,4,0
530408074,336564541,305070127,304152591,305070127,2,2,0,0,2,1,1,1,0,0,0,0,0,0,0,0,2,0,0,0,0,4,0
530915206,336564541,305070127,304152591,305070127,2,2,0,0,2,1,1,1,0,0,0,0,0,0,0,0,2,0,0,0,0,4,0
531422076,336564541,305070127,304152591,305070127,2,2,0,0,2,1,1,1,0,0,0,0,0,0,0,0,2,0,0,0,0,4,0
531929075,336564541,305070127,304152591,305070127,2,2,0,0,2,1,1,1,0,0,0,0,0,0,0,0,2,0,0,0,0,4,0
532439207,336564541,305070127,304152591,305070127,2,2,0,0,2,1,1,1,0,0,0,0,0,0,0,0,2,0,0,0,0,4,0
532950073,336564541,305070127,304152591,305070127,2,2,0,0,2,1,1,1,0,0,0,0,0,0,0,0,2,0,0,0,0,4,0
533450263,336564541,305070127,304152591,305070127,2,2,0,0,2,1,1,1,0,0,0,0,0,0,0,0,2,0,0,0,0,4,0
533959158,336564541,305070127,304152591,305070127,2,2,0,0,2,1,1,1,0,0,0,0,0,0,0,0,2,0,0,0,0,4,0
534468086,336564541,305070127,304152591,305070127,2,2,0,0,2,1,1,1,0,0,0,0,0,0,0,0,2,0,0,0,0,4,0
534976099,336564541,305070127,304152591,305070127,2,2,0,0,2,1,1,1,0,0,0,0,0,0,0,0,2,0,0,0,0,4,0
535483813,336564541,305070127,304152591,305070127,2,2,0,0,2,1,1,1,0,0,0,0,0,0,0,0,2,0,0,0,0,4,0
535990203,336564541,305070127,304152591,305070127,2,2,0,0,2,1,1,1,0,0,0,0,0,0,0,0,2,0,0,0,0,4,0
536499073,336564541,305070127,304152591,305070127,2,2,0,0,2,1,1,1,0,0,0,0,0,0,0,0,2,0,0,0,0,4,0
537000077,336564541,305070127,304152591,305070127,2,2,0,0,2,1,1,1,0,0,0,0,0,0,0,0,2,0,0,0,0,4,0
537507490,336564541,305070127,304152591,305070127,2,2,0,0,2,1,1,1,0,0,0,0,0,0,0,0,2,0,0,0,0,4,0
538014077,336564541,305070127,304152591,305070127,2,2,0,0,2,1,1,1,0,0,0,0,0,0,0,0,2,0,0,0,0,4,0
538521071,336564541,305070127,304152591,305070127,2,2,0,0,2,1,1,1,0,0,0,0,0,0,0,0,2,0,0,0,0,4,0
539027228,336564541,305070127,304152591,305070127,2,2,0,0,2,1,1,1,0,0,0,0,0,0,0,0,2,0,0,0,0,4,0
539533269,336564541,305070127,304152591,305070127,2,2,0,0,2,1,1,1,0,0,0,0,0,0,0,0,2,0,0,0,0,4,0
540039077,336564541,305070127,304152591,305070127,2,2,0,0,2,1,1,1,0,0,0,0,0,0,0,0,2,0,0,0,0,4,0
540547109,336564541,305070127,304152591,305070127,2,2,0,0,2,1,1,1,0,0,0,0,0,0,0,0,2,0,0,0,0,4,0
541047347,336564541,305070127,304152591,305070127,2,2,0,0,2,1,1,1,0,0,0,0,0,0,0,0,2,0,0,0,0,4,0
541554078,336564541,305070127,304152591,305070127,2,2,0,0,2,1,1,1,0,0,0,0,0,0,0,0,2,0,0,0,0,4,0
542060076,336564541,305070127,304152591,305070127,2,2,0,0,2,1,1,1,0,0,0,0,0,0,0,0,2,0,0,0,0,4,0
542567157,336564541,305070127,304152591,305070127,2,2,0,0,2,1,1,1,0,0,0,0,0,0,0,0,2,0,0,0,0,4,0
543074286,336564541,305070127,304152591,305070127,2,2,0,0,2,1,1,1,0,0,0,0,0,0,0,0,2,0,0,0,0,4,0
543580140,336564541,305070127,304152591,305070127,2,2,0,0,2,1,1,1,0,0,0,0,0,0,0,0,2,0,0,0,0,4,0
544088073,336564541,305070127,304152591,305070127,2,2,0,0,2,1,1,1,0,0,0,0,0,0,0,0,2,0,0,0,0,4,0
544599088,336564541,305070127,304152591,305070127,2,2,0,0,2,1,1,1,0,0,0,0,0,0,0,0,2,0,0,0,0,4,0
545099115,336564541,305070127,304152591,305070127,2,2,0,0,2,1,1,1,0,0,0,0,0,0,0,0,2,0,0,0,0,4,0
545606144,336564541,305070127,304152591,305070127,2,2,0,0,2,1,1,1,0,0,0,0,0,0,0,0,2,0,0,0,0,4,0
546115072,336564541,305070127,304152591,305070127,2,2,0,0,2,1,1,1,0,0,0,0,0,0,0,0,2,0,0,0,0,4,0
546623385,336564541,305070127,304152591,305070127,2,2,0,0,2,1,1,1,0,0,0,0,0,0,0,0,2,0,0,0,0,4,0
547130800,336564541,305070127,304152591,305070127,2,2,0,0,2,1,1,1,0,0,0,0,0,0,0,0,2,0,0,0,0,4,0
547636110,336564541,305070127,304152591,305070127,2,2,0,0,2,1,1,1,0,0,0,0,0,0,0,0,2,0,0,0,0,4,0
548136145,336564541,305070127,304152591,305070127,2,2,0,0,2,1,1,1,0,0,0,0,0,0,0,0,2,0,0,0,0,4,0
548643365,336564541,305070127,304152591,305070127,2,2,0,0,2,1,1,1,0,0,0,0,0,0,0,0,2,0,0,0,0,4,0
549150237,336564541,305070127,304152591,305070127,2,2,0,0,2,1,1,1,0,0,0,0,0,0,0,0,2,0,0,0,0,4,0
549425513,336564541,305070127,304152591,305070127,2,2,0,0,2,1,1,1,0,0,0,0,0,0,0,0,2,0,0,0,0,4,0
549931253,336564541,305070127,304152591,305070127,2,2,0,0,2,1,1,1,0,0,0,0,0,0,0,0,2,0,0,0,0,4,0
550438075,336564541,305070127,304152591,305070127,2,2,0,0,2,1,1,1,0,0,0,0,0,0,0,0,2,0,0,0,0,4,0
550945073,336564541,305070127,304152591,305070127,2,2,0,0,2,1,1,1,0,0,0,0,0,0,0,0,2,0,0,0,0,4,0
551455094,336564541,305070127,304152591,305070127,2,2,0,0,2,1,1,1,0,0,0,0,0,0,0,0,2,0,0,0,0,4,0
551955106,336564541,305070127,304152591,305070127,2,2,0,0,2,1,1,1,0,0,0,0,0,0,0,0,2,0,0,0,0,4,0
552455122,336564541,305070127,304152591,305070127,2,2,0,0,2,1,1,1,0,0,0,0,0,0,0,0,2,0,0,0,0,4,0
552962075,336564541,305070127,304152591,305070127,2,2,0,0,2,1,1,1,0,0,0,0,0,0,0,0,2,0,0,0,0,4,0
553468314,336564541,305070127,304152591,305070127,2,2,0,0,2,1,1,1,0,0,0,0,0,0,0,0,2,0,0,0,0,4,0
553975123,336564541,305070127,304152591,305070127,2,2,0,0,2,1,1,1,0,0,0,0,0,0,0,0,2,0,0,0,0,4,0
554437231,336564541,305070127,304152591,305070127,2,1,0,0,2,1,1,1,0,0,0,0,0,0,0,0,2,0,0,0,0,4,9
554453359,336564541,305070127,304152623,34537519,2,1,0,0,2,1,1,1,0,0,0,0,0,0,0,0,2,0,0,0,0,4,9
554963687,336564541,305070127,304152623,34537519,2,1,0,0,2,1,1,1,0,0,0,0,0,0,0,0,2,0,0,0,0,4,9
