timestamp,magnetometer_ga[0],magnetometer_ga[1],magnetometer_ga[2]
332998567,-0.18632385,0.14546129,1.016881
333009777,-0.18928424,0.1483638,1.0040721
334190475,-0.18632385,0.1512663,1.016881
334201804,-0.18632385,0.1483638,1.0072743
334392991,-0.18040307,0.1512663,1.0072743
334595922,-0.18336345,0.1483638,1.0104765
334798277,-0.18336345,0.14546129,1.0264876
334989504,-0.1744823,0.14255877,1.0136787
335191953,-0.1507992,0.13675375,1.0360942
335394502,-0.14783882,0.16287638,1.0072743
335596545,-0.16856152,0.21221913,0.92401665
335787743,-0.19816539,0.2296342,0.8567701
335990222,-0.19520502,0.23834175,0.795928
336192705,-0.19520502,0.2296342,0.73828804
336383945,-0.18928424,0.21802415,0.69345707
336586440,-0.18928424,0.20060904,0.648626
336788893,-0.18632385,0.188999,0.60699725
336991341,-0.18040307,0.17448644,0.58137953
337193858,-0.20112579,0.17448644,0.5653685
337396685,-0.18928424,0.18609649,0.58778393
337587941,-0.21000695,0.19480404,0.58137953
337790000,-0.25737315,0.19770655,0.55896395
337992495,-0.31066012,0.20351158,0.5109308
338194926,-0.23369004,0.20060904,0.5621662
338397400,-0.22480889,0.20351158,0.55896395
338588584,-0.2840166,0.25285432,0.49812192
338791044,-0.35210553,0.2499518,0.46930197
338993609,-0.30769974,0.19480404,0.5493573
339196019,-0.18632385,0.17448644,0.632615
339387241,-0.07974991,0.22092664,0.66783935
339589752,-0.07678952,0.36314988,0.61019945
339792197,-0.115274556,0.35153982,0.6390194
339994667,-0.11823494,0.23543924,0.72868145
340197127,-0.14487843,0.10772859,0.77991694
340388792,-0.19520502,0.026458196,0.75750136
340590844,-0.14783882,0.055483337,0.7735125
340793305,-0.091591455,0.15707135,0.7703103
340995737,-0.067908354,0.17738895,0.7703103
341187041,-0.050146036,0.1686814,0.7735125
341389439,-0.03830449,0.11643614,0.795928
341591981,-0.03830449,-0.040299635,0.80553466
341794418,-0.06494798,-0.046104662,0.795928
341996843,-0.070868745,0.084508486,0.77991694
342188097,-0.017581778,0.1919015,0.7542992
342390543,0.059388287,0.19770655,0.7478947
342593113,0.065309055,0.16287638,0.7607036
342795471,0.029784415,0.052580826,0.7767147
342986787,-0.020542167,-0.046104662,0.78311914
343189565,-0.047185652,-0.03449461,0.7767147
343392098,-0.053106423,0.09611855,0.7607036
343594181,-0.056066815,0.24124427,0.7158726
343796631,-0.044225264,0.20641409,0.71907485
343987827,0.009061705,0.06999591,0.7607036
344190312,0.020903254,0.049678314,0.7542992
344392836,-0.032383714,0.13675375,0.73188365
344595266,-0.070868745,0.087410994,0.72868145
344786473,-0.029423328,0.087410994,0.7350859
344988925,-0.029423328,0.09031351,0.71907485
345191432,-0.03830449,0.09611855,0.7126703
345394026,-0.047185652,0.09321603,0.7158726
345596356,-0.044225264,0.09611855,0.7094682
345787587,-0.035344105,0.099021055,0.7126703
345990831,-0.04126488,0.09321603,0.7158726
346192896,-0.04126488,0.10192357,0.7062659
346395421,-0.047185652,0.09611855,0.7126703
346586592,-0.044225264,0.099021055,0.7126703
346788861,-0.053106423,0.104826085,0.7062659
346991174,-0.073829144,0.15416884,0.7030637
347193710,-0.067908354,0.22382918,0.6838504
347396067,-0.07678952,0.14546129,0.7158726
347587314,-0.06494798,0.00033556522,0.7414903
347789800,-0.061987583,0.020653168,0.73828804
347992320,-0.08567069,0.10772859,0.7158726
348194739,-0.09455185,0.1280462,0.722277
348385990,-0.10047262,0.13094871,0.7158726
348588431,-0.115274556,0.12514369,0.722277
348790917,-0.1271161,0.12514369,0.72547925
348993515,-0.13303687,0.12514369,0.72547925
349195807,-0.14783882,0.12514369,0.71907485
349387063,-0.17152192,0.10192357,0.7158726
349589549,-0.26329392,0.10192357,0.6806482
349792046,-0.22184849,0.1280462,0.6806482
349994471,-0.09455185,0.1280462,0.72868145
350185757,-0.12119533,0.12514369,0.72547925
350388163,-0.14191803,0.1280462,0.7126703
350590657,-0.19816539,0.12514369,0.67424375
350793174,-0.25145236,0.12224116,0.6454238
350995545,-0.3343432,0.1280462,0.58137953
351186796,-0.27809587,0.110631116,0.61340165
351389268,-0.1271161,0.12224116,0.6614349
351591784,-0.13303687,0.110631116,0.6422216
351794629,-0.16560113,0.110631116,0.6390194
351997071,-0.12119533,0.099021055,0.6518283
352188327,-0.13303687,0.104826085,0.6390194
352390770,-0.23665044,0.11353363,0.58778393
352593253,-0.18336345,0.104826085,0.61019945
352795687,-0.11823494,0.099021055,0.63581717
352986921,-0.1300765,0.099021055,0.6230083
353189385,-0.17744268,0.099021055,0.60699725
353391898,-0.13599727,0.09321603,0.61340165
353593983,-0.08863108,0.099021055,0.6262106
353785199,-0.1300765,0.099021055,0.61019945
353987662,-0.14487843,0.099021055,0.603795
354190136,-0.14783882,0.099021055,0.60059285
354392692,-0.13599727,0.09321603,0.6198061
354595056,-0.13303687,0.09611855,0.6230083
354797889,-0.13303687,0.10192357,0.6294128
355000494,-0.12415571,0.10192357,0.63581717
355191586,-0.11823494,0.10192357,0.6422216
355394118,-0.10935379,0.099021055,0.6550305
355585076,-0.10047262,0.104826085,0.66463715
355787355,-0.08863108,0.10192357,0.6806482
355989851,-0.091591455,0.10192357,0.67424375
356192392,-0.08271029,0.104826085,0.6870526
356394774,-0.053106423,0.06999591,0.73188365
356586030,-0.04126488,0.07580094,0.73828804
356788440,-0.04126488,-0.0054694647,0.75109696
356991067,-0.047185652,0.058385853,0.7478947
357193390,-0.032383714,0.17738895,0.72868145
357384666,-0.026462942,0.15416884,0.75109696
357598794,-0.0087006185,0.078703456,0.7639059
357789962,0.0061013177,0.06419089,0.7735125
357992456,0.014982479,0.072898425,0.7607036
358194513,0.020903254,0.084508486,0.7639059
358385803,0.029784415,0.087410994,0.74469256
358588202,0.03570519,0.084508486,0.74469256
358790690,0.059388287,0.087410994,0.73828804
358993143,0.07122984,0.08160597,0.7158726
359195633,0.11859603,0.07580094,0.7062659
359397457,0.16892262,0.06999591,0.6870526
359588443,0.091952555,0.078703456,0.677446
359790958,0.07122984,0.078703456,0.67104155
359993021,0.026824027,0.08160597,0.6454238
360184207,0.1037941,0.07580094,0.648626
360398503,0.059388287,0.078703456,0.632615
360589542,0.068269454,0.07580094,0.6166039
360791993,0.09491293,0.06419089,0.6230083
360994463,0.07419022,0.011945623,0.6262106
361185504,0.050507125,0.038068254,0.6166039
361387780,0.014982479,0.14255877,0.58137953
361590286,0.041625965,0.11353363,0.58458173
361792711,0.1037941,0.055483337,0.61340165
361995234,0.03570519,0.046775796,0.61340165
362197656,-0.035344105,0.06999591,0.603795
362388932,-0.023502553,0.061288364,0.6198061
362591354,-0.035344105,0.06419089,0.6166039
362793828,-0.011661006,0.009043108,0.632615
362985096,-0.0027798433,-0.008371978,0.6454238
363198734,-0.03830449,0.099021055,0.61019945
363390416,-0.06494798,0.14546129,0.60059285
363592825,-0.07678952,0.06999591,0.6262106
363795317,-0.070868745,0.055483337,0.6454238
363997772,-0.08863108,0.067093395,0.6390194
364189034,-0.10047262,0.072898425,0.63581717
364391446,-0.11823494,0.06999591,0.6454238
364593926,-0.1744823,0.07580094,0.63581717
364796433,-0.15375958,0.078703456,0.648626
364998869,-0.20112579,0.087410994,0.6390194
365190124,-0.23961082,0.09611855,0.6166039
365392560,-0.21592772,0.087410994,0.648626
365583792,-0.25441274,0.099021055,0.6262106
365786225,-0.15671997,0.104826085,0.677446
365988748,-0.050146036,0.06999591,0.7350859
366192077,-0.12415571,0.099021055,0.7094682
366394525,-0.23072965,0.11353363,0.677446
366597041,-0.25145236,0.104826085,0.677446
366788232,-0.32842243,0.11643614,0.648626
366990798,-0.42019445,0.13385123,0.58778393
367193148,-0.3550659,0.12514369,0.6518283
367384375,-0.18928424,0.1483638,0.75750136
367598065,-0.067908354,0.11353363,0.8279502
367789327,-0.1507992,0.12224116,0.80553466
367991740,-0.31066012,0.13675375,0.73188365
368194219,-0.31066012,0.13385123,0.73828804
368396756,-0.24849199,0.13094871,0.7607036
368587904,-0.20408617,0.13385123,0.77991694
368790495,-0.20408617,0.13675375,0.7735125
368992833,-0.18040307,0.13385123,0.7895236
369195694,-0.13599727,0.1280462,0.795928
369398182,-0.047185652,0.13094871,0.8183435
369589432,-0.13599727,0.12514369,0.78311914
369791900,-0.16264075,0.13094871,0.7735125
369983131,-0.15375958,0.1280462,0.7703103
370196486,-0.13599727,0.12514369,0.77991694
370387640,-0.12119533,0.1280462,0.78632134
370590185,-0.09751223,0.12224116,0.79272574
370792579,-0.08271029,0.12514369,0.78311914
370995051,-0.070868745,0.119338654,0.78632134
371197480,-0.047185652,0.104826085,0.8023324
371388302,0.00018054433,0.087410994,0.7991302
371590378,0.091952555,0.08160597,0.81193906
371792836,0.012022092,0.10192357,0.8183435
371996139,-0.07678952,0.09031351,0.7991302
372187371,-0.03830449,0.099021055,0.8343546
372389858,-0.017581778,0.09031351,0.8247479
372592301,-0.03830449,0.087410994,0.8183435
372794797,-0.020542167,0.08160597,0.80873686
372985955,-0.03830449,0.087410994,0.7991302
373188486,-0.014621392,0.084508486,0.795928
373390905,-0.014621392,0.084508486,0.795928
373593409,-0.026462942,0.067093395,0.78632134
373795880,-0.023502553,0.00033556522,0.78311914
373987109,-0.026462942,0.003238082,0.7735125
374189597,-0.020542167,0.12224116,0.7350859
374392008,0.009061705,0.1919015,0.7062659
374594487,-0.0087006185,0.09321603,0.722277
374786418,-0.011661006,0.011945623,0.71907485
374988526,0.00314093,0.084508486,0.7094682
375191056,0.014982479,0.06999591,0.71907485
375393470,-0.005740231,0.052580826,0.722277
375595974,-0.011661006,0.058385853,0.7158726
375787163,-0.026462942,0.072898425,0.7094682
375989614,-0.044225264,0.09031351,0.69345707
376192116,-0.0027798433,0.067093395,0.722277
376394557,-0.0087006185,0.072898425,0.72868145
376597039,-0.017581778,0.061288364,0.72868145
376788243,-0.014621392,0.078703456,0.73828804
376990770,-0.047185652,0.06419089,0.74469256
377193180,-0.061987583,0.067093395,0.73828804
377395677,-0.035344105,0.058385853,0.75109696
377586858,-0.035344105,0.06419089,0.75750136
377790182,-0.03830449,0.067093395,0.75750136
377992751,-0.03830449,0.06419089,0.767108
378195120,-0.044225264,0.06419089,0.767108
378386403,-0.056066815,0.08160597,0.7735125
378588805,-0.07678952,0.072898425,0.77991694
378791415,-0.08863108,0.052580826,0.7895236
378993767,-0.10343301,0.058385853,0.795928
379196261,-0.09751223,0.00033556522,0.81193906
379387427,-0.12119533,0.040970765,0.81193906
379589913,-0.15968037,0.10192357,0.80873686
379792394,-0.16856152,0.052580826,0.7991302
379994884,-0.17152192,0.040970765,0.80553466
380186041,-0.18928424,0.03516574,0.795928
380388536,-0.20112579,0.043873284,0.78311914
380591416,-0.28105623,0.026458196,0.7414903
380793881,-0.3373036,0.043873284,0.7158726
380996308,-0.23369004,0.058385853,0.75109696
381187595,-0.15968037,0.023555681,0.7639059
381389990,-0.14191803,0.03516574,0.7607036
381592529,-0.2899374,0.026458196,0.67104155
381794918,-0.39355093,0.02936071,0.5781773
381986201,-0.340264,0.026458196,0.60059285
382188273,-0.20408617,0.03516574,0.6518283
382390711,-0.053106423,0.040970765,0.6838504
382593172,0.017942866,-0.054812208,0.69665927
382795638,-0.06494798,-0.08383735,0.6614349
382986851,-0.1507992,-0.028689576,0.63581717
383189327,-0.18928424,0.110631116,0.5717729
383391785,-0.19816539,0.15997386,0.55896395
383594661,-0.15375958,0.061288364,0.6166039
383785507,-0.18040307,0.003238082,0.60699725
383987939,-0.16856152,0.020653168,0.61340165
384190395,-0.15968037,0.026458196,0.6262106
384392842,-0.15968037,0.03516574,0.632615
384595331,-0.16560113,0.03516574,0.6390194
384786517,-0.16264075,0.040970765,0.648626
384988977,-0.19520502,0.02936071,0.648626
385191490,-0.15968037,0.017750653,0.67104155
385393918,-0.17152192,0.049678314,0.6806482
385585195,-0.16856152,0.055483337,0.69025487
385787634,-0.16560113,0.046775796,0.7062659
385990162,-0.16264075,0.06419089,0.7126703
386192534,-0.17152192,0.08160597,0.72547925
386395391,-0.1744823,0.06419089,0.7414903
386586676,-0.16560113,0.084508486,0.7639059
386788717,-0.16560113,0.11353363,0.78632134
386991231,-0.16856152,0.08160597,0.80873686
387193635,-0.17152192,0.087410994,0.8311524
387384886,-0.16856152,0.09611855,0.86637676
387587343,-0.17744268,0.08160597,0.8887923
387789856,-0.16560113,0.087410994,0.92401665
387992265,-0.15671997,0.084508486,0.95924103
388194738,-0.15671997,0.09031351,0.95283663
388385928,-0.15671997,0.09611855,0.9464322
388599656,-0.15375958,0.078703456,0.95283663
388790922,-0.14783882,0.07580094,0.95283663
388993315,-0.15375958,0.09321603,0.9208144
389185148,-0.16856152,0.104826085,0.86317456
389387365,-0.18928424,0.11353363,0.77991694
389589506,-0.18632385,0.104826085,0.74469256
389791946,-0.16856152,0.09321603,0.78311914
389994429,-0.16560113,0.084508486,0.8023324
390196909,-0.15968037,0.078703456,0.7735125
390388063,-0.17152192,0.08160597,0.7126703
390590602,-0.17744268,0.087410994,0.66463715
390793026,-0.16856152,0.08160597,0.67424375
390984276,-0.15968037,0.07580094,0.7062659
391186740,-0.17152192,0.08160597,0.6870526
391389180,-0.18040307,0.078703456,0.6838504
391591671,-0.17152192,0.07580094,0.7030637
391794113,-0.17744268,0.084508486,0.7094682
391985303,-0.19224462,0.09321603,0.6806482
392188183,-0.19520502,0.09321603,0.69345707
392390278,-0.19816539,0.09321603,0.6998615
392592672,-0.25145236,0.11353363,0.67104155
392795172,-0.28697702,0.10772859,0.66463715
392997665,-0.19816539,0.11643614,0.7158726
393188891,-0.10639339,0.07580094,0.7735125
393391282,-0.17744268,0.09611855,0.73188365
393593761,-0.19816539,0.110631116,0.72868145
393784994,-0.20408617,0.11643614,0.73828804
393998718,-0.19816539,0.09611855,0.73188365
394189967,-0.20704655,0.10772859,0.72868145
394392362,-0.22480889,0.11643614,0.7158726
394594854,-0.18928424,0.110631116,0.72868145
394797319,-0.20408617,0.11353363,0.72547925
394988939,-0.19224462,0.11353363,0.72868145
395191400,-0.1744823,0.110631116,0.7350859
395393841,-0.17744268,0.110631116,0.71907485
395596309,-0.18928424,0.110631116,0.7126703
395798753,-0.18336345,0.11353363,0.7094682
395990023,-0.18632385,0.104826085,0.7030637
396192319,-0.21000695,0.10192357,0.69025487
396383701,-0.15671997,0.104826085,0.7094682
396586141,-0.14783882,0.104826085,0.7158726
396788579,-0.1744823,0.104826085,0.7062659
396991074,-0.18040307,0.110631116,0.69665927
397193521,-0.16264075,0.10772859,0.6998615
397396049,-0.16264075,0.10772859,0.7030637
397598435,-0.13599727,0.104826085,0.7030637
397789661,-0.14783882,0.09611855,0.69345707
397992962,-0.14783882,0.10192357,0.6870526
398184224,-0.13599727,0.09031351,0.69025487
398397915,-0.14191803,0.10192357,0.677446
398589161,-0.14487843,0.061288364,0.69345707
398791631,-0.13303687,0.040970765,0.6870526
398994106,-0.14191803,0.011945623,0.67424375
399196566,-0.15968037,0.12514369,0.6262106
399387734,-0.1271161,0.1919015,0.6294128
399590198,-0.12415571,0.12224116,0.6390194
399792662,-0.1300765,0.02936071,0.66463715
399995109,-0.13599727,0.110631116,0.6390194
400197697,-0.1271161,0.10772859,0.6390194
400388810,-0.12415571,0.046775796,0.67104155
400591371,-0.13303687,-0.03159209,0.677446
400794135,-0.14487843,0.06419089,0.6550305
400996566,-0.12415571,0.17738895,0.6166039
401187811,-0.13303687,0.17448644,0.61019945
401390279,-0.1271161,0.084508486,0.6262106
401592483,-0.11823494,0.067093395,0.6422216
401794808,-0.1300765,0.08160597,0.632615
401997258,-0.12415571,0.06999591,0.63581717
402188469,-0.1271161,0.07580094,0.6390194
402390973,-0.12415571,0.078703456,0.6390194
402593392,-0.12415571,0.087410994,0.6294128
402795884,-0.12119533,0.09031351,0.6230083
402987065,-0.11823494,0.08160597,0.632615
403189581,-0.11823494,0.09321603,0.632615
403391983,-0.11823494,0.08160597,0.6262106
403595143,-0.11823494,0.08160597,0.6390194
403797362,-0.112314165,0.087410994,0.6294128
403988506,-0.115274556,0.084508486,0.6230083
404191026,-0.112314165,0.08160597,0.6294128
404393437,-0.10935379,0.087410994,0.6166039
404595915,-0.115274556,0.087410994,0.6166039
404787108,-0.112314165,0.084508486,0.6230083
404989613,-0.10343301,0.09031351,0.6230083
405192081,-0.10935379,0.087410994,0.6198061
405394529,-0.10639339,0.09031351,0.6262106
405597011,-0.10935379,0.09031351,0.6294128
405788212,-0.10343301,0.09031351,0.632615
405990676,-0.10639339,0.09321603,0.63581717
406192739,-0.10343301,0.09611855,0.632615
406395212,-0.10639339,0.09611855,0.6390194
406586776,-0.10047262,0.09321603,0.648626
406788990,-0.10343301,0.09611855,0.648626
406991336,-0.10047262,0.110631116,0.6518283
407193762,-0.112314165,0.11353363,0.6518283
407396299,-0.10935379,0.10772859,0.6614349
407587430,-0.112314165,0.10192357,0.6582327
407790001,-0.115274556,0.10192357,0.6582327
407992361,-0.115274556,0.10192357,0.6614349
408194893,-0.115274556,0.049678314,0.69345707
408386027,-0.1271161,0.10192357,0.66463715
408588578,-0.1300765,0.1512663,0.67424375
408790972,-0.13599727,0.1483638,0.67104155
408993458,-0.14191803,0.09321603,0.67424375
409195953,-0.14191803,0.099021055,0.66783935
409387748,-0.15375958,0.10772859,0.6550305
409589969,-0.18928424,0.12224116,0.648626
409792038,-0.21888812,0.13385123,0.6294128
409994504,-0.13599727,0.12224116,0.6614349
410185726,-0.13303687,0.12224116,0.66463715
410388226,-0.16856152,0.11643614,0.6518283
410590648,-0.18928424,0.11353363,0.6390194
410793129,-0.16856152,0.11643614,0.648626
410995632,-0.17152192,0.12224116,0.6454238
411186780,-0.15968037,0.11643614,0.6550305
411389352,-0.16856152,0.119338654,0.6454238
411591719,-0.15671997,0.119338654,0.6454238
411794171,-0.15968037,0.11643614,0.6454238
411985409,-0.16856152,0.11643614,0.6422216
412187848,-0.15375958,0.12224116,0.63581717
412390690,-0.16560113,0.11353363,0.632615
412593132,-0.15375958,0.11643614,0.63581717
412795653,-0.1507992,0.11643614,0.632615
412986809,-0.14783882,0.110631116,0.63581717
413188926,-0.14783882,0.11643614,0.6294128
413391371,-0.11823494,0.10772859,0.6422216
413593841,-0.13303687,0.110631116,0.6294128
413796276,-0.1271161,0.110631116,0.632615
413987526,-0.13303687,0.110631116,0.6166039
414189990,-0.15375958,0.11643614,0.6166039
414392417,-0.1300765,0.110631116,0.6166039
414594910,-0.13303687,0.11353363,0.61340165
414786138,-0.11823494,0.110631116,0.6166039
414988583,-0.09751223,0.10192357,0.632615
415191373,-0.10935379,0.104826085,0.63581717
415393842,-0.10935379,0.07580094,0.6454238
415585050,-0.10639339,0.087410994,0.6454238
415787508,-0.10935379,0.10772859,0.6390194
415990029,-0.115274556,0.10772859,0.648626
416192432,-0.112314165,0.104826085,0.648626
416394956,-0.09751223,0.11643614,0.6550305
416596991,-0.10639339,0.110631116,0.6518283
416799471,-0.10935379,0.110631116,0.6614349
416990677,-0.10639339,0.110631116,0.6614349
417193165,-0.112314165,0.10772859,0.6614349
417384348,-0.112314165,0.110631116,0.66463715
417586826,-0.12119533,0.12514369,0.6614349
417789249,-0.10343301,0.17448644,0.67104155
417992242,-0.091591455,0.11353363,0.6806482
418194593,-0.10639339,0.110631116,0.6838504
418385819,-0.10047262,0.110631116,0.677446
418588250,-0.10343301,0.11643614,0.67104155
418790665,-0.091591455,0.11643614,0.677446
418992803,-0.10047262,0.11353363,0.67104155
419183990,-0.09751223,0.10772859,0.66463715
419397708,-0.073829144,0.049678314,0.6998615
419588895,-0.08567069,0.078703456,0.6806482
419791405,-0.09455185,0.119338654,0.6582327
419993867,-0.09455185,0.11353363,0.6582327
420185078,-0.08863108,0.13965626,0.67424375
420387456,-0.09455185,0.110631116,0.6582327
420589913,-0.09455185,0.10192357,0.6614349
420792458,-0.091591455,0.10772859,0.6582327
420995237,-0.09455185,0.084508486,0.66463715
421197696,-0.08863108,0.110631116,0.6614349
421388910,-0.08863108,0.119338654,0.6614349
421591360,-0.091591455,0.110631116,0.6550305
421793873,-0.091591455,0.10192357,0.66463715
421985068,-0.08863108,0.10772859,0.67104155
422198797,-0.09455185,0.10772859,0.67104155
422389966,-0.08863108,0.110631116,0.66783935
422592463,-0.08567069,0.110631116,0.67104155
422794951,-0.08863108,0.11353363,0.67104155
422986099,-0.091591455,0.110631116,0.67104155
423188628,-0.091591455,0.11353363,0.66463715
423390663,-0.09455185,0.11353363,0.67424375
423593074,-0.09455185,0.110631116,0.67424375
423795954,-0.091591455,0.11353363,0.6838504
423998379,-0.091591455,0.119338654,0.6870526
424189238,-0.08863108,0.11643614,0.69025487
424391689,-0.08863108,0.12224116,0.69025487
424582898,-0.09455185,0.12514369,0.69345707
424785436,-0.09751223,0.1280462,0.6998615
424987828,-0.15671997,0.13094871,0.6838504
425190330,-0.10935379,0.12514369,0.7094682
425392733,-0.08271029,0.1280462,0.72868145
425595199,-0.08567069,0.13094871,0.73188365
425797683,-0.08863108,0.13094871,0.74469256
425988871,-0.091591455,0.1280462,0.74469256
426191327,-0.06494798,0.12224116,0.7703103
426393793,-0.08567069,0.12224116,0.7703103
426596278,-0.08567069,0.12514369,0.7767147
426787828,-0.091591455,0.1280462,0.7895236
426990273,-0.09455185,0.11643614,0.80873686
427192802,-0.08567069,0.11643614,0.8183435
427394825,-0.08567069,0.10772859,0.8343546
427586038,-0.08567069,0.12514369,0.8247479
427788499,-0.08271029,0.110631116,0.85036564
427990980,-0.07678952,0.10772859,0.8535679
428193464,-0.067908354,0.10772859,0.8727812
428395901,-0.07974991,0.099021055,0.86957896
428587087,-0.073829144,0.10192357,0.8759834
428789632,-0.08271029,0.11643614,0.8535679
428991971,-0.08863108,0.11353363,0.84075904
429194480,-0.091591455,0.11353363,0.85036564
429396923,-0.07974991,0.10772859,0.8535679
429588500,-0.07974991,0.104826085,0.8567701
429790995,-0.08863108,0.110631116,0.83755684
429993471,-0.09455185,0.110631116,0.8215457
430195884,-0.09455185,0.11643614,0.80553466
430387091,-0.09455185,0.10772859,0.8151413
430589581,-0.09751223,0.11643614,0.795928
430792032,-0.10343301,0.110631116,0.79272574
430994506,-0.10639339,0.10772859,0.7703103
431196931,-0.11823494,0.11353363,0.767108
431388161,-0.11823494,0.110631116,0.7542992
431590487,-0.11823494,0.110631116,0.73828804
431792680,-0.1271161,0.104826085,0.72868145
431995169,-0.1271161,0.099021055,0.72868145
432186321,-0.13303687,0.099021055,0.7158726
432389306,-0.12415571,0.10772859,0.71907485
432591240,-0.13599727,0.09611855,0.722277
432793700,-0.13599727,0.104826085,0.7094682
432996216,-0.14783882,0.10192357,0.7126703
433187425,-0.14783882,0.110631116,0.69345707
433389874,-0.14783882,0.110631116,0.69345707
433592283,-0.15375958,0.10772859,0.69345707
433794798,-0.15375958,0.104826085,0.69345707
433985950,-0.15968037,0.110631116,0.6870526
434188483,-0.16264075,0.110631116,0.67104155
434390862,-0.16264075,0.110631116,0.67104155
434593365,-0.16560113,0.10772859,0.6614349
434795854,-0.16560113,0.11643614,0.648626
434987056,-0.17152192,0.104826085,0.648626
435189515,-0.17152192,0.11643614,0.6390194
435392306,-0.19520502,0.16577889,0.6198061
435594395,-0.15968037,0.1512663,0.63581717
435785595,-0.16264075,0.10772859,0.6230083
435999269,-0.15968037,0.13094871,0.6166039
436190524,-0.17152192,0.13965626,0.61019945
436392971,-0.16856152,0.104826085,0.6166039
436595484,-0.18040307,0.119338654,0.6166039
436786641,-0.17744268,0.11643614,0.6198061
436989082,-0.17152192,0.12224116,0.6198061
437191544,-0.1744823,0.119338654,0.6230083
437394086,-0.21000695,0.11353363,0.6166039
437585225,-0.18632385,0.12224116,0.6262106
437787749,-0.11823494,0.10772859,0.6582327
437990114,-0.16560113,0.12514369,0.63581717
438192962,-0.13303687,0.12514369,0.6518283
438395471,-0.08271029,0.11643614,0.6614349
438586657,-0.13303687,0.13965626,0.6518283
438800334,-0.13895765,0.1686814,0.648626
438991548,-0.1271161,0.1280462,0.6550305
439194006,-0.1271161,0.055483337,0.69345707
439384850,-0.1271161,0.104826085,0.6614349
439587378,-0.12119533,0.119338654,0.66463715
439789775,-0.115274556,0.12224116,0.66463715
439992341,-0.112314165,0.12514369,0.67104155
440194752,-0.10343301,0.11643614,0.66783935
440397113,-0.10047262,0.11643614,0.677446
440599637,-0.09455185,0.110631116,0.6838504
440790833,-0.08863108,0.110631116,0.6870526
440993350,-0.08863108,0.104826085,0.69025487
441184840,-0.08271029,0.10772859,0.69025487
441387335,-0.07678952,0.110631116,0.69665927
441589747,-0.067908354,0.09321603,0.7126703
441792205,-0.059027202,0.09611855,0.7062659
441994263,-0.050146036,0.10192357,0.7094682
442185504,-0.053106423,0.09321603,0.7126703
442387952,-0.035344105,0.087410994,0.7158726
442590411,-0.044225264,0.087410994,0.6998615
442792918,-0.023502553,0.032263223,0.71907485
442984086,-0.026462942,-0.051909696,0.722277
443197815,-0.026462942,0.02936071,0.7030637
443388981,-0.035344105,0.13965626,0.6806482
443591463,-0.03830449,0.08160597,0.6870526
443793985,-0.035344105,0.052580826,0.6870526
443985531,0.00314093,0.058385853,0.69345707
444187569,-0.0087006185,0.16577889,0.6582327
444390004,-0.044225264,0.13965626,0.6614349
444592532,-0.115274556,0.052580826,0.66783935
444794947,-0.112314165,0.014848138,0.6582327
444997426,-0.061987583,0.10192357,0.648626
445188633,-0.056066815,0.11353363,0.6422216
445391072,-0.061987583,0.07580094,0.648626
445593522,-0.06494798,0.08160597,0.6454238
445784781,-0.026462942,0.067093395,0.66463715
445998509,-0.08271029,0.055483337,0.6614349
446189632,-0.091591455,0.052580826,0.6614349
446392131,-0.07974991,0.055483337,0.66783935
446594553,-0.073829144,0.09611855,0.648626
446786335,-0.07678952,0.09321603,0.6422216
446988494,-0.08567069,0.11643614,0.6454238
447190747,-0.08863108,0.078703456,0.6614349
447393126,-0.08863108,0.07580094,0.6806482
447595566,-0.08863108,0.072898425,0.6838504
447798050,-0.09751223,0.084508486,0.67424375
447989257,-0.10639339,0.08160597,0.6806482
448191767,-0.10935379,0.09611855,0.677446
448382918,-0.115274556,0.09321603,0.67424375
448596667,-0.15968037,0.11353363,0.6550305
448787799,-0.1271161,0.104826085,0.67104155
448990338,-0.12415571,0.09321603,0.67104155
449192747,-0.15375958,0.099021055,0.6614349
449395237,-0.16560113,0.10192357,0.648626
449597708,-0.17152192,0.09031351,0.6422216
449789275,-0.06494798,0.09321603,0.67104155
449991770,-0.09751223,0.10192357,0.648626
450194202,-0.14783882,0.09321603,0.6294128
450396598,-0.15671997,0.09611855,0.6230083
450587409,-0.16264075,0.09321603,0.61340165
450789970,-0.16560113,0.09031351,0.5973906
450992345,-0.15671997,0.09031351,0.5973906
451194845,-0.15375958,0.087410994,0.603795
451385980,-0.15375958,0.10192357,0.5973906
451588506,-0.1507992,0.13965626,0.58778393
451790951,-0.16560113,0.104826085,0.58137953
451993361,-0.16560113,0.08160597,0.5909862
452195882,-0.16856152,0.09611855,0.58778393
452387047,-0.17152192,0.099021055,0.58458173
452589867,-0.17152192,0.099021055,0.5909862
452792367,-0.18040307,0.052580826,0.61019945
452994798,-0.20112579,0.09321603,0.5781773
453197281,-0.22480889,0.104826085,0.5717729
453388103,-0.14487843,0.104826085,0.5973906
453590497,-0.16560113,0.10772859,0.603795
453793001,-0.17152192,0.099021055,0.5941884
453995442,-0.18040307,0.104826085,0.5973906
454186654,-0.1744823,0.10772859,0.60059285
454389107,-0.1744823,0.110631116,0.603795
454591530,-0.17744268,0.110631116,0.603795
454794071,-0.17744268,0.11353363,0.61019945
454996448,-0.1744823,0.110631116,0.6230083
455187741,-0.16856152,0.110631116,0.6230083
455390106,-0.14191803,0.11643614,0.6454238
455592958,-0.15968037,0.119338654,0.6422216
455795083,-0.13895765,0.110631116,0.6550305
455986250,-0.11823494,0.11643614,0.67104155
456188830,-0.10047262,0.11353363,0.67424375
456391168,-0.1300765,0.119338654,0.67424375
456593703,-0.12119533,0.12224116,0.6838504
456796044,-0.11823494,0.11643614,0.69345707
456987361,-0.11823494,0.110631116,0.69665927
457189741,-0.112314165,0.104826085,0.71907485
457392230,-0.10047262,0.10772859,0.72868145
457594771,-0.091591455,0.046775796,0.7607036
457785889,-0.07974991,0.046775796,0.7639059
457988419,-0.091591455,0.15416884,0.7478947
458190739,-0.07974991,0.09321603,0.7703103
458393580,-0.070868745,0.049678314,0.77991694
458596085,-0.07974991,0.09031351,0.78632134
458787246,-0.07678952,0.09031351,0.7767147
458989329,-0.07678952,0.09031351,0.7703103
459191806,-0.07678952,0.11353363,0.7735125
459394257,-0.070868745,0.09321603,0.7735125
459585451,-0.070868745,0.087410994,0.767108
459799200,-0.067908354,0.1512663,0.75109696
459990336,-0.070868745,0.09321603,0.7639059
460192880,-0.070868745,0.072898425,0.75750136
460395260,-0.073829144,0.06999591,0.7542992
460586541,-0.070868745,0.099021055,0.72868145
460788928,-0.073829144,0.09321603,0.7350859
460991421,-0.073829144,0.10192357,0.7158726
461194501,-0.07678952,0.13965626,0.7126703
461396695,-0.073829144,0.10192357,0.7062659
461587918,-0.07678952,0.08160597,0.7094682
461790342,-0.070868745,0.078703456,0.7094682
461992778,-0.07678952,0.084508486,0.69025487
462195290,-0.073829144,0.08160597,0.6806482
462386131,-0.07678952,0.087410994,0.677446
462599841,-0.070868745,0.099021055,0.66463715
462790993,-0.073829144,0.09031351,0.6614349
462993480,-0.070868745,0.09321603,0.6582327
463184678,-0.070868745,0.087410994,0.6550305
463387106,-0.061987583,0.09031351,0.6422216
463589519,-0.059027202,0.087410994,0.63581717
463792044,-0.026462942,0.110631116,0.6262106
463994486,-0.005740231,0.11353363,0.6230083
464197284,-0.073829144,0.09611855,0.61019945
464399533,-0.070868745,0.07580094,0.6262106
464590571,-0.056066815,0.08160597,0.6294128
464793064,-0.04126488,0.055483337,0.6454238
464984245,-0.047185652,0.043873284,0.648626
465186694,-0.067908354,0.084508486,0.6294128
465389154,-0.11823494,0.099021055,0.6166039
465591664,-0.07678952,0.09611855,0.6262106
465794072,-0.026462942,0.072898425,0.6550305
465996541,-0.03830449,0.06999591,0.66463715
466187734,-0.070868745,0.084508486,0.6518283
466390232,-0.07974991,0.087410994,0.6518283
466592631,-0.10343301,0.09321603,0.6422216
466795067,-0.09751223,0.09031351,0.66463715
466997937,-0.1271161,0.087410994,0.648626
467189106,-0.09751223,0.08160597,0.677446
467391555,-0.10047262,0.09031351,0.67424375
467594086,-0.10343301,0.09321603,0.67104155
467785254,-0.112314165,0.09321603,0.6838504
467987713,-0.12119533,0.09611855,0.6806482
468190122,-0.1300765,0.09321603,0.6870526
468392647,-0.13303687,0.10192357,0.6870526
468595037,-0.21296732,0.099021055,0.648626
468797507,-0.16856152,0.09321603,0.67104155
468988693,-0.059027202,0.09031351,0.7094682
469191162,-0.13303687,0.058385853,0.7062659
469393493,-0.18336345,0.040970765,0.6806482
469584453,-0.22480889,0.110631116,0.63581717
469786897,-0.20704655,0.17448644,0.6262106
469989762,-0.15968037,0.10192357,0.6614349
470191792,-0.15968037,0.08160597,0.6614349
470394249,-0.11823494,0.084508486,0.66783935
470596708,-0.047185652,0.072898425,0.69025487
470787909,-0.13303687,0.040970765,0.67424375
470990385,-0.19224462,0.020653168,0.648626
471192792,-0.19520502,0.12224116,0.6230083
471395330,-0.12415571,0.16577889,0.6518283
471597718,-0.09751223,0.10192357,0.6582327
471788976,-0.1271161,0.043873284,0.6806482
471991397,-0.16264075,0.06419089,0.67104155
472193821,-0.15671997,0.10192357,0.6550305
472396344,-0.16264075,0.067093395,0.67424375
472587487,-0.1744823,0.061288364,0.67424375
472790359,-0.17152192,0.14255877,0.6614349
472992772,-0.14191803,0.18029144,0.648626
473194917,-0.15968037,0.10772859,0.6614349
473397286,-0.15968037,0.09611855,0.6614349
473588554,-0.15968037,0.09321603,0.67104155
473790940,-0.15671997,0.10772859,0.6614349
473993432,-0.18040307,0.10772859,0.6614349
474195876,-0.17152192,0.10772859,0.6614349
474387107,-0.14783882,0.10772859,0.66783935
474589573,-0.1300765,0.10772859,0.67424375
474791982,-0.073829144,0.104826085,0.69345707
474994481,-0.115274556,0.10192357,0.6806482
475196958,-0.1271161,0.10772859,0.6806482
475388128,-0.1271161,0.104826085,0.6838504
475591088,-0.12119533,0.10772859,0.6806482
475793377,-0.112314165,0.10772859,0.69665927
475995871,-0.10935379,0.10772859,0.69345707
476187032,-0.10047262,0.110631116,0.69345707
476389494,-0.08567069,0.11353363,0.6998615
476591939,-0.08271029,0.104826085,0.7030637
476794466,-0.03830449,0.09611855,0.72547925
476996508,0.009061705,0.10772859,0.7350859
477187693,-0.059027202,0.104826085,0.73188365
477390206,-0.06494798,0.104826085,0.7478947
477592637,-0.091591455,0.10772859,0.74469256
477795055,-0.112314165,0.11353363,0.75750136
477986244,-0.08271029,0.119338654,0.78311914
478188737,-0.061987583,0.119338654,0.78311914
478391149,-0.08863108,0.11353363,0.7542992
478593986,-0.09455185,0.11353363,0.7478947
478796466,-0.056066815,0.10772859,0.77991694
478987683,-0.026462942,0.10192357,0.78311914
479190081,-0.073829144,0.11643614,0.75109696
479392602,-0.091591455,0.119338654,0.74469256
479595020,-0.091591455,0.104826085,0.7478947
479786192,-0.091591455,0.110631116,0.73828804
479988685,-0.091591455,0.11643614,0.7350859
480191144,-0.08271029,0.11643614,0.72868145
480393581,-0.08863108,0.104826085,0.71907485
480595637,-0.091591455,0.11353363,0.7158726
480786851,-0.08863108,0.104826085,0.7062659
480989305,-0.09455185,0.104826085,0.69025487
481191783,-0.10047262,0.11353363,0.69345707
481394578,-0.09455185,0.09611855,0.7062659
481585769,-0.10047262,0.104826085,0.69665927
481788285,-0.10935379,0.10192357,0.69345707
481990666,-0.10639339,0.104826085,0.6998615
482193200,-0.112314165,0.099021055,0.6998615
482395573,-0.10935379,0.104826085,0.69345707
482586853,-0.115274556,0.11353363,0.6838504
482789228,-0.11823494,0.10772859,0.69025487
482991493,-0.11823494,0.104826085,0.6838504
483193792,-0.12119533,0.10772859,0.69025487
483385035,-0.14191803,0.104826085,0.6838504
483587435,-0.1300765,0.10772859,0.6806482
483789905,-0.15671997,0.11353363,0.66463715
483992366,-0.13303687,0.10772859,0.6838504
484183571,-0.08567069,0.10192357,0.69665927
484386395,-0.11823494,0.10192357,0.6870526
484588828,-0.13303687,0.046775796,0.7062659
484790955,-0.13303687,0.09321603,0.6838504
484993341,-0.14487843,0.14255877,0.6870526
485195863,-0.1744823,0.10772859,0.6614349
485398279,-0.18040307,0.10192357,0.66783935
485589470,-0.13303687,0.10772859,0.6806482
485791877,-0.070868745,0.08160597,0.7062659
485994357,-0.16856152,0.026458196,0.6870526
486185527,-0.16856152,0.043873284,0.6870526
486399226,-0.10639339,0.13965626,0.69025487
486590498,-0.059027202,0.18029144,0.6838504
486792911,-0.10047262,0.119338654,0.677446
486984119,-0.1271161,0.043873284,0.7030637
487186930,-0.1271161,0.084508486,0.69025487
487389417,-0.14487843,0.10192357,0.67424375
487591451,-0.15375958,0.09611855,0.66463715
487793927,-0.10343301,0.099021055,0.6838504
487996511,-0.09751223,0.08160597,0.69345707
488198831,-0.10047262,0.049678314,0.6998615
488390091,-0.12415571,0.119338654,0.6614349
488592476,-0.12415571,0.1715839,0.6614349
488783733,-0.10343301,0.09321603,0.66783935
488986164,-0.09751223,0.09321603,0.66463715
489188642,-0.10343301,0.09321603,0.66463715
489391031,-0.08271029,0.09321603,0.6614349
489593493,-0.09751223,0.09031351,0.6550305
489796009,-0.10047262,0.09321603,0.648626
489998853,-0.10047262,0.09321603,0.6422216
490190068,-0.09751223,0.099021055,0.648626
490392415,-0.09455185,0.09321603,0.6582327
490583281,-0.091591455,0.084508486,0.6518283
490796980,-0.08567069,0.09611855,0.648626
490988182,-0.08863108,0.087410994,0.648626
491190640,-0.08271029,0.087410994,0.648626
491393134,-0.07974991,0.08160597,0.6518283
491595628,-0.08271029,0.049678314,0.6806482
491786781,-0.07678952,0.058385853,0.677446
491989230,-0.07678952,0.10192357,0.6422216
492191631,-0.07678952,0.09031351,0.648626
492394115,-0.073829144,0.09321603,0.6550305
492596499,-0.07678952,0.12514369,0.6518283
492787756,-0.073829144,0.09611855,0.6582327
492990590,-0.067908354,0.087410994,0.6614349
493193008,-0.070868745,0.078703456,0.66463715
493384281,-0.070868745,0.08160597,0.66783935
493597901,-0.06494798,0.10192357,0.6518283
493788743,-0.061987583,0.08160597,0.66783935
493991175,-0.059027202,0.06419089,0.677446
494193704,-0.061987583,0.058385853,0.6838504
494396109,-0.059027202,0.072898425,0.6806482
494587309,-0.067908354,0.09321603,0.6614349
494789756,-0.06494798,0.10772859,0.66783935
494992225,-0.059027202,0.099021055,0.66463715
495194687,-0.056066815,0.084508486,0.67424375
495397113,-0.056066815,0.084508486,0.6806482
495588308,-0.056066815,0.087410994,0.6806482
495791111,-0.056066815,0.087410994,0.6870526
495993377,-0.053106423,0.09031351,0.6870526
496195633,-0.056066815,0.09321603,0.6806482
496386915,-0.047185652,0.09031351,0.69345707
496589314,-0.050146036,0.09321603,0.6870526
496791757,-0.061987583,0.087410994,0.6998615
496994218,-0.056066815,0.087410994,0.69025487
497196661,-0.059027202,0.09321603,0.69025487
497387866,-0.061987583,0.084508486,0.6998615
497590326,-0.059027202,0.09031351,0.69025487
497792803,-0.061987583,0.09031351,0.69345707
497995174,-0.059027202,0.084508486,0.69665927
498186481,-0.061987583,0.08160597,0.69345707
498388849,-0.06494798,0.084508486,0.69345707
498592190,-0.070868745,0.084508486,0.69665927
498793986,-0.073829144,0.084508486,0.69665927
498996185,-0.07678952,0.08160597,0.6998615
499187431,-0.07678952,0.08160597,0.69665927
499389870,-0.07974991,0.08160597,0.69025487
499592374,-0.07678952,0.087410994,0.69025487
499794840,-0.07678952,0.07580094,0.6998615
499986006,-0.07974991,0.072898425,0.7062659
500188449,-0.08863108,0.072898425,0.6998615
500390930,-0.08863108,0.06999591,0.7030637
500593352,-0.09455185,0.072898425,0.7062659
500795786,-0.10639339,0.08160597,0.69665927
500986985,-0.12415571,0.084508486,0.69345707
501189461,-0.13303687,0.087410994,0.69345707
501391970,-0.16560113,0.09321603,0.6870526
501594698,-0.25441274,0.13385123,0.6518283
501785919,-0.27809587,0.10772859,0.63581717
501988351,-0.1507992,0.10192357,0.7030637
502190631,-0.10343301,0.09611855,0.722277
502392920,-0.16264075,0.10192357,0.69665927
502595369,-0.16856152,0.104826085,0.69345707
502786535,-0.16856152,0.104826085,0.69345707
502988994,-0.20704655,0.110631116,0.677446
503191451,-0.19224462,0.10192357,0.6870526
503393921,-0.13895765,0.104826085,0.7062659
503585093,-0.14783882,0.10772859,0.7062659
503787548,-0.21296732,0.110631116,0.67424375
503990078,-0.23961082,0.11353363,0.6614349
504192470,-0.28105623,0.10192357,0.6454238
504395360,-0.32546204,0.11353363,0.6166039
504597781,-0.21888812,0.110631116,0.67424375
504799795,-0.22480889,0.11643614,0.66783935
504991001,-0.22184849,0.119338654,0.66463715
505193448,-0.1744823,0.12224116,0.6870526
505384636,-0.1744823,0.12514369,0.6998615
505587150,-0.23072965,0.12224116,0.6614349
505789629,-0.2840166,0.11353363,0.648626
505991977,-0.21296732,0.110631116,0.67104155
506194575,-0.17744268,0.11353363,0.69665927
506396018,-0.19224462,0.11353363,0.69345707
506587282,-0.12415571,0.10192357,0.7158726
506789670,-0.1744823,0.104826085,0.6998615
506992124,-0.18632385,0.12224116,0.7030637
507194586,-0.18928424,0.12514369,0.7062659
507397934,-0.18040307,0.119338654,0.7094682
507589083,-0.14487843,0.067093395,0.7414903
507791562,-0.10639339,-0.051909696,0.7639059
507994051,-0.14487843,0.046775796,0.7414903
508185213,-0.15968037,0.1919015,0.7030637
508387773,-0.13599727,0.2499518,0.69665927
508590113,-0.1300765,0.1512663,0.7350859
508792631,-0.11823494,0.040970765,0.7607036
508995082,-0.10935379,0.11353363,0.74469256
509197456,-0.091591455,0.119338654,0.74469256
509388637,-0.070868745,0.084508486,0.75750136
509591079,-0.044225264,0.020653168,0.7735125
509793609,-0.029423328,-0.0054694647,0.767108
509984785,-0.020542167,0.067093395,0.7542992
510187611,-0.0087006185,0.14255877,0.72868145
510390094,-0.017581778,0.052580826,0.72868145
510592475,-0.020542167,0.040970765,0.722277
510794991,-0.026462942,0.10772859,0.69665927
510997422,-0.044225264,0.15416884,0.6870526
511188644,-0.056066815,0.1483638,0.6870526
511391081,-0.056066815,0.06999591,0.7062659
511593485,-0.059027202,-0.028689576,0.722277
511795927,-0.067908354,0.011945623,0.6998615
511998375,-0.07974991,0.13965626,0.67424375
512189578,-0.09751223,0.110631116,0.66783935
512392036,-0.10935379,0.08160597,0.69025487
512594501,-0.1300765,0.06419089,0.7062659
512785690,-0.16264075,0.13675375,0.6806482
512988481,-0.21592772,0.099021055,0.67104155
513190615,-0.34322435,0.110631116,0.5941884
513393079,-0.35210553,0.110631116,0.603795
513595287,-0.22184849,0.13094871,0.6838504
513797603,-0.14783882,0.10772859,0.7158726
513988767,-0.26329392,0.10772859,0.6582327
514191337,-0.35210553,0.14255877,0.5909862
514393716,-0.3550659,0.15416884,0.58778393
514596112,-0.30473933,0.15707135,0.632615
514787316,-0.19520502,0.1512663,0.677446
514989773,-0.18336345,0.14546129,0.6806482
515192283,-0.26329392,0.18609649,0.6166039
515394733,-0.2928978,0.19480404,0.5941884
515597135,-0.19816539,0.18609649,0.63581717
515788328,-0.067908354,0.17738895,0.6838504
515991135,0.012022092,0.099021055,0.7062659
516193635,0.032744803,-0.017079521,0.7350859
516396024,-0.059027202,-0.03159209,0.73188365
516587280,-0.18336345,0.049678314,0.69665927
516789674,-0.31066012,0.12514369,0.6262106
516992190,-0.4053925,0.18609649,0.5557618
517194569,-0.42019445,0.21221913,0.5365485
517397076,-0.3343432,0.188999,0.6262106
517588234,-0.18336345,0.1715839,0.72868145
517790684,-0.017581778,0.1512663,0.78311914
517993137,0.11563564,0.10192357,0.8343546
518195631,0.032744803,0.09321603,0.8247479
518386777,-0.18040307,0.09031351,0.7703103
518589229,-0.34618476,0.10772859,0.6614349
518792127,-0.43795678,0.1715839,0.58458173
518994120,-0.4231548,0.20641409,0.5653685
519196213,-0.26329392,0.22382918,0.6614349
519387405,-0.12119533,0.15997386,0.7350859
519589906,0.014982479,0.072898425,0.767108
519792310,0.017942866,-0.008371978,0.7735125
519994774,-0.059027202,0.06999591,0.7478947
520185951,-0.15968037,0.13675375,0.7094682
520388440,-0.27809587,0.188999,0.63581717
520590848,-0.30473933,0.104826085,0.63581717
520793324,-0.18040307,0.067093395,0.69665927
520995790,-0.011661006,0.09611855,0.7158726
521186953,0.00314093,0.19770655,0.6870526
521389365,-0.07974991,0.1686814,0.69345707
521591914,-0.12415571,0.049678314,0.7062659
521794663,-0.19224462,-0.03159209,0.69025487
521985867,-0.24553157,0.046775796,0.6422216
522188326,-0.20704655,0.14546129,0.6166039
522390825,-0.1507992,0.22673169,0.603795
522593203,-0.10047262,0.26156187,0.5909862
522795714,-0.08271029,0.1715839,0.6390194
522986547,-0.16856152,0.11353363,0.632615
523188967,-0.27217507,0.067093395,0.61019945
523391431,-0.25441274,0.087410994,0.61019945
523593864,-0.10639339,0.11643614,0.6550305
523785072,-0.017581778,0.11353363,0.6870526
523987552,-0.047185652,0.052580826,0.7094682
524189925,-0.10343301,0.15707135,0.6870526
524392435,-0.25145236,0.1715839,0.61019945
524595241,-0.34322435,0.188999,0.5429529
524786396,-0.3373036,0.18029144,0.54615515
524988897,-0.19224462,0.17448644,0.6230083
525191359,-0.10639339,0.1483638,0.648626
525393372,0.009061705,0.14546129,0.6870526
525584577,0.0061013177,0.040970765,0.7030637
525798314,0.04458635,0.13094871,0.66783935
525989480,-0.0027798433,0.21802415,0.6230083
526191996,-0.12415571,0.28187948,0.5557618
526394340,-0.21296732,0.27897695,0.514133
526585692,-0.17152192,0.18319398,0.58137953
526788024,-0.1300765,0.09611855,0.61340165
526990470,-0.13599727,0.09031351,0.61340165
527193062,-0.1507992,0.119338654,0.6166039
527396089,-0.10935379,0.099021055,0.6390194
527598205,-0.11823494,0.046775796,0.67424375
527789437,-0.13303687,0.110631116,0.6390194
527991513,-0.10047262,0.20641409,0.6390194
528193919,-0.10047262,0.1483638,0.67424375
528396325,-0.1271161,0.020653168,0.69345707
528598851,-0.115274556,0.011945623,0.6998615
528790008,-0.1271161,0.1280462,0.67104155
528992462,-0.112314165,0.13965626,0.6806482
529183673,-0.10343301,0.1919015,0.6614349
529386073,-0.09751223,0.14255877,0.6838504
529588548,-0.10047262,0.017750653,0.7126703
529791055,-0.08567069,-0.014177008,0.73188365
529993465,-0.09751223,0.10772859,0.7030637
530195867,-0.08271029,0.22673169,0.677446
530398758,-0.073829144,0.17738895,0.6838504
530589970,-0.04126488,0.049678314,0.72868145
530792404,0.023863642,0.06999591,0.72868145
530983608,0.065309055,0.14255877,0.72868145
531186069,-0.059027202,0.13965626,0.72868145
531388455,-0.23072965,0.11643614,0.67424375
531590908,-0.22184849,0.087410994,0.6838504
531793419,-0.09751223,0.1280462,0.71907485
531995562,-0.04126488,0.21802415,0.6838504
532197922,-0.053106423,0.15997386,0.69345707
532389093,-0.059027202,0.017750653,0.7094682
532591526,0.023863642,-0.019982036,0.73828804
532793989,0.038665578,0.052580826,0.7350859
532996493,-0.035344105,0.17448644,0.69345707
533188127,-0.12415571,0.27897695,0.6166039
533390445,-0.22184849,0.3341247,0.54615515
533592925,-0.22184849,0.29929456,0.5717729
533795325,-0.16264075,0.15997386,0.6806482
533997842,-0.08567069,-0.008371978,0.72547925
534188977,0.009061705,-0.086739875,0.72868145
534391053,0.065309055,-0.08383735,0.73188365
534593544,0.009061705,-0.008371978,0.73828804
534795954,-0.08863108,0.1280462,0.6870526
534987162,-0.16264075,0.26156187,0.6166039
535189642,-0.2692147,0.3080021,0.52694184
535392078,-0.2928978,0.31961218,0.5045263
535594561,-0.28697702,0.26446438,0.58137953
535796950,-0.2840166,0.13094871,0.6518283
535988211,-0.22184849,0.006140595,0.722277
536191001,-0.10047262,-0.069324784,0.7735125
536393416,0.04458635,-0.051909696,0.80553466
536595913,-0.032383714,0.009043108,0.7735125
536787058,-0.11823494,0.13094871,0.7350859
536989521,-0.23665044,0.20641409,0.648626
537191998,-0.3313828,0.2499518,0.57497513
537394392,-0.3165809,0.24414678,0.5909862
537596903,-0.23072965,0.18029144,0.6614349
537788054,-0.13303687,0.072898425,0.7350859
537990484,0.009061705,0.032263223,0.7767147
538192944,0.00018054433,0.078703456,0.75750136
538394996,-0.08567069,0.18609649,0.722277
538586221,-0.19520502,0.19770655,0.6838504
538788640,-0.19520502,0.067093395,0.7350859
538991478,-0.09455185,-0.028689576,0.7735125
539193970,-0.070868745,-0.008371978,0.77991694
539396374,-0.07974991,0.09611855,0.7639059
539587642,-0.18336345,0.15416884,0.722277
539790024,-0.20704655,0.16287638,0.7126703
539992473,-0.12415571,0.13094871,0.75109696
540194571,-0.10639339,0.15416884,0.7350859
540385802,-0.09751223,0.2673669,0.7062659
540588205,-0.10639339,0.2499518,0.7094682
540790694,-0.073829144,0.104826085,0.7639059
540993153,-0.056066815,0.03516574,0.7767147
541195535,-0.035344105,-0.0054694647,0.795928
541386792,-0.005740231,-0.03159209,0.7895236
541589192,0.04754674,0.058385853,0.78311914
541792340,-0.050146036,0.13094871,0.767108
541994492,-0.10047262,0.12224116,0.7735125
542185689,-0.047185652,0.08160597,0.78311914
542399405,-0.017581778,0.099021055,0.80553466
542590539,-0.014621392,0.03516574,0.81193906
542793057,-0.035344105,0.09611855,0.8183435
542995457,-0.023502553,0.1483638,0.7991302
543186384,-0.011661006,0.020653168,0.8343546
543388690,-0.056066815,0.00033556522,0.84396124
543591235,-0.06494798,0.08160597,0.83755684
543793607,-0.011661006,-0.0025669478,0.85036564
543996050,-0.029423328,0.104826085,0.8183435
544187259,-0.03830449,0.24124427,0.73828804
544389709,-0.04126488,0.18029144,0.74469256
544592126,0.012022092,0.00033556522,0.7895236
544794961,-0.035344105,-0.10415495,0.7703103
544985935,-0.04126488,-0.060617235,0.7607036
545188228,-0.047185652,0.084508486,0.72868145
545390801,0.03570519,0.18029144,0.7158726
545593114,0.21332842,0.1919015,0.72868145
545784370,0.2666154,0.22382918,0.75109696
545986747,0.088992156,0.23543924,0.8247479
546189278,-0.23072965,0.22673169,0.80873686
546391698,-0.52380806,0.22382918,0.6518283
546594082,-0.6333424,0.23253673,0.58778393
546796626,-0.5060457,0.4095901,0.69345707
546999016,-0.32250166,0.4473228,0.7895236
547190241,-0.09751223,0.27026942,0.94323
547392659,0.11563564,0.06999591,0.94323
547584304,0.059388287,0.12224116,0.8599723
547786661,0.020903254,0.052580826,0.8599723
547989126,0.1008337,0.049678314,0.8727812
548191616,0.109714866,0.11643614,0.86957896
548394039,0.053467512,0.09611855,0.8727812
548596500,0.068269454,0.020653168,0.8887923
548798552,0.06234868,0.052580826,0.8791856
548989779,0.07122984,0.02936071,0.8823879
549192178,0.07122984,0.02936071,0.8759834
549394637,0.07419022,0.020653168,0.88559
549597037,0.088992156,0.011945623,0.8887923
549788303,0.07715061,0.020653168,0.8887923
549990695,0.086031765,0.014848138,0.8887923
550193185,0.086031765,0.017750653,0.8887923
550395691,0.086031765,0.017750653,0.8951967
550587216,0.08307139,0.017750653,0.8887923
550789264,0.08307139,0.014848138,0.89199454
550991696,0.086031765,0.017750653,0.88559
551194214,0.08307139,0.017750653,0.8887923
551396578,0.086031765,0.017750653,0.8887923
551587796,0.086031765,0.014848138,0.8887923
551790208,0.08307139,0.014848138,0.89199454
551992722,0.08307139,0.017750653,0.8887923
552183870,0.08307139,0.017750653,0.8887923
552397547,0.08307139,0.017750653,0.8887923
552588809,0.086031765,0.017750653,0.89199454
552791215,0.086031765,0.017750653,0.88559
552993680,0.086031765,0.014848138,0.8887923
553196087,0.086031765,0.014848138,0.8951967
553387722,0.08307139,0.014848138,0.88559
553589791,0.08307139,0.014848138,0.89199454
553792280,0.08307139,0.017750653,0.8887923
553994668,0.086031765,0.014848138,0.89199454
554197090,0.08307139,0.017750653,0.88559
554388299,0.08307139,0.017750653,0.8887923
554590750,0.07715061,0.023555681,0.8823879
554793329,0.07715061,0.023555681,0.88559
554995633,0.07715061,0.017750653,0.8791856
555186887,0.07715061,0.017750653,0.8887923
555389748,0.08307139,0.017750653,0.8951967
