timestamp,timestamp_last_signal,rssi,rc_lost_frame_count,rc_total_frame_count,rc_ppm_frame_length,values[0],values[1],values[2],values[3],values[4],values[5],values[6],values[7],values[8],values[9],values[10],values[11],values[12],values[13],values[14],values[15],values[16],values[17],channel_count,rc_failsafe,rc_lost,input_source
258838096,258838096,39,0,0,20003,1500,1500,1007,1499,2000,1000,1500,1501,0,0,0,0,0,0,0,0,0,0,8,0,0,2
258860470,258860470,39,0,0,20002,1500,1500,1007,1499,2001,1000,1500,1500,0,0,0,0,0,0,0,0,0,0,8,0,0,2
259350503,259350503,39,0,0,20003,1500,1500,1007,1499,2000,1000,1500,1500,0,0,0,0,0,0,0,0,0,0,8,0,0,2
259845535,259845535,39,0,0,20002,1500,1500,1007,1500,2000,1000,1500,1500,0,0,0,0,0,0,0,0,0,0,8,0,0,2
260340365,260340365,39,0,0,20002,1501,1500,1006,1499,2000,1000,1501,1500,0,0,0,0,0,0,0,0,0,0,8,0,0,2
260842404,260842404,39,0,0,20002,1500,1500,1006,1500,2000,1000,1500,1500,0,0,0,0,0,0,0,0,0,0,8,0,0,2
261353173,261353173,39,0,0,20002,1503,1498,1009,1499,2001,1000,1500,1500,0,0,0,0,0,0,0,0,0,0,8,0,0,2
261833253,261833253,39,0,0,20002,1589,1408,1031,1499,2001,1000,1500,1500,0,0,0,0,0,0,0,0,0,0,8,0,0,2
262329866,262329866,39,0,0,20002,1609,1362,1004,1489,2000,1000,1500,1501,0,0,0,0,0,0,0,0,0,0,8,0,0,2
262844755,262844755,39,0,0,20003,1503,1499,1344,1500,2001,1000,1500,1500,0,0,0,0,0,0,0,0,0,0,8,0,0,2
263337418,263337418,39,0,0,20003,1679,1499,1361,1499,2000,1000,1500,1501,0,0,0,0,0,0,0,0,0,0,8,0,0,2
263834595,263834595,39,0,0,20002,1576,1501,1330,1499,2001,1000,1500,1500,0,0,0,0,0,0,0,0,0,0,8,0,0,2
264337303,264337303,39,0,0,20002,1511,1535,1331,1499,2000,1000,1500,1501,0,0,0,0,0,0,0,0,0,0,8,0,0,2
264852717,264852717,39,0,0,20003,1500,1537,1331,1499,2000,1000,1500,1501,0,0,0,0,0,0,0,0,0,0,8,0,0,2
265347117,265347117,39,0,0,20003,1479,1500,1331,1499,2000,1000,1500,1501,0,0,0,0,0,0,0,0,0,0,8,0,0,2
265842715,265842715,39,0,0,20002,1405,1498,1327,1498,2000,1001,1500,1500,0,0,0,0,0,0,0,0,0,0,8,0,0,2
266336897,266336897,39,0,0,20003,1472,1496,1329,1498,2000,1000,1500,1500,0,0,0,0,0,0,0,0,0,0,8,0,0,2
266849109,266849109,39,0,0,20003,1465,1454,1329,1498,2000,1000,1500,1500,0,0,0,0,0,0,0,0,0,0,8,0,0,2
267342657,267342657,39,0,0,20003,1355,1393,1329,1499,2000,1000,1500,1500,0,0,0,0,0,0,0,0,0,0,8,0,0,2
267851965,267851965,39,0,0,20002,1605,1496,1330,1498,2000,1000,1500,1500,0,0,0,0,0,0,0,0,0,0,8,0,0,2
268346417,268346417,39,0,0,20002,1623,1499,1333,1499,2000,1000,1500,1500,0,0,0,0,0,0,0,0,0,0,8,0,0,2
268843779,268843779,39,0,0,20003,1503,1501,1374,1499,2000,1001,1500,1500,0,0,0,0,0,0,0,0,0,0,8,0,0,2
269342176,269342176,39,0,0,20003,1482,1497,1384,1499,2000,1000,1500,1500,0,0,0,0,0,0,0,0,0,0,8,0,0,2
269842277,269842277,39,0,0,20002,1497,1500,1382,1499,2000,1001,1500,1500,0,0,0,0,0,0,0,0,0,0,8,0,0,2
270341700,270341700,39,0,0,20003,1499,1502,1383,1499,2000,1000,1500,1501,0,0,0,0,0,0,0,0,0,0,8,0,0,2
270838497,270838497,39,0,0,20002,1492,1501,1391,1499,2001,1000,1500,1500,0,0,0,0,0,0,0,0,0,0,8,0,0,2
271353408,271353408,39,0,0,20002,1439,1500,1391,1499,2001,1000,1500,1500,0,0,0,0,0,0,0,0,0,0,8,0,0,2
271833221,271833221,39,0,0,20002,1501,1500,1390,1499,2001,1000,1500,1500,0,0,0,0,0,0,0,0,0,0,8,0,0,2
272343178,272343178,39,0,0,20003,1501,1501,1390,1499,2000,1000,1500,1501,0,0,0,0,0,0,0,0,0,0,8,0,0,2
272840763,272840763,39,0,0,20002,1501,1500,1417,1499,2001,1000,1500,1500,0,0,0,0,0,0,0,0,0,0,8,0,0,2
273336242,273336242,39,0,0,20003,1501,1501,1448,1499,2000,1000,1501,1500,0,0,0,0,0,0,0,0,0,0,8,0,0,2
273846069,273846069,39,0,0,20002,1501,1500,1448,1500,2000,1000,1500,1500,0,0,0,0,0,0,0,0,0,0,8,0,0,2
274342981,274342981,39,0,0,20003,1502,1500,1447,1498,2000,1000,1501,1500,0,0,0,0,0,0,0,0,0,0,8,0,0,2
274836014,274836014,39,0,0,20003,1501,1500,1447,1499,2000,1000,1500,1500,0,0,0,0,0,0,0,0,0,0,8,0,0,2
275337730,275337730,39,0,0,20002,1502,1500,1447,1499,2000,1001,1500,1500,0,0,0,0,0,0,0,0,0,0,8,0,0,2
275832485,275832485,39,0,0,20002,1501,1500,1448,1500,2000,1000,1500,1500,0,0,0,0,0,0,0,0,0,0,8,0,0,2
276337454,276337454,39,0,0,20002,1502,1500,1447,1498,2001,1000,1500,1500,0,0,0,0,0,0,0,0,0,0,8,0,0,2
276847233,276847233,39,0,0,20002,1558,1496,1448,1499,2000,1000,1500,1501,0,0,0,0,0,0,0,0,0,0,8,0,0,2
277342335,277342335,39,0,0,20002,1531,1430,1447,1499,2001,1000,1500,1500,0,0,0,0,0,0,0,0,0,0,8,0,0,2
277842271,277842271,39,0,0,20002,1615,1428,1447,1499,2000,1000,1501,1500,0,0,0,0,0,0,0,0,0,0,8,0,0,2
278339822,278339822,39,0,0,20002,1615,1436,1447,1500,2000,1000,1500,1500,0,0,0,0,0,0,0,0,0,0,8,0,0,2
278846939,278846939,39,0,0,20003,1527,1458,1447,1499,2000,1001,1500,1500,0,0,0,0,0,0,0,0,0,0,8,0,0,2
279329573,279329573,39,0,0,20003,1535,1495,1330,1499,2000,1000,1500,1501,0,0,0,0,0,0,0,0,0,0,8,0,0,2
279847033,279847033,39,0,0,20002,1577,1468,1310,1499,2001,1000,1500,1500,0,0,0,0,0,0,0,0,0,0,8,0,0,2
280339390,280339390,39,0,0,20003,1597,1439,1310,1499,2000,1000,1501,1500,0,0,0,0,0,0,0,0,0,0,8,0,0,2
280836585,280836585,39,0,0,20003,1510,1401,1254,1500,2000,1000,1500,1500,0,0,0,0,0,0,0,0,0,0,8,0,0,2
281331590,281331590,39,0,0,20003,1505,1496,1283,1499,2000,1001,1500,1500,0,0,0,0,0,0,0,0,0,0,8,0,0,2
281849265,281849265,39,0,0,20003,1507,1491,1282,1500,2000,1000,1500,1500,0,0,0,0,0,0,0,0,0,0,8,0,0,2
282351354,282351354,39,0,0,20002,1497,1496,1283,1499,2001,1000,1500,1500,0,0,0,0,0,0,0,0,0,0,8,0,0,2
282851268,282851268,39,0,0,20002,1445,1500,1298,1499,2000,1000,1500,1501,0,0,0,0,0,0,0,0,0,0,8,0,0,2
283351138,283351138,39,0,0,20003,1441,1500,1297,1499,2000,1001,1500,1500,0,0,0,0,0,0,0,0,0,0,8,0,0,2
283846095,283846095,39,0,0,20002,1506,1500,1297,1499,2000,1000,1501,1500,0,0,0,0,0,0,0,0,0,0,8,0,0,2
284350976,284350976,39,0,0,20003,1501,1565,1297,1499,2000,1000,1501,1500,0,0,0,0,0,0,0,0,0,0,8,0,0,2
284840940,284840940,39,0,0,20003,1489,1581,1297,1499,2000,1000,1500,1501,0,0,0,0,0,0,0,0,0,0,8,0,0,2
285335886,285335886,39,0,0,20002,1461,1566,1297,1499,2001,1000,1500,1500,0,0,0,0,0,0,0,0,0,0,8,0,0,2
285843878,285843878,39,0,0,20002,1433,1549,1297,1500,2000,1000,1500,1500,0,0,0,0,0,0,0,0,0,0,8,0,0,2
286343800,286343800,39,0,0,20002,1396,1562,1297,1499,2000,1000,1501,1500,0,0,0,0,0,0,0,0,0,0,8,0,0,2
286840559,286840559,39,0,0,20002,1537,1501,1297,1499,2001,1000,1500,1500,0,0,0,0,0,0,0,0,0,0,8,0,0,2
287345450,287345450,39,0,0,20002,1503,1570,1297,1499,2000,1000,1500,1501,0,0,0,0,0,0,0,0,0,0,8,0,0,2
287840401,287840401,39,0,0,20002,1501,1548,1297,1499,2001,1000,1500,1500,0,0,0,0,0,0,0,0,0,0,8,0,0,2
288333500,288333500,39,0,0,20002,1477,1543,1298,1499,2000,1000,1500,1501,0,0,0,0,0,0,0,0,0,0,8,0,0,2
288850283,288850283,39,0,0,20002,1432,1519,1297,1500,2000,1000,1500,1500,0,0,0,0,0,0,0,0,0,0,8,0,0,2
289350108,289350108,39,0,0,20002,1415,1526,1297,1499,2000,1000,1501,1500,0,0,0,0,0,0,0,0,0,0,8,0,0,2
289843441,289843441,39,0,0,20002,1451,1504,1297,1499,2000,1000,1501,1500,0,0,0,0,0,0,0,0,0,0,8,0,0,2
290334846,290334846,39,0,0,20002,1466,1503,1297,1500,2000,1000,1500,1500,0,0,0,0,0,0,0,0,0,0,8,0,0,2
290839807,290839807,39,0,0,20003,1465,1502,1297,1499,2000,1000,1501,1500,0,0,0,0,0,0,0,0,0,0,8,0,0,2
291343347,291343347,39,0,0,20003,1503,1501,1297,1499,2001,1000,1500,1500,0,0,0,0,0,0,0,0,0,0,8,0,0,2
291837345,291837345,39,0,0,20003,1557,1437,1416,1499,2000,1000,1500,1501,0,0,0,0,0,0,0,0,0,0,8,0,0,2
292332764,292332764,39,0,0,20002,1599,1466,1416,1499,2001,1000,1500,1500,0,0,0,0,0,0,0,0,0,0,8,0,0,2
292852733,292852733,39,0,0,20002,1538,1433,1415,1499,2001,1000,1500,1500,0,0,0,0,0,0,0,0,0,0,8,0,0,2
293338877,293338877,39,0,0,20002,1595,1455,1415,1499,2001,1000,1500,1500,0,0,0,0,0,0,0,0,0,0,8,0,0,2
293836866,293836866,39,0,0,20003,1620,1496,1416,1499,2000,1000,1500,1501,0,0,0,0,0,0,0,0,0,0,8,0,0,2
294329155,294329155,39,0,0,20003,1605,1500,1364,1499,2001,1000,1500,1500,0,0,0,0,0,0,0,0,0,0,8,0,0,2
294849148,294849148,39,0,0,20003,1613,1499,1365,1499,2001,1000,1500,1500,0,0,0,0,0,0,0,0,0,0,8,0,0,2
295342405,295342405,39,0,0,20003,1556,1500,1306,1498,2000,1001,1500,1500,0,0,0,0,0,0,0,0,0,0,8,0,0,2
295837094,295837094,39,0,0,20003,1503,1500,1301,1498,2000,1000,1500,1500,0,0,0,0,0,0,0,0,0,0,8,0,0,2
296353729,296353729,39,0,0,20002,1502,1501,1300,1498,2000,1000,1500,1500,0,0,0,0,0,0,0,0,0,0,8,0,0,2
296837266,296837266,39,0,0,20002,1496,1500,1300,1498,2000,1000,1500,1500,0,0,0,0,0,0,0,0,0,0,8,0,0,2
297333546,297333546,39,0,0,20003,1455,1500,1299,1498,2000,1001,1500,1500,0,0,0,0,0,0,0,0,0,0,8,0,0,2
297848483,297848483,39,0,0,20003,1426,1496,1301,1498,2000,1000,1500,1500,0,0,0,0,0,0,0,0,0,0,8,0,0,2
298343626,298343626,39,0,0,20002,1421,1496,1300,1498,2000,1001,1500,1500,0,0,0,0,0,0,0,0,0,0,8,0,0,2
298836964,298836964,39,0,0,20003,1468,1488,1300,1498,2000,1000,1500,1501,0,0,0,0,0,0,0,0,0,0,8,0,0,2
299333205,299333205,39,0,0,20002,1467,1460,1299,1498,2001,1000,1500,1500,0,0,0,0,0,0,0,0,0,0,8,0,0,2
299833163,299833163,39,0,0,20002,1432,1450,1301,1498,2000,1000,1500,1501,0,0,0,0,0,0,0,0,0,0,8,0,0,2
300350797,300350797,39,0,0,20003,1445,1465,1299,1498,2000,1000,1500,1501,0,0,0,0,0,0,0,0,0,0,8,0,0,2
300847886,300847886,39,0,0,20003,1507,1458,1299,1498,2000,1000,1500,1501,0,0,0,0,0,0,0,0,0,0,8,0,0,2
301337799,301337799,39,0,0,20003,1504,1454,1300,1498,2001,1000,1500,1500,0,0,0,0,0,0,0,0,0,0,8,0,0,2
301852876,301852876,39,0,0,20002,1502,1442,1300,1498,2001,1000,1500,1500,0,0,0,0,0,0,0,0,0,0,8,0,0,2
302350361,302350361,39,0,0,20003,1503,1479,1299,1498,2000,1000,1501,1500,0,0,0,0,0,0,0,0,0,0,8,0,0,2
302842498,302842498,39,0,0,20003,1503,1476,1299,1498,2000,1000,1501,1500,0,0,0,0,0,0,0,0,0,0,8,0,0,2
303347412,303347412,39,0,0,20003,1502,1472,1339,1500,2000,1000,1500,1500,0,0,0,0,0,0,0,0,0,0,8,0,0,2
303845480,303845480,39,0,0,20003,1503,1467,1341,1498,2000,1001,1500,1500,0,0,0,0,0,0,0,0,0,0,8,0,0,2
304339969,304339969,39,0,0,20003,1486,1465,1342,1499,2000,1000,1500,1501,0,0,0,0,0,0,0,0,0,0,8,0,0,2
304852319,304852319,39,0,0,20002,1442,1436,1342,1499,2000,1000,1500,1501,0,0,0,0,0,0,0,0,0,0,8,0,0,2
305347108,305347108,39,0,0,20003,1429,1454,1341,1499,2000,1000,1500,1501,0,0,0,0,0,0,0,0,0,0,8,0,0,2
305839747,305839747,39,0,0,20002,1411,1454,1341,1500,2000,1000,1500,1500,0,0,0,0,0,0,0,0,0,0,8,0,0,2
306331978,306331978,39,0,0,20003,1418,1440,1341,1499,2000,1000,1501,1500,0,0,0,0,0,0,0,0,0,0,8,0,0,2
306845224,306845224,39,0,0,20002,1428,1434,1341,1500,2000,1000,1500,1500,0,0,0,0,0,0,0,0,0,0,8,0,0,2
307339304,307339304,39,0,0,20002,1434,1439,1362,1499,2001,1000,1500,1500,0,0,0,0,0,0,0,0,0,0,8,0,0,2
307831633,307831633,39,0,0,20003,1429,1439,1369,1499,2000,1000,1500,1501,0,0,0,0,0,0,0,0,0,0,8,0,0,2
308331539,308331539,39,0,0,20002,1442,1436,1368,1499,2001,1000,1500,1500,0,0,0,0,0,0,0,0,0,0,8,0,0,2
308846550,308846550,39,0,0,20003,1438,1436,1368,1499,2000,1000,1501,1500,0,0,0,0,0,0,0,0,0,0,8,0,0,2
309339041,309339041,39,0,0,20002,1439,1438,1368,1500,2000,1000,1500,1500,0,0,0,0,0,0,0,0,0,0,8,0,0,2
309838900,309838900,39,0,0,20003,1468,1473,1368,1499,2001,1000,1500,1500,0,0,0,0,0,0,0,0,0,0,8,0,0,2
310351217,310351217,39,0,0,20003,1497,1498,1368,1498,2001,1000,1500,1500,0,0,0,0,0,0,0,0,0,0,8,0,0,2
310846067,310846067,39,0,0,20002,1500,1514,1368,1499,2000,1000,1500,1500,0,0,0,0,0,0,0,0,0,0,8,0,0,2
311344343,311344343,39,0,0,20003,1502,1551,1360,1498,2000,1001,1500,1500,0,0,0,0,0,0,0,0,0,0,8,0,0,2
311840861,311840861,39,0,0,20003,1501,1593,1358,1498,2000,1000,1500,1501,0,0,0,0,0,0,0,0,0,0,8,0,0,2
312353902,312353902,39,0,0,20002,1501,1543,1357,1498,2000,1000,1500,1501,0,0,0,0,0,0,0,0,0,0,8,0,0,2
312848413,312848413,39,0,0,20003,1505,1576,1357,1498,2000,1000,1500,1501,0,0,0,0,0,0,0,0,0,0,8,0,0,2
313348177,313348177,39,0,0,20002,1503,1573,1341,1498,2001,1000,1500,1500,0,0,0,0,0,0,0,0,0,0,8,0,0,2
313838198,313838198,39,0,0,20002,1502,1575,1281,1499,2000,1000,1500,1500,0,0,0,0,0,0,0,0,0,0,8,0,0,2
314333572,314333572,39,0,0,20003,1489,1577,1281,1498,2000,1000,1501,1500,0,0,0,0,0,0,0,0,0,0,8,0,0,2
314837913,314837913,39,0,0,20002,1439,1573,1281,1499,2000,1000,1500,1500,0,0,0,0,0,0,0,0,0,0,8,0,0,2
315353344,315353344,39,0,0,20002,1417,1572,1281,1498,2001,1000,1500,1500,0,0,0,0,0,0,0,0,0,0,8,0,0,2
315845032,315845032,39,0,0,20002,1457,1534,1281,1498,2001,1000,1500,1500,0,0,0,0,0,0,0,0,0,0,8,0,0,2
316337599,316337599,39,0,0,20002,1447,1543,1314,1499,2000,1000,1500,1501,0,0,0,0,0,0,0,0,0,0,8,0,0,2
316834959,316834959,39,0,0,20002,1427,1500,1339,1498,2000,1001,1500,1500,0,0,0,0,0,0,0,0,0,0,8,0,0,2
317347418,317347418,39,0,0,20002,1455,1455,1340,1498,2000,1000,1500,1500,0,0,0,0,0,0,0,0,0,0,8,0,0,2
317837221,317837221,39,0,0,20003,1502,1449,1346,1498,2000,1001,1500,1500,0,0,0,0,0,0,0,0,0,0,8,0,0,2
318352719,318352719,39,0,0,20003,1504,1461,1370,1498,2000,1000,1501,1500,0,0,0,0,0,0,0,0,0,0,8,0,0,2
318852702,318852702,39,0,0,20002,1504,1409,1372,1500,2000,1000,1500,1500,0,0,0,0,0,0,0,0,0,0,8,0,0,2
319344286,319344286,39,0,0,20002,1522,1447,1372,1499,2000,1000,1500,1500,0,0,0,0,0,0,0,0,0,0,8,0,0,2
319842647,319842647,39,0,0,20003,1570,1438,1371,1498,2000,1000,1501,1500,0,0,0,0,0,0,0,0,0,0,8,0,0,2
320334192,320334192,39,0,0,20002,1538,1408,1371,1499,2001,1000,1500,1500,0,0,0,0,0,0,0,0,0,0,8,0,0,2
320846714,320846714,39,0,0,20003,1594,1428,1371,1499,2000,1000,1500,1501,0,0,0,0,0,0,0,0,0,0,8,0,0,2
321346584,321346584,39,0,0,20002,1583,1437,1371,1499,2001,1000,1500,1500,0,0,0,0,0,0,0,0,0,0,8,0,0,2
321846497,321846497,39,0,0,20003,1589,1438,1371,1499,2000,1000,1500,1501,0,0,0,0,0,0,0,0,0,0,8,0,0,2
322342229,322342229,39,0,0,20002,1563,1461,1371,1498,2001,1000,1500,1500,0,0,0,0,0,0,0,0,0,0,8,0,0,2
322846353,322846353,39,0,0,20002,1550,1442,1371,1498,2000,1000,1500,1501,0,0,0,0,0,0,0,0,0,0,8,0,0,2
323341805,323341805,39,0,0,20002,1574,1476,1370,1498,2001,1000,1500,1500,0,0,0,0,0,0,0,0,0,0,8,0,0,2
323838443,323838443,39,0,0,20002,1543,1517,1371,1498,2000,1000,1500,1501,0,0,0,0,0,0,0,0,0,0,8,0,0,2
324336508,324336508,39,0,0,20002,1532,1567,1370,1498,2001,1000,1500,1500,0,0,0,0,0,0,0,0,0,0,8,0,0,2
324848239,324848239,39,0,0,20003,1501,1555,1371,1498,2000,1000,1500,1501,0,0,0,0,0,0,0,0,0,0,8,0,0,2
325340697,325340697,39,0,0,20003,1472,1579,1370,1498,2001,1000,1500,1500,0,0,0,0,0,0,0,0,0,0,8,0,0,2
325833199,325833199,39,0,0,20003,1440,1579,1324,1498,2000,1000,1500,1501,0,0,0,0,0,0,0,0,0,0,8,0,0,2
326347936,326347936,39,0,0,20002,1385,1545,1324,1498,2001,1000,1500,1500,0,0,0,0,0,0,0,0,0,0,8,0,0,2
326840462,326840462,39,0,0,20002,1483,1543,1324,1498,2000,1000,1500,1501,0,0,0,0,0,0,0,0,0,0,8,0,0,2
327332746,327332746,39,0,0,20002,1477,1569,1324,1498,2001,1000,1500,1500,0,0,0,0,0,0,0,0,0,0,8,0,0,2
327852691,327852691,39,0,0,20002,1441,1560,1324,1498,2001,1000,1500,1500,0,0,0,0,0,0,0,0,0,0,8,0,0,2
328347462,328347462,39,0,0,20003,1425,1547,1324,1498,2001,1000,1500,1500,0,0,0,0,0,0,0,0,0,0,8,0,0,2
328840023,328840023,39,0,0,20003,1455,1571,1324,1498,2000,1000,1501,1500,0,0,0,0,0,0,0,0,0,0,8,0,0,2
329352271,329352271,39,0,0,20003,1439,1561,1324,1498,2000,1000,1501,1500,0,0,0,0,0,0,0,0,0,0,8,0,0,2
329845257,329845257,39,0,0,20003,1440,1548,1324,1498,2000,1000,1501,1500,0,0,0,0,0,0,0,0,0,0,8,0,0,2
330352134,330352134,39,0,0,20003,1445,1545,1324,1498,2000,1001,1500,1500,0,0,0,0,0,0,0,0,0,0,8,0,0,2
330852147,330852147,39,0,0,20002,1461,1541,1326,1498,2000,1000,1500,1500,0,0,0,0,0,0,0,0,0,0,8,0,0,2
331349639,331349639,39,0,0,20003,1463,1539,1344,1498,2001,1000,1500,1500,0,0,0,0,0,0,0,0,0,0,8,0,0,2
331849473,331849473,39,0,0,20003,1474,1538,1351,1498,2000,1000,1500,1501,0,0,0,0,0,0,0,0,0,0,8,0,0,2
332344690,332344690,39,0,0,20003,1491,1527,1350,1499,2000,1000,1500,1501,0,0,0,0,0,0,0,0,0,0,8,0,0,2
332851490,332851490,39,0,0,20002,1500,1497,1351,1499,2000,1000,1501,1500,0,0,0,0,0,0,0,0,0,0,8,0,0,2
333331502,333331502,39,0,0,20002,1500,1473,1360,1499,2000,1000,1501,1500,0,0,0,0,0,0,0,0,0,0,8,0,0,2
333836424,333836424,39,0,0,20002,1500,1442,1360,1500,2000,1000,1500,1500,0,0,0,0,0,0,0,0,0,0,8,0,0,2
334351206,334351206,39,0,0,20002,1498,1436,1362,1500,2000,1000,1500,1500,0,0,0,0,0,0,0,0,0,0,8,0,0,2
334848783,334848783,39,0,0,20003,1497,1432,1364,1499,2000,1001,1500,1500,0,0,0,0,0,0,0,0,0,0,8,0,0,2
335334189,335334189,39,0,0,20002,1485,1458,1363,1499,2001,1000,1500,1500,0,0,0,0,0,0,0,0,0,0,8,0,0,2
335851027,335851027,39,0,0,20002,1457,1456,1363,1499,2001,1000,1500,1500,0,0,0,0,0,0,0,0,0,0,8,0,0,2
336345950,336345950,39,0,0,20002,1428,1433,1363,1500,2000,1000,1500,1500,0,0,0,0,0,0,0,0,0,0,8,0,0,2
336843971,336843971,39,0,0,20003,1431,1428,1363,1499,2000,1000,1501,1500,0,0,0,0,0,0,0,0,0,0,8,0,0,2
337340614,337340614,39,0,0,20003,1423,1431,1367,1499,2000,1000,1500,1500,0,0,0,0,0,0,0,0,0,0,8,0,0,2
337845545,337845545,39,0,0,20002,1449,1434,1382,1499,2001,1000,1500,1500,0,0,0,0,0,0,0,0,0,0,8,0,0,2
338348106,338348106,39,0,0,20003,1421,1431,1391,1499,2000,1000,1500,1501,0,0,0,0,0,0,0,0,0,0,8,0,0,2
338835338,338835338,39,0,0,20002,1448,1438,1402,1500,2000,1000,1500,1500,0,0,0,0,0,0,0,0,0,0,8,0,0,2
339337864,339337864,39,0,0,20003,1451,1467,1403,1499,2000,1001,1500,1500,0,0,0,0,0,0,0,0,0,0,8,0,0,2
339833092,339833092,39,0,0,20003,1442,1500,1404,1499,2000,1000,1500,1501,0,0,0,0,0,0,0,0,0,0,8,0,0,2
340350026,340350026,39,0,0,20003,1451,1544,1402,1499,2000,1000,1501,1500,0,0,0,0,0,0,0,0,0,0,8,0,0,2
340852893,340852893,39,0,0,20002,1448,1577,1364,1499,2000,1000,1500,1500,0,0,0,0,0,0,0,0,0,0,8,0,0,2
341353136,341353136,39,0,0,20002,1406,1570,1364,1499,2000,1001,1500,1500,0,0,0,0,0,0,0,0,0,0,8,0,0,2
341834628,341834628,39,0,0,20003,1500,1535,1364,1498,2001,1000,1500,1500,0,0,0,0,0,0,0,0,0,0,8,0,0,2
342349566,342349566,39,0,0,20003,1521,1578,1364,1499,2000,1000,1500,1500,0,0,0,0,0,0,0,0,0,0,8,0,0,2
342844412,342844412,39,0,0,20002,1505,1580,1364,1499,2001,1000,1500,1500,0,0,0,0,0,0,0,0,0,0,8,0,0,2
343342650,343342650,39,0,0,20002,1518,1570,1365,1499,2000,1000,1500,1501,0,0,0,0,0,0,0,0,0,0,8,0,0,2
343842496,343842496,39,0,0,20002,1545,1502,1364,1499,2000,1001,1500,1500,0,0,0,0,0,0,0,0,0,0,8,0,0,2
344344116,344344116,39,0,0,20003,1563,1529,1364,1500,2000,1000,1500,1500,0,0,0,0,0,0,0,0,0,0,8,0,0,2
344849148,344849148,39,0,0,20002,1569,1538,1323,1500,2000,1000,1500,1500,0,0,0,0,0,0,0,0,0,0,8,0,0,2
345336524,345336524,39,0,0,20003,1505,1530,1324,1499,2001,1000,1500,1500,0,0,0,0,0,0,0,0,0,0,8,0,0,2
345838771,345838771,39,0,0,20003,1525,1504,1324,1499,2000,1000,1500,1501,0,0,0,0,0,0,0,0,0,0,8,0,0,2
346343652,346343652,39,0,0,20002,1504,1484,1324,1499,2001,1000,1500,1500,0,0,0,0,0,0,0,0,0,0,8,0,0,2
346846292,346846292,39,0,0,20003,1500,1453,1341,1499,2000,1000,1500,1501,0,0,0,0,0,0,0,0,0,0,8,0,0,2
347336166,347336166,39,0,0,20002,1499,1438,1342,1499,2000,1001,1500,1500,0,0,0,0,0,0,0,0,0,0,8,0,0,2
347851057,347851057,39,0,0,20003,1492,1428,1343,1499,2000,1001,1500,1500,0,0,0,0,0,0,0,0,0,0,8,0,0,2
348343262,348343262,39,0,0,20003,1462,1436,1349,1499,2000,1000,1501,1500,0,0,0,0,0,0,0,0,0,0,8,0,0,2
348838140,348838140,39,0,0,20002,1434,1418,1369,1500,2000,1000,1500,1500,0,0,0,0,0,0,0,0,0,0,8,0,0,2
349336515,349336515,39,0,0,20002,1439,1436,1369,1499,2000,1000,1501,1500,0,0,0,0,0,0,0,0,0,0,8,0,0,2
349850487,349850487,39,0,0,20003,1415,1411,1364,1499,2000,1000,1501,1500,0,0,0,0,0,0,0,0,0,0,8,0,0,2
350337914,350337914,39,0,0,20003,1435,1430,1364,1499,2000,1000,1500,1501,0,0,0,0,0,0,0,0,0,0,8,0,0,2
350832809,350832809,39,0,0,20003,1434,1427,1390,1499,2001,1000,1500,1500,0,0,0,0,0,0,0,0,0,0,8,0,0,2
351350254,351350254,39,0,0,20002,1436,1454,1390,1499,2001,1000,1500,1500,0,0,0,0,0,0,0,0,0,0,8,0,0,2
351847457,351847457,39,0,0,20002,1445,1458,1390,1499,2001,1000,1500,1500,0,0,0,0,0,0,0,0,0,0,8,0,0,2
352340081,352340081,39,0,0,20003,1445,1462,1391,1499,2000,1000,1500,1501,0,0,0,0,0,0,0,0,0,0,8,0,0,2
352842211,352842211,39,0,0,20003,1462,1472,1389,1499,2001,1000,1500,1500,0,0,0,0,0,0,0,0,0,0,8,0,0,2
353337079,353337079,39,0,0,20003,1490,1500,1381,1499,2000,1000,1500,1501,0,0,0,0,0,0,0,0,0,0,8,0,0,2
353849654,353849654,39,0,0,20002,1473,1528,1364,1499,2000,1000,1500,1501,0,0,0,0,0,0,0,0,0,0,8,0,0,2
354349647,354349647,39,0,0,20002,1472,1541,1362,1499,2000,1001,1500,1500,0,0,0,0,0,0,0,0,0,0,8,0,0,2
354839431,354839431,39,0,0,20002,1473,1542,1362,1499,2000,1001,1500,1500,0,0,0,0,0,0,0,0,0,0,8,0,0,2
355354983,355354983,39,0,0,20003,1466,1546,1360,1499,2000,1001,1500,1500,0,0,0,0,0,0,0,0,0,0,8,0,0,2
355846631,355846631,39,0,0,20002,1464,1558,1342,1498,2000,1001,1500,1500,0,0,0,0,0,0,0,0,0,0,8,0,0,2
356339153,356339153,39,0,0,20003,1445,1561,1344,1499,2000,1000,1500,1500,0,0,0,0,0,0,0,0,0,0,8,0,0,2
356831334,356831334,39,0,0,20002,1442,1568,1343,1499,2001,1000,1500,1500,0,0,0,0,0,0,0,0,0,0,8,0,0,2
357331201,357331201,39,0,0,20002,1444,1566,1344,1498,2000,1000,1500,1501,0,0,0,0,0,0,0,0,0,0,8,0,0,2
357838815,357838815,39,0,0,20002,1426,1566,1343,1499,2001,1000,1500,1500,0,0,0,0,0,0,0,0,0,0,8,0,0,2
358345971,358345971,39,0,0,20003,1428,1550,1344,1499,2000,1000,1500,1501,0,0,0,0,0,0,0,0,0,0,8,0,0,2
358840806,358840806,39,0,0,20003,1438,1539,1353,1499,2001,1000,1500,1500,0,0,0,0,0,0,0,0,0,0,8,0,0,2
359353965,359353965,39,0,0,20002,1437,1538,1360,1499,2001,1000,1500,1500,0,0,0,0,0,0,0,0,0,0,8,0,0,2
359845625,359845625,39,0,0,20002,1460,1517,1362,1499,2001,1000,1500,1500,0,0,0,0,0,0,0,0,0,0,8,0,0,2
360340555,360340555,39,0,0,20003,1464,1504,1363,1499,2000,1000,1500,1501,0,0,0,0,0,0,0,0,0,0,8,0,0,2
360833676,360833676,39,0,0,20002,1464,1497,1364,1499,2001,1000,1500,1500,0,0,0,0,0,0,0,0,0,0,8,0,0,2
361335355,361335355,39,0,0,20003,1465,1448,1364,1499,2000,1000,1501,1500,0,0,0,0,0,0,0,0,0,0,8,0,0,2
361845222,361845222,39,0,0,20002,1441,1438,1364,1500,2000,1000,1500,1500,0,0,0,0,0,0,0,0,0,0,8,0,0,2
362350079,362350079,39,0,0,20002,1438,1433,1364,1500,2000,1000,1500,1500,0,0,0,0,0,0,0,0,0,0,8,0,0,2
362843176,362843176,39,0,0,20003,1442,1440,1364,1500,2000,1000,1500,1500,0,0,0,0,0,0,0,0,0,0,8,0,0,2
363344803,363344803,39,0,0,20002,1440,1431,1364,1499,2000,1001,1500,1500,0,0,0,0,0,0,0,0,0,0,8,0,0,2
363839836,363839836,39,0,0,20003,1439,1430,1365,1499,2000,1000,1500,1501,0,0,0,0,0,0,0,0,0,0,8,0,0,2
364339647,364339647,39,0,0,20002,1439,1436,1364,1499,2001,1000,1500,1500,0,0,0,0,0,0,0,0,0,0,8,0,0,2
364837122,364837122,39,0,0,20003,1439,1450,1364,1499,2000,1000,1501,1500,0,0,0,0,0,0,0,0,0,0,8,0,0,2
365342890,365342890,39,0,0,20002,1434,1447,1364,1500,2000,1000,1500,1500,0,0,0,0,0,0,0,0,0,0,8,0,0,2
365847079,365847079,39,0,0,20003,1468,1452,1364,1499,2000,1000,1501,1500,0,0,0,0,0,0,0,0,0,0,8,0,0,2
366344916,366344916,39,0,0,20002,1443,1445,1365,1499,2000,1000,1500,1500,0,0,0,0,0,0,0,0,0,0,8,0,0,2
366834061,366834061,39,0,0,20002,1436,1449,1364,1499,2001,1000,1500,1500,0,0,0,0,0,0,0,0,0,0,8,0,0,2
367331758,367331758,39,0,0,20002,1437,1453,1364,1499,2000,1000,1500,1501,0,0,0,0,0,0,0,0,0,0,8,0,0,2
367848943,367848943,39,0,0,20003,1438,1452,1364,1499,2000,1000,1501,1500,0,0,0,0,0,0,0,0,0,0,8,0,0,2
368336985,368336985,39,0,0,20003,1436,1449,1364,1499,2000,1000,1501,1500,0,0,0,0,0,0,0,0,0,0,8,0,0,2
368851230,368851230,39,0,0,20003,1439,1452,1364,1499,2000,1001,1500,1500,0,0,0,0,0,0,0,0,0,0,8,0,0,2
369341167,369341167,39,0,0,20003,1441,1450,1364,1499,2001,1000,1500,1500,0,0,0,0,0,0,0,0,0,0,8,0,0,2
369833565,369833565,39,0,0,20003,1446,1456,1364,1499,2000,1000,1500,1501,0,0,0,0,0,0,0,0,0,0,8,0,0,2
370346490,370346490,39,0,0,20002,1459,1468,1364,1500,2000,1000,1500,1500,0,0,0,0,0,0,0,0,0,0,8,0,0,2
370840831,370840831,39,0,0,20002,1448,1467,1364,1499,2000,1001,1500,1500,0,0,0,0,0,0,0,0,0,0,8,0,0,2
371336505,371336505,39,0,0,20003,1443,1495,1344,1499,2000,1000,1500,1501,0,0,0,0,0,0,0,0,0,0,8,0,0,2
371847873,371847873,39,0,0,20002,1456,1500,1344,1499,2001,1000,1500,1500,0,0,0,0,0,0,0,0,0,0,8,0,0,2
372345853,372345853,39,0,0,20003,1429,1506,1344,1499,2000,1000,1501,1500,0,0,0,0,0,0,0,0,0,0,8,0,0,2
372840297,372840297,39,0,0,20003,1478,1521,1344,1500,2000,1000,1500,1500,0,0,0,0,0,0,0,0,0,0,8,0,0,2
373335822,373335822,39,0,0,20003,1479,1532,1344,1499,2001,1000,1500,1500,0,0,0,0,0,0,0,0,0,0,8,0,0,2
373832404,373832404,39,0,0,20003,1479,1506,1344,1499,2000,1000,1500,1501,0,0,0,0,0,0,0,0,0,0,8,0,0,2
374349946,374349946,39,0,0,20003,1491,1503,1345,1499,2000,1000,1501,1500,0,0,0,0,0,0,0,0,0,0,8,0,0,2
374852213,374852213,39,0,0,20003,1491,1502,1371,1499,2000,1000,1500,1500,0,0,0,0,0,0,0,0,0,0,8,0,0,2
375332146,375332146,39,0,0,20003,1490,1503,1389,1499,2000,1000,1500,1501,0,0,0,0,0,0,0,0,0,0,8,0,0,2
375849607,375849607,39,0,0,20003,1495,1503,1422,1499,2000,1000,1501,1500,0,0,0,0,0,0,0,0,0,0,8,0,0,2
376339633,376339633,39,0,0,20003,1497,1501,1421,1499,2000,1000,1500,1501,0,0,0,0,0,0,0,0,0,0,8,0,0,2
376849465,376849465,39,0,0,20003,1498,1495,1422,1499,2000,1000,1500,1501,0,0,0,0,0,0,0,0,0,0,8,0,0,2
377349228,377349228,39,0,0,20003,1497,1448,1421,1499,2001,1000,1500,1500,0,0,0,0,0,0,0,0,0,0,8,0,0,2
377846386,377846386,39,0,0,20002,1500,1436,1421,1499,2000,1001,1500,1500,0,0,0,0,0,0,0,0,0,0,8,0,0,2
378334701,378334701,39,0,0,20002,1500,1453,1421,1500,2000,1000,1500,1500,0,0,0,0,0,0,0,0,0,0,8,0,0,2
378838979,378838979,39,0,0,20003,1516,1419,1440,1499,2000,1000,1501,1500,0,0,0,0,0,0,0,0,0,0,8,0,0,2
379334190,379334190,39,0,0,20002,1550,1386,1439,1500,2000,1000,1500,1500,0,0,0,0,0,0,0,0,0,0,8,0,0,2
379838634,379838634,40,0,0,20002,1662,1473,1439,1499,2000,1000,1501,1500,0,0,0,0,0,0,0,0,0,0,8,0,0,2
380334330,380334330,39,0,0,20002,1587,1323,1439,1499,2001,1000,1500,1500,0,0,0,0,0,0,0,0,0,0,8,0,0,2
380838483,380838483,39,0,0,20003,1615,1316,1439,1499,2000,1000,1501,1500,0,0,0,0,0,0,0,0,0,0,8,0,0,2
381335704,381335704,39,0,0,20002,1689,1500,1438,1499,2001,1000,1500,1500,0,0,0,0,0,0,0,0,0,0,8,0,0,2
381830469,381830469,39,0,0,20003,1718,1485,1435,1499,2000,1000,1500,1501,0,0,0,0,0,0,0,0,0,0,8,0,0,2
382335519,382335519,39,0,0,20002,1511,1306,1284,1499,2001,1000,1500,1500,0,0,0,0,0,0,0,0,0,0,8,0,0,2
382835431,382835431,39,0,0,20003,1502,1305,1294,1499,2000,1000,1500,1501,0,0,0,0,0,0,0,0,0,0,8,0,0,2
383335117,383335117,39,0,0,20002,1705,1527,1233,1499,2001,1000,1500,1500,0,0,0,0,0,0,0,0,0,0,8,0,0,2
383847795,383847795,39,0,0,20003,1856,1507,1200,1499,2000,1000,1500,1501,0,0,0,0,0,0,0,0,0,0,8,0,0,2
384340032,384340032,39,0,0,20002,1527,1346,1220,1499,2001,1000,1500,1500,0,0,0,0,0,0,0,0,0,0,8,0,0,2
384844912,384844912,39,0,0,20003,1510,1197,1225,1499,2000,1000,1500,1501,0,0,0,0,0,0,0,0,0,0,8,0,0,2
385343089,385343089,39,0,0,20003,1520,1291,1225,1499,2001,1000,1500,1500,0,0,0,0,0,0,0,0,0,0,8,0,0,2
385832763,385832763,39,0,0,20003,1725,1760,1304,1501,2000,1000,1500,1501,0,0,0,0,0,0,0,0,0,0,8,0,0,2
386347028,386347028,39,0,0,20002,1996,1501,1303,1500,2001,1000,1500,1500,0,0,0,0,0,0,0,0,0,0,8,0,0,2
386852492,386852492,39,0,0,20002,1711,1583,1303,1500,2001,1000,1500,1500,0,0,0,0,0,0,0,0,0,0,8,0,0,2
387342595,387342595,39,0,0,20002,1012,1596,1308,1500,2001,1000,1500,1500,0,0,0,0,0,0,0,0,0,0,8,0,0,2
387836739,387836739,39,0,0,20003,1007,1563,1308,1500,2000,1000,1500,1501,0,0,0,0,0,0,0,0,0,0,8,0,0,2
388352141,388352141,39,0,0,20003,1164,1420,1308,1499,2000,1000,1501,1500,0,0,0,0,0,0,0,0,0,0,8,0,0,2
388833907,388833907,39,0,0,20002,1169,1342,1308,1499,2000,1202,1501,1500,0,0,0,0,0,0,0,0,0,0,8,0,0,2
389348700,389348700,40,0,0,20002,1284,1206,1308,1498,2000,2001,1500,1500,0,0,0,0,0,0,0,0,0,0,8,0,0,2
389841774,389841774,40,0,0,20002,1501,1500,1308,1498,2000,2001,1500,1500,0,0,0,0,0,0,0,0,0,0,8,0,0,2
390353691,390353691,40,0,0,20002,1501,1500,1308,1499,2000,2001,1500,1500,0,0,0,0,0,0,0,0,0,0,8,0,0,2
390843531,390843531,40,0,0,20002,1501,1500,1307,1499,2000,2001,1500,1500,0,0,0,0,0,0,0,0,0,0,8,0,0,2
391338172,391338172,40,0,0,20002,1500,1500,1308,1499,2000,2000,1500,1501,0,0,0,0,0,0,0,0,0,0,8,0,0,2
391850804,391850804,40,0,0,20002,1500,1500,1308,1499,2000,2000,1501,1500,0,0,0,0,0,0,0,0,0,0,8,0,0,2
392346266,392346266,40,0,0,20002,1500,1501,1307,1499,2000,2000,1501,1500,0,0,0,0,0,0,0,0,0,0,8,0,0,2
392840549,392840549,40,0,0,20003,1500,1500,1307,1499,2001,2000,1500,1500,0,0,0,0,0,0,0,0,0,0,8,0,0,2
393350337,393350337,40,0,0,20003,1500,1500,1307,1500,2000,2000,1500,1500,0,0,0,0,0,0,0,0,0,0,8,0,0,2
393842540,393842540,40,0,0,20003,1500,1500,1307,1500,2000,2000,1500,1500,0,0,0,0,0,0,0,0,0,0,8,0,0,2
394342529,394342529,40,0,0,20002,1501,1500,1307,1499,2000,2001,1500,1500,0,0,0,0,0,0,0,0,0,0,8,0,0,2
394835690,394835690,40,0,0,20002,1500,1500,1308,1499,2000,2000,1500,1501,0,0,0,0,0,0,0,0,0,0,8,0,0,2
