timestamp,x,y,z,yaw,yawspeed,vx,vy,vz,acceleration[0],acceleration[1],acceleration[2],jerk[0],jerk[1],jerk[2],thrust[0],thrust[1],thrust[2]
258843768,0.6757418,0.3179971,0.37577358,-2.4789534,0.0,0.0,1.1485876e-05,0.69918025,0.0,0.00056934357,-0.08098024,0.0,0.0,-4.0,nan,nan,nan
258863820,0.6761297,0.31770122,0.37611073,-2.4789534,0.0,-1.5228214e-05,7.648668e-07,0.69919556,-0.00076293945,3.8146973e-05,-0.08022117,0.0,0.0,-4.0,nan,nan,nan
259043635,0.6791255,0.31576467,0.3794586,-2.4789534,0.0,-4.056083e-06,1.4627565e-05,0.6992153,-0.00020503998,0.0007419586,-0.079230174,0.0,0.0,-4.0,nan,nan,nan
259243754,0.6820793,0.31449506,0.38204703,-2.4789534,0.0,-7.713619e-06,1.6792199e-05,0.6991945,-0.00038528442,0.00084114075,-0.08027498,0.0,0.0,-4.0,nan,nan,nan
259443733,0.6836215,0.31385666,0.382906,-2.4789534,0.0,-9.900862e-06,1.8007062e-05,0.69920087,-0.0004968643,0.0009059906,-0.0799552,0.0,0.0,-4.0,nan,nan,nan
259643418,0.68330586,0.3127713,0.38554022,-2.4789534,0.0,-8.1774715e-06,1.892706e-05,0.6992152,-0.00041389465,0.0009613037,-0.07923645,0.0,0.0,-4.0,nan,nan,nan
259843421,0.68875235,0.3074614,0.39079046,-2.4789534,0.0,-8.18827e-05,5.1951596e-05,0.69683915,-0.0024604797,0.001988411,-0.15901761,0.0,0.0,-4.0,nan,nan,nan
260043382,0.68868697,0.30751142,0.3954925,-2.4789534,0.0,-0.0005737885,0.00044932603,0.61145014,-0.0024614334,0.001988411,-0.5,0.0,0.0,0.0,nan,nan,nan
260243299,0.688524,0.30764034,0.39814126,-2.4789534,0.0,-0.0010640925,0.00084540655,0.51185286,-0.0024614334,0.001988411,-0.5,0.0,0.0,0.0,nan,nan,nan
260443237,0.6882645,0.30784723,0.40100303,-2.4789534,0.0,-0.0015524648,0.0012399268,0.41264793,-0.0024614334,0.001988411,-0.5,0.0,0.0,0.0,nan,nan,nan
260643500,0.6879086,0.3081319,0.40472877,-2.4789534,0.0,-0.0020401895,0.0016339237,0.3135746,-0.0024614334,0.001988411,-0.5,0.0,0.0,0.0,nan,nan,nan
260843440,0.687457,0.3084939,0.4072543,-2.4789534,0.0,-0.0025270258,0.0020272029,0.2146818,-0.0024614334,0.001988411,-0.5,0.0,0.0,0.0,nan,nan,nan
261043391,0.6869098,0.3089333,0.40522856,-2.4789534,0.0,-0.0030133466,0.002420066,0.11589365,-0.0024614334,0.001988411,-0.5,0.0,0.0,0.0,nan,nan,nan
261243341,0.6862642,0.30945197,0.3730382,-2.4789534,0.0,-0.0035012166,0.0028141807,0.016790811,-0.0024614334,0.001988411,-0.5,0.0,0.0,0.0,nan,nan,nan
261443188,0.6855168,0.31005284,0.3063693,-2.4789534,0.0,-0.0039922665,0.0032108638,-0.082957946,-0.0024614334,0.001988411,-0.5,0.0,0.0,0.0,nan,nan,nan
261643054,0.68466955,0.31073433,0.242823,-2.4789534,0.0,-0.0044842283,0.0036082838,-0.18289194,-0.0024614334,0.001988411,-0.5,0.0,0.0,0.0,nan,nan,nan
261843041,0.6837237,0.31149566,0.16891325,-2.4789534,0.0,-0.0049764803,0.0040059383,-0.28288496,-0.0024614334,0.001988411,-0.5,0.0,0.0,0.0,nan,nan,nan
262043004,nan,nan,nan,-2.3791106,0.0,0.01970746,-0.013331536,-0.30804244,0.631576,-0.28788766,0.631576,8.0,0.0,8.0,nan,nan,nan
262242926,nan,nan,nan,-2.3791106,0.0,0.3059981,0.041054264,-0.021751802,2.231488,0.43927455,2.231488,8.0,0.0,8.0,nan,nan,nan
262443325,nan,nan,nan,-2.3791106,0.0,0.7985331,0.18430036,0.4852881,1.9139851,0.7885462,2.0742311,-8.0,0.0,-8.0,nan,nan,nan
262643170,nan,nan,nan,-2.3791106,0.0,1.0212829,0.21881866,0.7400631,0.31518513,-0.32858986,0.47543114,-8.0,0.0,-8.0,nan,nan,nan
262843051,nan,nan,nan,-2.3791106,0.0,0.924483,0.1460895,0.67529213,-1.2837989,-0.38082904,-1.1235528,-8.0,0.0,-8.0,nan,nan,nan
263043165,nan,nan,nan,-2.3791106,0.0,0.50750107,0.06989436,0.30550075,-2.8844151,-0.38082904,-2.0472345,-8.0,0.0,8.0,nan,nan,nan
263242991,nan,nan,nan,-2.3791106,0.0,0.07235435,-0.011969304,0.05540164,-1.3800658,-0.602933,-0.45252883,8.0,0.0,8.0,nan,nan,nan
263442929,nan,nan,nan,-2.3791106,0.0,-0.043657724,-0.22142486,0.10090484,0.21997419,-1.2096726,0.29563743,8.0,0.0,-8.0,nan,nan,nan
263642762,nan,nan,nan,-2.3791106,0.0,0.16002421,-0.48915234,0.13877867,1.8185983,-1.3915344,-0.18711334,8.0,0.0,-8.0,nan,nan,nan
263842757,nan,nan,nan,-2.3791106,0.0,0.50312704,-0.66505855,0.12986335,1.0200142,-0.111590415,-0.078868166,-8.0,8.0,8.0,nan,nan,nan
264042864,nan,nan,nan,-2.3791106,0.0,0.54710317,-0.52760965,0.1295689,-0.58035386,1.4193059,-0.038846448,-8.0,0.0,8.0,nan,nan,nan
264242941,nan,nan,nan,-2.3791106,0.0,0.2711961,-0.2436605,0.1294746,-2.0830598,1.4193059,0.0,8.0,0.0,0.0,nan,nan,nan
264442714,nan,nan,nan,-2.3791106,0.0,0.014512638,-0.014653268,0.13061409,-0.4856091,0.48420376,0.04092644,8.0,-8.0,-8.0,nan,nan,nan
264642689,0.76891613,0.36887187,nan,-2.3791106,0.0,0.0,-1.2040453e-11,0.12992652,0.0,0.0,-0.07846977,0.0,0.0,-8.0,nan,nan,nan
264842724,0.76891613,0.36887187,nan,-2.3791106,0.0,0.0,-1.2040453e-11,0.13026732,0.0,0.0,0.080684856,0.0,0.0,8.0,nan,nan,nan
265042487,0.76891613,0.36887187,nan,-2.3791106,0.0,0.0,-1.2040453e-11,0.13061276,0.0,0.0,0.041189253,0.0,0.0,-8.0,nan,nan,nan
265242451,0.76891613,0.36887187,nan,-2.3791106,0.0,0.0,-1.2040453e-11,0.13024491,0.0,0.0,-0.081235886,0.0,0.0,-8.0,nan,nan,nan
265442475,0.76891613,0.36887187,nan,-2.3791106,0.0,0.0,-1.2040453e-11,0.12957028,0.0,0.0,-0.03912644,0.0,0.0,8.0,nan,nan,nan
265642429,nan,nan,nan,-2.3791106,0.0,0.027639091,-0.099914186,0.13161348,-0.95893604,0.95893604,0.07534954,-8.0,8.0,-8.0,nan,nan,nan
265842379,nan,nan,nan,-2.3791106,0.0,-0.20217277,0.20156129,0.13322322,-1.1993217,1.2912779,0.0,8.0,-8.0,0.0,nan,nan,nan
266042577,nan,nan,nan,-2.3791106,0.0,-0.2819749,0.2997689,0.13206299,0.4019183,-0.30996215,-0.038920928,8.0,-8.0,8.0,nan,nan,nan
266242419,nan,nan,nan,-2.3791106,0.0,-0.096908316,0.098411724,0.13280842,0.9429697,-1.1006528,0.079399645,0.0,8.0,8.0,nan,nan,nan
266442386,nan,nan,nan,-2.3791106,0.0,-0.009526404,0.011375465,0.13322322,-0.31989545,0.33374202,0.0,-8.0,8.0,0.0,nan,nan,nan
266642529,nan,nan,nan,-2.3791106,0.0,-0.20813012,0.22184914,0.13235633,-1.2831413,1.2106903,-0.078792326,0.0,-8.0,8.0,nan,nan,nan
266842219,nan,nan,nan,-2.3791106,0.0,-0.30482376,0.3040676,0.13240911,0.31520277,-0.38765377,0.0804411,8.0,-8.0,8.0,nan,nan,nan
267042135,nan,nan,nan,-2.3791106,0.0,-0.081944,0.17058563,0.13196832,1.9145308,-0.2282858,0.0,8.0,8.0,0.0,nan,nan,nan
267242087,nan,nan,nan,-2.3791106,0.0,0.17130001,0.28486538,0.13196832,0.47467482,1.3713461,0.0,-8.0,8.0,0.0,nan,nan,nan
267442034,nan,nan,nan,-2.3791106,0.0,0.10631033,0.6615475,0.13196832,-1.1247891,2.012578,0.0,-8.0,0.0,0.0,nan,nan,nan
267642075,nan,nan,nan,-2.3791106,0.0,-0.2467375,1.0385672,0.13081656,-1.764413,1.372922,-0.03955494,8.0,-8.0,8.0,nan,nan,nan
267842329,nan,nan,nan,-2.3791106,0.0,-0.43964446,1.1531178,0.1307188,-0.16322094,-0.22827013,0.0,8.0,-8.0,0.0,nan,nan,nan
268042280,nan,nan,nan,-2.3791106,0.0,-0.31224698,0.9474105,0.13187209,1.4370111,-1.8285022,0.03923495,8.0,-8.0,-8.0,nan,nan,nan
268242056,nan,nan,nan,-2.3791106,0.0,0.09255581,0.42238194,0.12988083,2.4257178,-3.4269345,-0.08062114,0.0,-8.0,8.0,nan,nan,nan
268442104,nan,nan,nan,-2.3791106,0.0,0.49910533,-0.25019705,0.12701336,1.3045578,-2.6757114,-0.013415828,-8.0,8.0,8.0,nan,nan,nan
268641867,nan,nan,nan,-2.3791106,0.0,0.60006464,-0.6251649,0.12775189,-0.29414624,-1.0770074,0.07621053,-8.0,8.0,8.0,nan,nan,nan
268841881,nan,nan,nan,-2.3791106,0.0,0.4382076,-0.6805602,0.09971447,-0.9392979,0.5230885,-0.17739873,0.0,8.0,8.0,nan,nan,nan
269041766,nan,nan,nan,-2.3791106,0.0,0.2505246,-0.41634145,0.07075459,-0.9392979,2.1215844,-0.07451559,0.0,8.0,-8.0,nan,nan,nan
269241695,nan,nan,nan,-2.3791106,0.0,0.06266221,-0.062918566,0.070190616,-0.9392979,1.0033432,-0.041909706,0.0,-8.0,8.0,nan,nan,nan
269441731,0.8847794,0.3290283,nan,-2.3791106,0.0,0.0,-1.0283347e-11,0.07067047,0.0,0.0,0.08305757,0.0,0.0,-8.0,nan,nan,nan
269641939,0.8847794,0.3290283,nan,-2.3791106,0.0,0.0,-1.0283347e-11,0.07110162,0.0,0.0,0.0,0.0,0.0,0.0,nan,nan,nan
269841860,0.8847794,0.3290283,nan,-2.3791106,0.0,0.0,-1.0283347e-11,0.071749076,0.0,0.0,-0.07761042,0.0,0.0,-8.0,nan,nan,nan
270041755,0.8847794,0.3290283,nan,-2.3791106,0.0,0.0,-1.0283347e-11,0.07121666,0.0,0.0,-0.042902242,0.0,0.0,8.0,nan,nan,nan
270241791,0.8847794,0.3290283,nan,-2.3791106,0.0,0.0,-1.0283347e-11,0.071874864,0.0,0.0,0.06333015,0.0,0.0,-8.0,nan,nan,nan
270441595,0.8847794,0.3290283,nan,-2.3791106,0.0,0.0,-1.0283347e-11,0.06906545,0.0,0.0,-0.0060584843,0.0,0.0,8.0,nan,nan,nan
270641477,0.8847794,0.3290283,nan,-2.3791106,0.0,0.0,-1.0283347e-11,0.0620225,0.0,0.0,0.0,0.0,0.0,0.0,nan,nan,nan
270841515,0.8847794,0.3290283,nan,-2.3791106,0.0,0.0,-1.0283347e-11,0.06237454,0.0,0.0,-0.075051114,0.0,0.0,8.0,nan,nan,nan
271041434,0.8847794,0.3290283,nan,-2.3791106,0.0,0.0,-1.0283347e-11,0.062043574,0.0,0.0,-0.01836288,0.0,0.0,8.0,nan,nan,nan
271236483,0.8847794,0.3290283,nan,-2.3791106,0.0,0.0,-1.0283347e-11,0.062431917,0.0,0.0,0.080936,0.0,0.0,8.0,nan,nan,nan
271436537,nan,nan,nan,-2.3791106,0.0,0.026597293,-0.13830006,0.062897526,-0.37562406,1.120464,0.044213954,0.0,8.0,-8.0,nan,nan,nan
271636578,nan,nan,nan,-2.3791106,0.0,-0.16248852,0.18261454,0.06282192,-1.5663302,1.5714827,0.05625549,0.0,-8.0,-8.0,nan,nan,nan
271836375,nan,nan,nan,-2.3791106,0.0,-0.31576338,0.33691856,0.0630472,0.03150171,-0.026349247,-0.0209743,8.0,-8.0,8.0,nan,nan,nan
272036226,nan,nan,nan,-2.3791106,0.0,-0.15998514,0.17177553,0.06344003,1.2230569,-1.6257253,0.08200839,0.0,-8.0,8.0,nan,nan,nan
272236396,0.7137015,0.7010783,nan,-2.3791106,0.0,-0.00020052097,6.071292e-05,0.06401971,0.05664541,-0.057644382,0.0,-8.0,8.0,0.0,nan,nan,nan
272436236,0.713701,0.7010771,nan,-2.3791106,0.0,-1.8122712e-11,0.0,0.06301971,0.0,0.0,0.0,0.0,0.0,0.0,nan,nan,nan
272636247,0.713701,0.7010771,nan,-2.3791106,0.0,-1.8122712e-11,0.0,0.036942337,0.0,0.0,0.0,0.0,0.0,0.0,nan,nan,nan
272836340,0.713701,0.7010771,nan,-2.3791106,0.0,-1.8122712e-11,0.0,0.03703601,0.0,0.0,-0.038712785,0.0,0.0,8.0,nan,nan,nan
273036458,0.713701,0.7010771,nan,-2.3791106,0.0,-1.8122712e-11,0.0,0.028595377,0.0,0.0,-0.023050532,0.0,0.0,8.0,nan,nan,nan
273236264,0.713701,0.7010771,nan,-2.3791106,0.0,-1.8122712e-11,0.0,0.008151164,0.0,0.0,0.07035197,0.0,0.0,-8.0,nan,nan,nan
273436156,0.713701,0.7010771,nan,-2.3791106,0.0,-1.8122712e-11,0.0,0.008460502,0.0,0.0,0.0,0.0,0.0,0.0,nan,nan,nan
273636138,0.713701,0.7010771,nan,-2.3791106,0.0,-1.8122712e-11,0.0,0.00936679,0.0,0.0,0.0,0.0,0.0,0.0,nan,nan,nan
273835907,0.713701,0.7010771,nan,-2.3791106,0.0,-1.8122712e-11,0.0,0.00936679,0.0,0.0,0.0,0.0,0.0,0.0,nan,nan,nan
274035874,0.713701,0.7010771,nan,-2.3791106,0.0,-1.8122712e-11,0.0,0.010273509,0.0,0.0,0.0,0.0,0.0,0.0,nan,nan,nan
274235865,0.713701,0.7010771,nan,-2.3791106,0.0,-1.8122712e-11,0.0,0.010273509,0.0,0.0,0.0,0.0,0.0,0.0,nan,nan,nan
274435842,0.713701,0.7010771,nan,-2.3791106,0.0,-1.8122712e-11,0.0,0.010273509,0.0,0.0,0.0,0.0,0.0,0.0,nan,nan,nan
274635955,0.713701,0.7010771,nan,-2.3791106,0.0,-1.8122712e-11,0.0,0.010273509,0.0,0.0,0.0,0.0,0.0,0.0,nan,nan,nan
274835868,0.713701,0.7010771,nan,-2.3791106,0.0,-1.8122712e-11,0.0,0.010273509,0.0,0.0,0.0,0.0,0.0,0.0,nan,nan,nan
275036084,0.713701,0.7010771,nan,-2.3791106,0.0,-1.8122712e-11,0.0,0.010273509,0.0,0.0,0.0,0.0,0.0,0.0,nan,nan,nan
275235871,0.713701,0.7010771,nan,-2.3791106,0.0,-1.8122712e-11,0.0,0.010273509,0.0,0.0,0.0,0.0,0.0,0.0,nan,nan,nan
275435711,0.713701,0.7010771,nan,-2.3791106,0.0,-1.8122712e-11,0.0,0.010273509,0.0,0.0,0.0,0.0,0.0,0.0,nan,nan,nan
275635602,0.713701,0.7010771,nan,-2.3791106,0.0,-1.8122712e-11,0.0,0.009373625,0.0,0.0,-0.010457918,0.0,0.0,8.0,nan,nan,nan
275835639,0.713701,0.7010771,nan,-2.3791106,0.0,-1.8122712e-11,0.0,0.010209614,0.0,0.0,0.03197372,0.0,0.0,-8.0,nan,nan,nan
276035550,0.713701,0.7010771,nan,-2.3791106,0.0,-1.8122712e-11,0.0,0.009805852,0.0,0.0,-0.0838152,0.0,0.0,8.0,nan,nan,nan
276235547,0.713701,0.7010771,nan,-2.3791106,0.0,-1.8122712e-11,0.0,0.010972963,0.0,0.0,-0.057648472,0.0,0.0,-8.0,nan,nan,nan
276435632,0.713701,0.7010771,nan,-2.3791106,0.0,-1.8122712e-11,0.0,0.00985137,0.0,0.0,-0.07767693,0.0,0.0,-8.0,nan,nan,nan
276635622,nan,nan,nan,-2.3791106,0.0,0.019668207,-0.02241851,0.009596581,0.0,0.0,-0.060635448,0.0,0.0,8.0,nan,nan,nan
276835571,nan,nan,nan,-2.3791106,0.0,0.17952746,-0.18227777,0.010273508,1.599296,-1.599296,0.0,8.0,-8.0,0.0,nan,nan,nan
277035633,nan,nan,nan,-2.3791106,0.0,0.37004653,-0.40345687,0.010273509,0.15981607,-0.32116812,0.0,-8.0,8.0,0.0,nan,nan,nan
277235488,nan,nan,nan,-2.3791106,0.0,0.2488266,-0.30787578,0.010273509,-1.1138632,1.2776718,0.0,0.0,8.0,0.0,nan,nan,nan
277455369,nan,nan,nan,-2.3791106,0.0,0.037393533,0.030598063,0.010273509,-0.6353594,1.0849359,0.0,0.0,-8.0,0.0,nan,nan,nan
277635237,nan,nan,nan,-2.3791106,0.0,0.010994987,0.09633297,0.010273509,0.36963627,-0.35401613,0.0,8.0,-8.0,0.0,nan,nan,nan
277835303,nan,nan,nan,-2.3791106,0.0,0.2420574,-0.08522935,0.010273509,1.8835506,-1.1309978,0.0,-8.0,0.0,0.0,nan,nan,nan
278035246,nan,nan,nan,-2.3791106,0.0,0.50119144,-0.2604034,0.010273509,0.92007315,-0.17258976,0.0,0.0,8.0,0.0,nan,nan,nan
278235291,nan,nan,nan,-2.3791106,0.0,0.52517486,-0.21313028,0.010273509,-0.6802948,0.30867425,0.0,-8.0,0.0,0.0,nan,nan,nan
278435231,nan,nan,nan,-2.3791106,0.0,0.40197572,-0.2537151,0.010273509,-0.039566845,-0.97070974,0.0,8.0,-8.0,0.0,nan,nan,nan
278635362,nan,nan,nan,-2.3791106,0.0,0.39238253,-0.4287729,0.010273509,-0.22493342,-0.18045926,0.0,0.0,8.0,0.0,nan,nan,nan
278855149,nan,nan,nan,-2.3791106,0.0,0.41688102,-0.4516019,0.010273509,0.09983462,-0.027291283,0.0,-8.0,8.0,0.0,nan,nan,nan
279035080,nan,nan,nan,-2.3791106,0.0,0.30538252,-0.3270527,0.0321651,-1.3393812,1.4119246,0.30242187,-8.0,8.0,-8.0,nan,nan,nan
279234960,nan,nan,nan,-2.3791106,0.0,0.039006524,-0.039021313,0.09998333,-0.7903201,0.79015225,0.0,8.0,-8.0,0.0,nan,nan,nan
279434934,nan,nan,nan,-2.3791106,0.0,0.02342436,-0.028960697,0.13071878,0.159992,-0.159992,0.0,8.0,-8.0,0.0,nan,nan,nan
279634910,nan,nan,nan,-2.3791106,0.0,0.1219456,-0.12766993,0.1302831,0.03297554,-0.03297554,0.07957189,-8.0,8.0,8.0,nan,nan,nan
279835121,nan,nan,nan,-2.3791106,0.0,0.016833642,-0.01776905,0.15677881,-0.37178165,0.38345355,0.0,8.0,-8.0,0.0,nan,nan,nan
280034957,nan,nan,nan,-2.3791106,0.0,0.09868508,-0.10088015,0.15677881,1.0456609,-1.2152425,0.0,0.0,-8.0,0.0,nan,nan,nan
280255039,nan,nan,nan,-2.3791106,0.0,0.34775957,-0.36546847,0.15677881,0.68695456,-0.6871186,0.0,-8.0,8.0,0.0,nan,nan,nan
280454837,nan,nan,nan,-2.3791106,0.0,0.325498,-0.34307367,0.15677881,-0.8766363,0.9112894,0.0,0.0,8.0,0.0,nan,nan,nan
280634921,nan,nan,nan,-2.3791106,0.0,0.22542228,-0.049236976,0.15677881,0.08498767,2.3519857,0.0,8.0,8.0,0.0,nan,nan,nan
280834703,nan,nan,nan,-2.3791106,0.0,0.30614814,0.31783682,0.2436089,0.44470382,1.053461,0.47905195,0.0,-8.0,-8.0,nan,nan,nan
281044879,nan,nan,nan,-2.3791106,0.0,0.3080647,0.36250988,0.24217047,-0.22846651,-0.62849915,0.0,0.0,-8.0,0.0,nan,nan,nan
281234651,nan,nan,nan,-2.3791106,0.0,0.124476925,0.1244769,0.19439623,-1.4112514,-1.4112514,0.0,8.0,8.0,0.0,nan,nan,nan
281434637,1.0748826,0.84071267,nan,-2.3791106,0.0,-9.19681e-09,-3.1548552e-08,0.1959363,0.0,0.0,0.0,0.0,0.0,0.0,nan,nan,nan
281654778,1.0748826,0.84071267,nan,-2.3791106,0.0,-9.19681e-09,-3.1548552e-08,0.19722836,0.0,0.0,0.06391114,0.0,0.0,-8.0,nan,nan,nan
281854675,1.0748826,0.84071267,nan,-2.3791106,0.0,-9.19681e-09,-3.1548552e-08,0.1959363,0.0,0.0,0.0,0.0,0.0,0.0,nan,nan,nan
282034617,1.0748826,0.84071267,nan,-2.3791106,0.0,-9.19681e-09,-3.1548552e-08,0.1961875,0.0,0.0,0.05162561,0.0,0.0,8.0,nan,nan,nan
282234787,1.0748826,0.84071267,nan,-2.3791106,0.0,-9.19681e-09,-3.1548552e-08,0.1959363,0.0,0.0,0.0,0.0,0.0,0.0,nan,nan,nan
282434641,1.0748826,0.84071267,nan,-2.3791106,0.0,-9.19681e-09,-3.1548552e-08,0.1902579,0.0,0.0,-0.17662144,0.0,0.0,8.0,nan,nan,nan
282644565,1.0748826,0.84071267,nan,-2.3791106,0.0,-9.19681e-09,-3.1548552e-08,0.17375809,0.0,0.0,-0.053658873,0.0,0.0,8.0,nan,nan,nan
282844477,1.0748826,0.84071267,nan,-2.3791106,0.0,-9.19681e-09,-3.1548552e-08,0.17483342,0.0,0.0,0.05470799,0.0,0.0,-8.0,nan,nan,nan
283044436,nan,nan,nan,-2.3791106,0.0,-0.10915483,0.15417886,0.17483231,-1.2934737,0.80127203,0.054867983,-8.0,8.0,-8.0,nan,nan,nan
283244540,nan,nan,nan,-2.3791106,0.0,-0.38803837,0.40438223,0.17358373,-1.00968,0.9022282,-0.0094509125,8.0,-8.0,8.0,nan,nan,nan
283444249,nan,nan,nan,-2.3791106,0.0,-0.43014634,0.42503121,0.17502047,0.58798397,-0.6954358,0.0,8.0,-8.0,0.0,nan,nan,nan
283644149,nan,nan,nan,-2.3791106,0.0,-0.16300157,0.16256699,0.17502047,1.6149383,-1.5315535,0.0,-8.0,0.0,0.0,nan,nan,nan
283844126,1.0144424,0.7184409,nan,-2.3791106,0.0,-1.4268793e-05,-0.00017653382,0.17502047,0.01512222,-0.016129062,0.0,-8.0,8.0,0.0,nan,nan,nan
284044191,1.0144424,0.7184395,nan,-2.3791106,0.0,-1.7347235e-18,0.0,0.17502047,0.0,0.0,0.0,0.0,0.0,0.0,nan,nan,nan
284244234,1.0144424,0.7184395,nan,-2.3791106,0.0,-1.7347235e-18,0.0,0.17502047,0.0,0.0,0.0,0.0,0.0,0.0,nan,nan,nan
284444195,nan,nan,nan,-2.3791106,0.0,-0.082567416,0.07539496,0.17502047,0.57220167,-0.6603613,0.0,8.0,0.0,0.0,nan,nan,nan
284644132,nan,nan,nan,-2.3791106,0.0,-0.007918197,-0.014661899,0.17502047,-0.35593694,-0.30227974,0.0,-8.0,0.0,0.0,nan,nan,nan
284844116,nan,nan,nan,-2.3791106,0.0,-0.08870142,-0.083173424,0.17502047,-0.6944052,-0.64593565,0.0,0.0,-8.0,0.0,nan,nan,nan
285043960,nan,nan,nan,-2.3791106,0.0,-0.1104177,-0.10609753,0.17501813,0.53073215,0.4799863,0.0061279424,-8.0,0.0,-8.0,nan,nan,nan
285243903,nan,nan,nan,-2.3791106,0.0,-0.09281292,-0.08865369,0.17357814,0.0,0.0,0.0,0.0,0.0,0.0,nan,nan,nan
285443929,nan,nan,nan,-2.3791106,0.0,-0.021018637,-0.019076537,0.17376328,0.469706,0.63060737,-0.05442798,-8.0,0.0,8.0,nan,nan,nan
285643787,nan,nan,nan,-2.3791106,0.0,-0.08086944,0.1053572,0.173768,-0.71549475,0.47088736,-0.055115983,8.0,-8.0,8.0,nan,nan,nan
285843770,nan,nan,nan,-2.3791106,0.0,-0.10770623,0.11393102,0.17502047,0.07306837,-0.11146726,0.0,0.0,-8.0,0.0,nan,nan,nan
286044088,nan,nan,nan,-2.3791106,0.0,-0.11011517,0.11371274,0.17502047,-0.36621463,0.2787379,0.0,0.0,-8.0,0.0,nan,nan,nan
286243982,nan,nan,nan,-2.3791106,0.0,-0.2936509,0.31140956,0.17502047,-1.1326363,1.1326363,0.0,8.0,-8.0,0.0,nan,nan,nan
286443793,nan,nan,nan,-2.3791106,0.0,-0.40040922,0.38408035,0.17502047,0.2232024,-0.15458868,0.0,8.0,0.0,0.0,nan,nan,nan
286643788,nan,nan,nan,-2.3791106,0.0,-0.2553653,0.19956163,0.17502047,1.2048824,-1.4347565,0.0,8.0,0.0,0.0,nan,nan,nan
286843815,nan,nan,nan,-2.3791106,0.0,-0.017085101,-0.008804265,0.17502047,0.5228399,-0.3131566,0.0,-8.0,8.0,0.0,nan,nan,nan
287043571,1.1593673,0.76793694,nan,-2.3791106,0.0,0.0,-6.352747e-22,0.17502047,0.0,0.0,0.0,0.0,0.0,0.0,nan,nan,nan
287243530,1.1593673,0.76793694,nan,-2.3791106,0.0,0.0,-6.352747e-22,0.17502047,0.0,0.0,0.0,0.0,0.0,0.0,nan,nan,nan
287443477,nan,nan,nan,-2.3791106,0.0,-0.09069704,-0.0054917093,0.17502047,-0.392876,-0.63797605,0.0,-8.0,-8.0,0.0,nan,nan,nan
287643446,nan,nan,nan,-2.3791106,0.0,-0.22518438,-0.21331139,0.17502047,-0.2333993,-0.64049613,0.0,8.0,8.0,0.0,nan,nan,nan
287843446,nan,nan,nan,-2.3791106,0.0,-0.15137243,-0.18140969,0.17474899,0.851632,0.9595119,-0.056187987,8.0,8.0,-8.0,nan,nan,nan
288043545,nan,nan,nan,-2.3791106,0.0,-0.0016495885,-0.002638145,0.1737663,0.16246076,0.20545097,-0.054869086,-8.0,-8.0,8.0,nan,nan,nan
288243567,nan,nan,nan,-2.3791106,0.0,-0.019473027,-0.021579226,0.1742899,-0.320696,-0.28693923,0.106714904,-8.0,0.0,8.0,nan,nan,nan
288443510,nan,nan,nan,-2.3791106,0.0,-0.006454896,-0.0064548557,0.1744803,0.3213696,0.3217278,-0.09296562,-8.0,-8.0,-8.0,nan,nan,nan
288643504,nan,nan,nan,-2.3791106,0.0,-0.047605734,0.035314154,0.17359792,-0.64144,0.801368,-0.017786574,0.0,8.0,8.0,nan,nan,nan
288843272,nan,nan,nan,-2.3791106,0.0,-0.03233166,0.038908936,0.17425397,0.3140912,-0.47982404,0.10398801,-8.0,8.0,8.0,nan,nan,nan
289043273,nan,nan,nan,-2.3791106,0.0,-0.08643313,0.08641378,0.17502047,-0.29186937,0.39290532,0.0,8.0,-8.0,0.0,nan,nan,nan
289243181,nan,nan,nan,-2.3791106,0.0,-0.09950996,0.10502807,0.17502047,-0.066825345,0.1602959,0.0,-8.0,8.0,0.0,nan,nan,nan
289443201,nan,nan,nan,-2.3791106,0.0,-0.2182333,0.22871375,0.17502047,-0.3712579,0.3712579,0.0,8.0,-8.0,0.0,nan,nan,nan
289643134,nan,nan,nan,-2.3791106,0.0,-0.21768926,0.22798713,0.17502047,-0.1701524,0.17015238,0.0,8.0,-8.0,0.0,nan,nan,nan
289843247,nan,nan,nan,-2.3791106,0.0,-0.099873915,0.10259672,0.17502046,1.0691885,-1.2766497,0.0,0.0,8.0,0.0,nan,nan,nan
290043215,1.4585103,0.7898788,nan,-2.3791106,0.0,-7.2143985e-11,-6.806448e-14,0.17502046,0.0,0.0,0.0,0.0,0.0,0.0,nan,nan,nan
290243208,1.4585103,0.7898788,nan,-2.3791106,0.0,-7.2143985e-11,-6.806448e-14,0.17502046,0.0,0.0,0.0,0.0,0.0,0.0,nan,nan,nan
290443276,1.4585103,0.7898788,nan,-2.3791106,0.0,-7.2143985e-11,-6.806448e-14,0.17502047,0.0,0.0,0.0,0.0,0.0,0.0,nan,nan,nan
290643050,1.4585103,0.7898788,nan,-2.3791106,0.0,-7.2143985e-11,-6.806448e-14,0.17502047,0.0,0.0,0.0,0.0,0.0,0.0,nan,nan,nan
290842926,1.4585103,0.7898788,nan,-2.3791106,0.0,-7.2143985e-11,-6.806448e-14,0.17502046,0.0,0.0,0.0,0.0,0.0,0.0,nan,nan,nan
291042973,1.4585103,0.7898788,nan,-2.3791106,0.0,-7.2143985e-11,-6.806448e-14,0.17502047,0.0,0.0,0.0,0.0,0.0,0.0,nan,nan,nan
291242857,1.4585103,0.7898788,nan,-2.3791106,0.0,-7.2143985e-11,-6.806448e-14,0.17502046,0.0,0.0,0.0,0.0,0.0,0.0,nan,nan,nan
291443103,1.4585103,0.7898788,nan,-2.3791106,0.0,-7.2143985e-11,-6.806448e-14,0.17502046,0.0,0.0,0.0,0.0,0.0,0.0,nan,nan,nan
291643084,nan,nan,nan,-2.3791106,0.0,-0.17143092,0.13738024,0.06506833,1.1202639,-0.35879534,-0.4181397,8.0,0.0,8.0,nan,nan,nan
291842827,nan,nan,nan,-2.3791106,0.0,0.0681808,0.06569867,0.03882198,0.62723345,-0.3587954,0.0,-8.0,0.0,0.0,nan,nan,nan
292042814,nan,nan,nan,-2.3791106,0.0,0.035184436,-0.0044517806,0.038821977,-0.75030065,-0.1985794,0.0,8.0,8.0,0.0,nan,nan,nan
292242685,nan,nan,nan,-2.3791106,0.0,0.045011368,-0.08019933,0.038821977,0.8486353,-0.78051883,0.0,8.0,0.0,0.0,nan,nan,nan
292442691,nan,nan,nan,-2.3791106,0.0,0.2506271,-0.26431185,0.03882198,0.86118424,-0.86118424,0.0,-8.0,8.0,0.0,nan,nan,nan
292642526,nan,nan,nan,-2.3791106,0.0,0.26298577,-0.27667052,0.038771834,-0.7374958,0.7374958,0.028327025,-8.0,8.0,-8.0,nan,nan,nan
292842494,nan,nan,nan,-2.3791106,0.0,0.042581026,-0.042609368,0.038894754,-0.8261603,0.82568157,-0.03412227,8.0,-8.0,8.0,nan,nan,nan
293042461,nan,nan,nan,-2.3791106,0.0,0.037327293,0.122503825,0.03893174,0.7736157,0.82568157,-0.04190608,8.0,0.0,8.0,nan,nan,nan
293242616,nan,nan,nan,-2.3791106,0.0,0.2745877,0.2732767,0.038919523,1.0542986,0.34420156,-0.03950551,0.0,-8.0,8.0,nan,nan,nan
293442593,nan,nan,nan,-2.3791106,0.0,0.35585657,0.18214464,0.038821977,-0.3521575,-1.2556225,0.0,0.0,-8.0,0.0,nan,nan,nan
293642535,nan,nan,nan,-2.3791106,0.0,0.33238032,-0.19220084,0.039705463,0.21176204,-1.8011196,0.030716453,0.0,8.0,-8.0,nan,nan,nan
293842542,nan,nan,nan,-2.3791106,0.0,0.395481,-0.43029714,0.039719343,0.37102622,-0.489708,0.026860278,0.0,8.0,-8.0,nan,nan,nan
294042606,nan,nan,nan,-2.3791106,0.0,0.360528,-0.36825767,0.039764434,-0.9113258,1.1101559,0.0,-8.0,8.0,0.0,nan,nan,nan
294242291,nan,nan,nan,-2.3791106,0.0,0.07884816,-0.078884706,0.05970623,-1.1243758,1.123457,0.29165304,8.0,-8.0,-8.0,nan,nan,nan
294442194,nan,nan,nan,-2.3791106,0.0,0.013928798,-0.014149031,0.08986424,0.47488016,-0.47579902,0.05476972,8.0,-8.0,-8.0,nan,nan,nan
294642251,nan,nan,nan,-2.3791106,0.0,0.26023808,-0.26883963,0.09005172,1.700531,-1.9398414,0.0,0.0,8.0,0.0,nan,nan,nan
294842253,nan,nan,nan,-2.3791106,0.0,0.47070086,-0.49680004,0.08940952,0.26050693,-0.34002525,-0.084034465,-8.0,8.0,8.0,nan,nan,nan
295042196,nan,nan,nan,-2.3791106,0.0,0.36284646,-0.4048467,0.088968165,-1.3392291,1.2597108,0.0,-8.0,8.0,0.0,nan,nan,nan
295242288,nan,nan,nan,-2.3791106,0.0,0.079064265,-0.08346111,0.09650624,-1.1557952,1.1555854,0.32136,8.0,-8.0,8.0,nan,nan,nan
295437007,nan,nan,nan,-2.3791106,0.0,0.0056701303,-0.010107831,0.1621607,0.4019408,-0.4021506,-0.043010794,8.0,-8.0,-8.0,nan,nan,nan
295637043,nan,nan,nan,-2.3791106,0.0,0.13141686,-0.13589652,0.17071351,0.08635682,-0.08656663,0.0,-8.0,8.0,0.0,nan,nan,nan
295836981,nan,nan,nan,-2.3791106,0.0,0.020714754,-0.020729952,0.17195696,-0.5763522,0.575916,0.054491773,8.0,-8.0,-8.0,nan,nan,nan
296036994,1.9396751,0.5463316,nan,-2.3791106,0.0,-3.092282e-11,0.0,0.17143567,0.0,0.0,-0.106349334,0.0,0.0,-8.0,nan,nan,nan
296236949,1.9396751,0.5463316,nan,-2.3791106,0.0,-3.092282e-11,0.0,0.17190635,0.0,0.0,-0.05495578,0.0,0.0,-8.0,nan,nan,nan
296436982,1.9396751,0.5463316,nan,-2.3791106,0.0,-3.092282e-11,0.0,0.1714268,0.0,0.0,-0.10683046,0.0,0.0,8.0,nan,nan,nan
296636939,1.9396751,0.5463316,nan,-2.3791106,0.0,-3.092282e-11,0.0,0.17195556,0.0,0.0,-0.05341178,0.0,0.0,-8.0,nan,nan,nan
296837016,1.9396751,0.5463316,nan,-2.3791106,0.0,-3.092282e-11,0.0,0.17071351,0.0,0.0,-6.838143e-05,0.0,0.0,8.0,nan,nan,nan
297036848,1.9396751,0.5463316,nan,-2.3791106,0.0,-3.092282e-11,0.0,0.17214257,0.0,0.0,0.0,0.0,0.0,0.0,nan,nan,nan
297236969,1.9396751,0.5463316,nan,-2.3791106,0.0,-3.092282e-11,0.0,0.17074925,0.0,0.0,-0.02390993,0.0,0.0,8.0,nan,nan,nan
297436743,nan,nan,nan,-2.3791106,0.0,-0.054202184,0.015428697,0.17193359,0.158088,-0.10528594,-0.05253865,8.0,0.0,-8.0,nan,nan,nan
297636583,nan,nan,nan,-2.3791106,0.0,-0.028988328,0.029677544,0.1707135,-0.478376,0.478376,0.0,-8.0,8.0,0.0,nan,nan,nan
297836562,nan,nan,nan,-2.3791106,0.0,-0.14740497,0.15435688,0.17071353,-0.11137812,0.111378,0.0,8.0,-8.0,0.0,nan,nan,nan
298036585,nan,nan,nan,-2.3791106,0.0,-0.11978212,0.12507725,0.1714363,0.33267117,-0.33267117,-0.10630022,-8.0,8.0,-8.0,nan,nan,nan
298236848,nan,nan,nan,-2.3791106,0.0,-0.11286524,0.11816035,0.1707135,0.0,0.0,0.0,0.0,0.0,0.0,nan,nan,nan
298436571,nan,nan,nan,-2.3791106,0.0,-0.17455839,0.18280819,0.17214255,-0.1820987,0.18151625,0.0,8.0,-8.0,0.0,nan,nan,nan
298636562,nan,nan,nan,-2.3791106,0.0,-0.17658295,0.18486743,0.17053008,0.0,0.0,-0.054176077,0.0,0.0,-8.0,nan,nan,nan
298836660,nan,nan,nan,-2.3791106,0.0,-0.073853925,0.07550605,0.1708942,0.9365491,-1.0991347,0.053769052,0.0,8.0,8.0,nan,nan,nan
299036952,2.033827,0.50266236,nan,-2.3791106,0.0,-3.298315e-12,-3.2526065e-19,0.17071351,0.0,0.0,0.0,0.0,0.0,0.0,nan,nan,nan
299236354,2.033827,0.50266236,nan,-2.3791106,0.0,-3.298315e-12,-3.2526065e-19,0.17131072,0.0,0.0,-0.1153668,0.0,0.0,-8.0,nan,nan,nan
299436256,2.033827,0.50266236,nan,-2.3791106,0.0,-3.298315e-12,-3.2526065e-19,0.1719131,0.0,0.0,-0.053173892,0.0,0.0,-8.0,nan,nan,nan
299636356,nan,nan,nan,-2.3791106,0.0,-0.0020137834,0.040752295,0.17144033,0.62572706,-0.33813462,-0.10599622,-8.0,0.0,-8.0,nan,nan,nan
299836276,nan,nan,nan,-2.3791106,0.0,-0.03678948,0.04967827,0.17093484,-0.97362494,0.6323461,0.054602653,-8.0,0.0,8.0,nan,nan,nan
300036247,nan,nan,nan,-2.3791106,0.0,-0.10482949,0.19386226,0.1700983,-0.35663864,1.2929783,-0.113196224,-8.0,8.0,-8.0,nan,nan,nan
300236309,nan,nan,nan,-2.3791106,0.0,-0.2528802,0.4723064,0.17071351,-0.59484273,0.8251552,0.0,8.0,-8.0,0.0,nan,nan,nan
300436251,nan,nan,nan,-2.3791106,0.0,-0.22236659,0.4773815,0.17214255,0.5955934,-0.7743888,0.0,0.0,-8.0,0.0,nan,nan,nan
300636299,nan,nan,nan,-2.3791106,0.0,-0.10326103,0.1774089,0.17214255,0.5955934,-1.6847974,0.0,0.0,8.0,0.0,nan,nan,nan
300836439,2.066265,0.45842972,nan,-2.3791106,0.0,-0.0004318189,0.00035602087,0.17214255,0.083125606,-0.08438648,0.0,-8.0,8.0,0.0,nan,nan,nan
301036083,nan,nan,nan,-2.3791106,0.0,-0.0042515397,0.030335255,0.17214255,0.481184,-0.55800724,0.0,0.0,-8.0,0.0,nan,nan,nan
301235922,2.1496143,0.32167706,nan,-2.3791106,0.0,-2.2555469e-10,-7.2577677e-10,0.17139257,0.0,0.0,0.104236215,0.0,0.0,8.0,nan,nan,nan
301435888,2.1496143,0.32167706,nan,-2.3791106,0.0,-2.2555469e-10,-7.2577677e-10,0.1708992,0.0,0.0,-0.054507777,0.0,0.0,8.0,nan,nan,nan
301635948,2.1496143,0.32167706,nan,-2.3791106,0.0,-2.2555469e-10,-7.2577677e-10,0.17214257,0.0,0.0,0.0,0.0,0.0,0.0,nan,nan,nan
301835993,nan,nan,nan,-2.3791106,0.0,0.0067911358,0.0030474928,0.17214254,0.047343954,0.161272,0.0,0.0,8.0,0.0,nan,nan,nan
302035983,nan,nan,nan,-2.3791106,0.0,-0.0012620504,-0.0024693168,0.17088974,-0.2358828,-0.06083946,-0.05309978,0.0,8.0,8.0,nan,nan,nan
302235877,2.131443,0.34457356,nan,-2.3791106,0.0,-7.501812e-11,-5.684342e-14,0.17089224,0.0,0.0,-0.053475782,0.0,0.0,8.0,nan,nan,nan
302435985,2.131443,0.34457356,nan,-2.3791106,0.0,-7.501812e-11,-5.684342e-14,0.17214255,0.0,0.0,0.0,0.0,0.0,0.0,nan,nan,nan
302635683,2.131443,0.34457356,nan,-2.3791106,0.0,-7.501812e-11,-5.684342e-14,0.1719547,0.0,0.0,0.054820895,0.0,0.0,-8.0,nan,nan,nan
302835694,2.131443,0.34457356,nan,-2.3791106,0.0,-7.501812e-11,-5.684342e-14,0.17214255,0.0,0.0,0.0,0.0,0.0,0.0,nan,nan,nan
303035441,2.131443,0.34457356,nan,-2.3791106,0.0,-7.501812e-11,-5.684342e-14,0.17214255,0.0,0.0,0.0,0.0,0.0,0.0,nan,nan,nan
303235527,2.131443,0.34457356,nan,-2.3791106,0.0,-7.501812e-11,-5.684342e-14,0.15712468,0.0,0.0,-0.07438971,0.0,0.0,8.0,nan,nan,nan
303435545,2.131443,0.34457356,nan,-2.3791106,0.0,-7.501812e-11,-5.684342e-14,0.11731724,0.0,0.0,0.0,0.0,0.0,0.0,nan,nan,nan
303635616,2.131443,0.34457356,nan,-2.3791106,0.0,-7.501812e-11,-5.684342e-14,0.11702127,0.0,0.0,0.06881432,0.0,0.0,-8.0,nan,nan,nan
303835546,2.131443,0.34457356,nan,-2.3791106,0.0,-7.501812e-11,-5.684342e-14,0.117049806,0.0,0.0,0.06541398,0.0,0.0,-8.0,nan,nan,nan
304035534,2.131443,0.34457356,nan,-2.3791106,0.0,-7.501812e-11,-5.684342e-14,0.11731724,0.0,0.0,0.0,0.0,0.0,0.0,nan,nan,nan
304235532,2.131443,0.34457356,nan,-2.3791106,0.0,-7.501812e-11,-5.684342e-14,0.116129056,0.0,0.0,0.0,0.0,0.0,0.0,nan,nan,nan
304435699,2.131443,0.34457356,nan,-2.3791106,0.0,-7.501812e-11,-5.684342e-14,0.11668221,0.0,0.0,0.07357885,0.0,0.0,8.0,nan,nan,nan
304635276,nan,nan,nan,-2.3791106,0.0,0.09102898,-0.14959754,0.11698849,-0.317456,0.317456,0.07252583,-8.0,8.0,-8.0,nan,nan,nan
304835244,nan,nan,nan,-2.3791106,0.0,0.033861507,0.041301865,0.11612906,-0.00011199713,0.8982661,0.0,8.0,-8.0,0.0,nan,nan,nan
305035258,nan,nan,nan,-2.3791106,0.0,-0.0051245075,0.08217522,0.11731724,-0.1295465,0.018573955,0.0,8.0,8.0,0.0,nan,nan,nan
305235323,nan,nan,nan,-2.3791106,0.0,-0.057069853,0.039027527,0.11731724,-0.45677045,0.13220923,0.0,0.0,8.0,0.0,nan,nan,nan
305455340,nan,nan,nan,-2.3791106,0.0,-0.12009547,0.12553947,0.11731724,0.05393493,-2.2351742e-07,0.0,-8.0,0.0,0.0,nan,nan,nan
305635221,nan,nan,nan,-2.3791106,0.0,-0.11286525,0.11816036,0.11731724,0.0,0.0,0.0,0.0,0.0,0.0,nan,nan,nan
305835218,nan,nan,nan,-2.3791106,0.0,-0.16826566,0.17583047,0.11731724,-0.8449408,0.96058404,0.0,0.0,8.0,0.0,nan,nan,nan
306035190,nan,nan,nan,-2.3791106,0.0,-0.3279411,0.34593278,0.11731724,-0.92606676,0.9900921,0.0,0.0,-8.0,0.0,nan,nan,nan
306235310,nan,nan,nan,-2.3791106,0.0,-0.37971595,0.3980045,0.11731724,0.32585078,-0.32585078,0.0,-8.0,8.0,0.0,nan,nan,nan
306434994,nan,nan,nan,-2.3791106,0.0,-0.1863675,0.26093373,0.11731724,1.1419696,-0.6495956,0.0,-8.0,0.0,0.0,nan,nan,nan
306634959,nan,nan,nan,-2.3791106,0.0,-0.032387048,0.2607096,0.11731724,0.45789224,0.7836565,0.0,0.0,-8.0,0.0,nan,nan,nan
306854904,nan,nan,nan,-2.3791106,0.0,-0.051138256,0.27460328,0.11731724,-0.08738302,-0.6565515,0.0,8.0,0.0,0.0,nan,nan,nan
307034907,nan,nan,nan,-2.3791106,0.0,-0.043348964,0.12569751,0.11561234,-0.045904294,-0.38938951,-0.09092526,0.0,8.0,-8.0,nan,nan,nan
307234944,nan,nan,nan,-2.3791106,0.0,0.028812554,0.07109338,0.09552852,0.042811185,-0.042811185,0.0,-8.0,8.0,0.0,nan,nan,nan
307434868,nan,nan,nan,-2.3791106,0.0,-0.053922653,0.1369313,0.08647938,-0.4257033,0.10598324,-0.108735606,0.0,-8.0,8.0,nan,nan,nan
307634841,nan,nan,nan,-2.3791106,0.0,-0.092698805,0.101952344,0.08609117,0.3062604,0.046766505,-0.07491407,8.0,0.0,8.0,nan,nan,nan
307834853,nan,nan,nan,-2.3791106,0.0,-0.066664204,0.12877384,0.08612918,0.0010560006,0.42509806,-0.07886888,-8.0,0.0,8.0,nan,nan,nan
308035039,nan,nan,nan,-2.3791106,0.0,-0.06767168,0.22686085,0.08681257,0.27388012,0.40303499,0.0,0.0,-8.0,0.0,nan,nan,nan
308254710,nan,nan,nan,-2.3791106,0.0,-0.051663283,0.22180675,0.08681257,-0.045519143,-0.4686505,0.0,8.0,8.0,0.0,nan,nan,nan
308444796,nan,nan,nan,-2.3791106,0.0,0.022512512,0.086284205,0.08681257,0.67485684,-0.76587176,0.0,0.0,8.0,0.0,nan,nan,nan
308644833,nan,nan,nan,-2.3791106,0.0,0.029031014,0.06260107,0.08681257,-0.080814615,0.67320025,0.0,8.0,8.0,0.0,nan,nan,nan
308844893,nan,nan,nan,-2.3791106,0.0,0.003985862,0.12674151,0.08681257,-0.05776252,0.16214664,0.0,8.0,-8.0,0.0,nan,nan,nan
309044535,nan,nan,nan,-2.3791106,0.0,0.0042021163,0.10916088,0.08681257,-0.080099374,0.112814516,0.0,-8.0,8.0,0.0,nan,nan,nan
309234636,nan,nan,nan,-2.3791106,0.0,0.00016962341,0.102576666,0.08681257,0.17475256,0.031482637,0.0,0.0,8.0,0.0,nan,nan,nan
309434633,nan,nan,nan,-2.3791106,0.0,0.0077562938,0.0930746,0.08681257,0.0400002,-0.040000215,0.0,8.0,-8.0,0.0,nan,nan,nan
309654591,1.8016949,0.6477293,nan,-2.3791106,0.0,-2.5966074e-09,-7.835297e-09,0.08660982,0.0,0.0,-0.056956068,0.0,0.0,-8.0,nan,nan,nan
309844377,1.8016949,0.6477293,nan,-2.3791106,0.0,-2.5966074e-09,-7.835297e-09,0.08574042,0.0,0.0,0.0,0.0,0.0,0.0,nan,nan,nan
310044463,1.8016949,0.6477293,nan,-2.3791106,0.0,-2.5966074e-09,-7.835297e-09,0.08574041,0.0,0.0,0.0,0.0,0.0,0.0,nan,nan,nan
310244317,1.8016949,0.6477293,nan,-2.3791106,0.0,-2.5966074e-09,-7.835297e-09,0.08681257,0.0,0.0,0.0,0.0,0.0,0.0,nan,nan,nan
310444327,1.8016949,0.6477293,nan,-2.3791106,0.0,-2.5966074e-09,-7.835297e-09,0.08681257,0.0,0.0,0.0,0.0,0.0,0.0,nan,nan,nan
310644406,1.8016949,0.6477293,nan,-2.3791106,0.0,-2.5966074e-09,-7.835297e-09,0.08681257,0.0,0.0,0.0,0.0,0.0,0.0,nan,nan,nan
310844109,1.8016949,0.6477293,nan,-2.3791106,0.0,-2.5966074e-09,-7.835297e-09,0.087836854,0.0,0.0,0.028732814,0.0,0.0,-8.0,nan,nan,nan
311044116,1.8016949,0.6477293,nan,-2.3791106,0.0,-2.5966074e-09,-7.835297e-09,0.08681257,0.0,0.0,0.0,0.0,0.0,0.0,nan,nan,nan
311244038,1.8016949,0.6477293,nan,-2.3791106,0.0,-2.5966074e-09,-7.835297e-09,0.09190468,0.0,0.0,0.07220128,0.0,0.0,-8.0,nan,nan,nan
311443956,nan,nan,nan,-2.3791106,0.0,0.077004105,0.017356677,0.09552852,0.0,0.0,0.0,0.0,0.0,0.0,nan,nan,nan
311643905,nan,nan,nan,-2.3791106,0.0,-0.07657348,-0.07988449,0.09774758,-1.1491412,-0.7404153,0.0,8.0,0.0,0.0,nan,nan,nan
311844110,nan,nan,nan,-2.3791106,0.0,-0.23522688,-0.2161201,0.098863356,-0.1533691,-0.054623395,0.0,8.0,8.0,0.0,nan,nan,nan
312044016,nan,nan,nan,-2.3791106,0.0,-0.16747525,-0.16119549,0.098863356,0.6479574,0.6214763,0.0,0.0,8.0,0.0,nan,nan,nan
312244060,nan,nan,nan,-2.3791106,0.0,-0.024602652,-0.02459228,0.098863356,0.62740934,0.6276418,0.0,-8.0,-8.0,0.0,nan,nan,nan
312443814,1.600171,0.5608893,nan,-2.3791106,0.0,-2.8600455e-12,-9.094947e-13,0.098863356,0.0,0.0,0.0,0.0,0.0,0.0,nan,nan,nan
312643822,1.600171,0.5608893,nan,-2.3791106,0.0,-2.8600455e-12,-9.094947e-13,0.098863356,0.0,0.0,0.0,0.0,0.0,0.0,nan,nan,nan
312843671,nan,nan,nan,-2.3791106,0.0,-0.035425603,-0.032937557,0.098863356,-0.6250915,-0.5693963,0.0,8.0,0.0,0.0,nan,nan,nan
313043581,nan,nan,nan,-2.3791106,0.0,-0.15806805,-0.150938,0.09886336,-0.12888944,-0.12888944,0.0,8.0,8.0,0.0,nan,nan,nan
313243610,nan,nan,nan,-2.3791106,0.0,-0.12950459,-0.12356606,0.09865157,0.26554027,0.26554027,0.058211267,8.0,8.0,-8.0,nan,nan,nan
313443911,nan,nan,nan,-2.3791106,0.0,-0.07147107,-0.06849402,0.120693445,0.28391045,0.28391048,0.15104121,-8.0,-8.0,-8.0,nan,nan,nan
313643658,nan,nan,nan,-2.3791106,0.0,-0.06643326,-0.063456185,0.1400295,0.0,0.0,-0.08481993,0.0,0.0,8.0,nan,nan,nan
313843681,nan,nan,nan,-2.3791106,0.0,-0.09826845,-0.09351704,0.19989632,-0.35233915,-0.35233912,0.10613236,8.0,8.0,-8.0,nan,nan,nan
314043681,nan,nan,nan,-2.3791106,0.0,-0.13129362,-0.12535514,0.2013484,-0.1399487,-0.13994871,0.06630568,8.0,8.0,8.0,nan,nan,nan
314243774,nan,nan,nan,-2.3791106,0.0,-0.120471746,-0.11512727,0.19903833,0.13915344,0.13915344,0.0,-8.0,-8.0,0.0,nan,nan,nan
314443390,nan,nan,nan,-2.3791106,0.0,-0.09941784,-0.09496263,0.19903833,0.0,0.0,0.0,0.0,0.0,0.0,nan,nan,nan
314643315,nan,nan,nan,-2.3791106,0.0,-0.08668295,-0.082819514,0.19903833,0.08677749,0.08677748,0.0,-8.0,-8.0,0.0,nan,nan,nan
314843299,nan,nan,nan,-2.3791106,0.0,-0.09345593,-0.08294048,0.19903833,-0.14801602,0.30360785,0.0,-8.0,8.0,0.0,nan,nan,nan
315043418,nan,nan,nan,-2.3791106,0.0,-0.16941057,-0.003198023,0.19903833,0.1060144,-0.13713376,0.0,0.0,-8.0,0.0,nan,nan,nan
315243261,nan,nan,nan,-2.3791106,0.0,-0.15901244,-0.00998711,0.19903833,0.06423667,0.0030539483,0.0,8.0,8.0,0.0,nan,nan,nan
315443361,nan,nan,nan,-2.3791106,0.0,-0.23472673,0.068644136,0.19903833,-1.063809,1.120862,0.0,0.0,8.0,0.0,nan,nan,nan
315643366,nan,nan,nan,-2.3791106,0.0,-0.4123019,0.29495883,0.19903833,-0.29013965,0.712839,0.0,8.0,-8.0,0.0,nan,nan,nan
315843261,nan,nan,nan,-2.3791106,0.0,-0.33123177,0.29248363,0.19903833,1.1494924,-0.55535054,0.0,8.0,-8.0,0.0,nan,nan,nan
316043250,nan,nan,nan,-2.3791106,0.0,-0.06290993,0.06286995,0.19903833,1.0032743,-1.0042747,0.0,-8.0,8.0,0.0,nan,nan,nan
316243062,1.3975914,0.77431077,nan,-2.3791106,0.0,-5.0564858e-11,-2.1827873e-11,0.19071667,0.0,0.0,-0.19075829,0.0,0.0,-8.0,nan,nan,nan
316442970,nan,nan,nan,-2.3791106,0.0,-0.062904984,0.05731168,0.150813,0.159624,-0.159624,0.09524656,8.0,-8.0,-8.0,nan,nan,nan
316642946,1.4856954,0.68372077,nan,-2.3791106,0.0,-5.8177012e-11,-5.820766e-11,0.11970835,0.0,0.0,0.0,0.0,0.0,0.0,nan,nan,nan
316842974,nan,nan,nan,-2.3791106,0.0,-0.010829972,0.009706903,0.11883219,-0.43352365,0.40317136,-0.071762905,-8.0,8.0,8.0,nan,nan,nan
317043109,nan,nan,nan,-2.3791106,0.0,-0.25228667,0.25067583,0.11901294,-1.7358553,2.0045073,0.089675725,0.0,8.0,8.0,nan,nan,nan
317242956,nan,nan,nan,-2.3791106,0.0,-0.46968198,0.5520111,0.11922447,-0.29595932,0.7238194,-0.08166071,8.0,-8.0,-8.0,nan,nan,nan
317442988,nan,nan,nan,-2.3791106,0.0,-0.3740118,0.5367775,0.113767095,1.0174087,-0.87615657,0.0,0.0,-8.0,0.0,nan,nan,nan
317643095,nan,nan,nan,-2.3791106,0.0,-0.17043133,0.2136346,0.113767095,1.0174094,-1.8488249,0.0,0.0,8.0,0.0,nan,nan,nan
317843119,nan,nan,nan,-2.3791106,0.0,-0.0038534133,0.0037556142,0.1126577,0.24830502,-0.24952298,-0.03210552,-8.0,8.0,8.0,nan,nan,nan
318042759,1.4505484,0.7179275,nan,-2.3791106,0.0,0.0644043,0.061491888,0.084737,0.059531838,0.05925849,-0.032256678,-8.0,-8.0,8.0,nan,nan,nan
318242643,nan,nan,nan,-2.3791106,0.0,0.009071096,0.0004243839,0.08467197,0.09548819,-0.08240281,0.0,8.0,8.0,0.0,nan,nan,nan
318442623,nan,nan,nan,-2.3791106,0.0,0.010974446,0.009519231,0.08467197,-0.41903597,-0.2664469,0.0,8.0,0.0,0.0,nan,nan,nan
318642793,nan,nan,nan,-2.3791106,0.0,0.058656793,0.05581896,0.08467197,0.960144,0.798624,0.0,8.0,0.0,0.0,nan,nan,nan
318842561,nan,nan,nan,-2.3791106,0.0,0.18171185,0.17265353,0.08254611,0.7809425,0.742901,0.0,8.0,8.0,0.0,nan,nan,nan
319042644,nan,nan,nan,-2.3791106,0.0,0.24274607,0.23228014,0.083607234,-0.47691947,-0.47691947,0.0,-8.0,-8.0,0.0,nan,nan,nan
319242670,nan,nan,nan,-2.3791106,0.0,0.07223795,0.067284025,0.083607234,-0.6778375,-0.6778375,0.0,8.0,8.0,0.0,nan,nan,nan
319442591,1.5153275,0.677467,nan,-2.3791106,0.0,0.0,-2.3283064e-10,0.08258264,0.0,0.0,-0.02417504,0.0,0.0,8.0,nan,nan,nan
319642686,nan,nan,nan,-2.3791106,0.0,0.032672767,0.027706929,0.083607234,-0.21759543,-0.255151,0.0,-8.0,0.0,0.0,nan,nan,nan
319842371,nan,nan,nan,-2.3791106,0.0,0.05074566,0.042130597,0.083607234,0.5638423,0.03527254,0.0,0.0,-8.0,0.0,nan,nan,nan
320042309,nan,nan,nan,-2.3791106,0.0,0.2102898,0.049899783,0.083607234,0.6354585,0.7029296,0.0,-8.0,8.0,0.0,nan,nan,nan
320242214,nan,nan,nan,-2.3791106,0.0,0.1806741,0.14888433,0.083607234,-0.6436534,0.06364156,0.0,8.0,8.0,0.0,nan,nan,nan
320442235,nan,nan,nan,-2.3791106,0.0,0.20874591,0.21549247,0.083607234,0.6356746,0.23249018,0.0,-8.0,-8.0,0.0,nan,nan,nan
320642153,nan,nan,nan,-2.3791106,0.0,0.2266637,0.16055676,0.083607234,0.23143877,-0.92975926,0.0,0.0,-8.0,0.0,nan,nan,nan
320842335,nan,nan,nan,-2.3791106,0.0,0.3037996,-0.07171149,0.083607234,0.7077496,-0.89501345,0.0,8.0,8.0,0.0,nan,nan,nan
321042202,nan,nan,nan,-2.3791106,0.0,0.31569856,-0.10363073,0.083607234,-0.7320104,0.2553329,0.0,-8.0,0.0,0.0,nan,nan,nan
321242246,nan,nan,nan,-2.3791106,0.0,0.26467317,-0.052650657,0.083607234,0.22460991,0.10320443,0.0,-8.0,-8.0,0.0,nan,nan,nan
321442232,nan,nan,nan,-2.3791106,0.0,0.20518337,-0.10634026,0.083607234,-0.04220034,-0.36501694,0.0,8.0,0.0,0.0,nan,nan,nan
321641976,nan,nan,nan,-2.3791106,0.0,0.2618438,-0.1556769,0.083607234,-0.15875229,0.07252769,0.0,-8.0,0.0,0.0,nan,nan,nan
321841930,nan,nan,nan,-2.3791106,0.0,0.24835752,-0.1479527,0.083607234,-0.15932,-0.15932,0.0,-8.0,-8.0,0.0,nan,nan,nan
322041870,nan,nan,nan,-2.3791106,0.0,0.22329244,-0.13998249,0.083607234,0.0637919,-0.07318702,0.0,8.0,0.0,0.0,nan,nan,nan
322241850,nan,nan,nan,-2.3791106,0.0,0.17175275,-0.14845522,0.083607234,-0.92258716,0.2949916,0.0,-8.0,8.0,0.0,nan,nan,nan
322441945,nan,nan,nan,-2.3791106,0.0,0.023884406,-0.026602007,0.083607234,-0.2694097,0.27777165,0.0,0.0,-8.0,0.0,nan,nan,nan
322641819,nan,nan,nan,-2.3791106,0.0,0.020701433,-0.021973284,0.083607234,-0.3202,0.3202,0.0,-8.0,8.0,0.0,nan,nan,nan
322841824,nan,nan,nan,-2.3791106,0.0,0.014338774,0.0017736186,0.083754435,0.32064,0.32064,-0.048529636,8.0,8.0,8.0,nan,nan,nan
323041927,1.5179143,0.49773,nan,-2.3791106,0.0,-3.0267984e-09,-2.3283064e-09,0.08444685,0.0,0.0,0.060017332,0.0,0.0,-8.0,nan,nan,nan
323241866,nan,nan,nan,-2.3791106,0.0,0.039533615,-0.040153153,0.08463492,0.6257655,-0.7263766,0.024345815,0.0,-8.0,-8.0,nan,nan,nan
323436554,nan,nan,nan,-2.3791106,0.0,0.09809605,-0.1029591,0.08419263,-0.41447288,0.4290198,-0.08757517,-8.0,8.0,-8.0,nan,nan,nan
323636711,1.5645337,0.45416504,nan,-2.3791106,0.0,-1.8189894e-11,4.5270454e-12,0.08394938,0.0,0.0,-0.07398885,0.0,0.0,8.0,nan,nan,nan
323836678,1.5645337,0.45416504,nan,-2.3791106,0.0,-1.8189894e-11,0.0,0.08364235,0.0,0.0,-0.02370517,0.0,0.0,8.0,nan,nan,nan
324036568,1.5645337,0.45416504,nan,-2.3791106,0.0,-1.8189894e-11,0.0,0.08463049,0.0,0.0,0.025761172,0.0,0.0,-8.0,nan,nan,nan
324236568,nan,nan,nan,-2.3791106,0.0,-0.06296552,-0.06231511,0.08393688,-0.044858083,-0.13511962,-0.072624,8.0,8.0,8.0,nan,nan,nan
324436582,nan,nan,nan,-2.3791106,0.0,-0.045073625,-0.042981666,0.08418925,0.160416,0.160416,-0.08788372,8.0,8.0,-8.0,nan,nan,nan
324636504,1.5811204,0.42623577,nan,-2.3791106,0.0,-5.0821977e-21,-7.973233e-12,0.084517166,0.0,0.0,0.04976998,0.0,0.0,-8.0,nan,nan,nan
324836304,1.5811204,0.42623577,nan,-2.3791106,0.0,-5.0821977e-21,-7.973233e-12,0.084166005,0.0,0.0,-0.08997516,0.0,0.0,-8.0,nan,nan,nan
325036241,nan,nan,nan,-2.3791106,0.0,-0.039953213,-0.0382735,0.08423076,-0.2996046,-0.5255771,-0.08402102,0.0,8.0,-8.0,nan,nan,nan
325236255,nan,nan,nan,-2.3791106,0.0,-0.13225259,-0.12601663,0.084671974,-0.332321,-0.33232105,0.0,8.0,8.0,0.0,nan,nan,nan
325436202,nan,nan,nan,-2.3791106,0.0,-0.13285464,-0.12657923,0.084671974,0.0,0.0,0.0,0.0,0.0,0.0,nan,nan,nan
325636129,nan,nan,nan,-2.3791106,0.0,-0.11424441,-0.109196596,0.12349303,0.16012882,0.16012882,0.19102421,-8.0,-8.0,-8.0,nan,nan,nan
325836309,nan,nan,nan,-2.3791106,0.0,-0.14102052,-0.09046031,0.13140582,-0.47797593,0.55733734,0.17052373,-8.0,0.0,-8.0,nan,nan,nan
326036165,nan,nan,nan,-2.3791106,0.0,-0.16430278,-0.07126846,0.13957986,-0.23474827,-0.26239836,0.0,0.0,8.0,0.0,nan,nan,nan
326236161,nan,nan,nan,-2.3791106,0.0,-0.1945992,0.02118198,0.13829745,-0.3557297,1.1130685,0.0,-8.0,8.0,0.0,nan,nan,nan
326436161,nan,nan,nan,-2.3791106,0.0,-0.34556037,0.34957904,0.13829745,-0.8733347,1.3965493,0.0,0.0,-8.0,0.0,nan,nan,nan
326635921,nan,nan,nan,-2.3791106,0.0,-0.44162062,0.4689316,0.13829745,0.2468253,-0.20176263,0.0,8.0,-8.0,0.0,nan,nan,nan
326835826,nan,nan,nan,-2.3791106,0.0,-0.2437681,0.26875377,0.13829745,1.4202147,-1.8009865,0.0,0.0,-8.0,0.0,nan,nan,nan
327035854,nan,nan,nan,-2.3791106,0.0,-0.014617298,0.014472509,0.13829745,0.48360944,-0.4850638,0.0,-8.0,8.0,0.0,nan,nan,nan
327235999,nan,nan,nan,-2.3791106,0.0,-0.0023385205,-0.003459183,0.13829745,-0.15576412,-0.12048358,0.0,-8.0,-8.0,0.0,nan,nan,nan
327435956,nan,nan,nan,-2.3791106,0.0,-0.08900587,-0.08296557,0.13829745,-0.23807368,-0.21598515,0.0,-8.0,-8.0,0.0,nan,nan,nan
327635980,nan,nan,nan,-2.3791106,0.0,-0.10504113,-0.10058591,0.13829745,0.29995424,0.29995424,0.0,-8.0,-8.0,0.0,nan,nan,nan
327835854,nan,nan,nan,-2.3791106,0.0,-0.05378395,0.025985517,0.13829745,0.27503344,0.63737446,0.0,0.0,-8.0,0.0,nan,nan,nan
328035909,nan,nan,nan,-2.3791106,0.0,-0.008947543,0.004383303,0.13829745,0.17300937,-0.4249984,0.0,-8.0,8.0,0.0,nan,nan,nan
328235770,nan,nan,nan,-2.3791106,0.0,-0.022765657,0.02392415,0.13829745,-0.4491616,0.49672168,0.0,0.0,8.0,0.0,nan,nan,nan
328435598,nan,nan,nan,-2.3791106,0.0,-0.15299426,0.16009928,0.13829745,-0.19808426,0.19808426,0.0,8.0,-8.0,0.0,nan,nan,nan
328635528,nan,nan,nan,-2.3791106,0.0,-0.08201095,0.08474027,0.13829745,0.5574141,-0.6436794,0.0,0.0,-8.0,0.0,nan,nan,nan
328835399,nan,nan,nan,-2.3791106,0.0,-0.031209035,-0.05258338,0.13829745,-0.47058403,-0.39378145,0.0,-8.0,0.0,0.0,nan,nan,nan
329035428,nan,nan,nan,-2.3791106,0.0,-0.05854161,-0.03309414,0.13829745,0.05951491,0.641198,0.0,-8.0,8.0,0.0,nan,nan,nan
329235519,nan,nan,nan,-2.3791106,0.0,-0.09208218,0.02489021,0.13829745,0.17208694,0.0023499727,0.0,0.0,8.0,0.0,nan,nan,nan
329435442,nan,nan,nan,-2.3791106,0.0,-0.06308838,0.05091058,0.13829745,0.00534752,-0.1971255,0.0,8.0,0.0,0.0,nan,nan,nan
329635434,nan,nan,nan,-2.3791106,0.0,-0.06368552,0.06667337,0.13829745,0.0,0.0,0.0,0.0,0.0,0.0,nan,nan,nan
329835377,nan,nan,nan,-2.3791106,0.0,-0.04967324,0.05200227,0.13829745,0.0,0.0,0.0,0.0,0.0,0.0,nan,nan,nan
330035393,nan,nan,nan,-2.3791106,0.0,-0.017594572,0.018344082,0.13829745,0.18685317,-0.21797223,0.0,0.0,8.0,0.0,nan,nan,nan
330235250,nan,nan,nan,-2.3791106,0.0,-0.008621009,0.008573194,0.13829745,0.1219052,-0.12190521,0.0,-8.0,8.0,0.0,nan,nan,nan
330435085,nan,nan,nan,-2.3791106,0.0,-0.014680097,0.015369082,0.13829745,-0.009384692,0.009384677,0.0,8.0,-8.0,0.0,nan,nan,nan
330655004,1.7175597,0.09073371,nan,-2.3791106,0.0,-0.0076922267,0.008053089,0.13829744,0.0,0.0,0.0,0.0,0.0,0.0,nan,nan,nan
330835052,1.7178116,0.08960968,nan,-2.3791106,0.0,-4.4272962e-14,-2.032879e-20,0.1370206,0.0,0.0,0.0,0.0,0.0,0.0,nan,nan,nan
331035247,1.7178116,0.08960968,nan,-2.3791106,0.0,-4.4272962e-14,-2.032879e-20,0.13679259,0.0,0.0,0.060401976,0.0,0.0,-8.0,nan,nan,nan
331235151,1.7178116,0.08960968,nan,-2.3791106,0.0,-4.4272962e-14,-2.032879e-20,0.11579091,0.0,0.0,0.07355548,0.0,0.0,-8.0,nan,nan,nan
331435122,1.7178116,0.08960968,nan,-2.3791106,0.0,-4.4272962e-14,-2.032879e-20,0.10909997,0.0,0.0,0.0,0.0,0.0,0.0,nan,nan,nan
331635024,1.7178116,0.08960968,nan,-2.3791106,0.0,-4.4272962e-14,-2.032879e-20,0.10865088,0.0,0.0,0.083294936,0.0,0.0,8.0,nan,nan,nan
331834953,1.7178116,0.08960968,nan,-2.3791106,0.0,-4.4272962e-14,-2.032879e-20,0.105647944,0.0,0.0,0.0,0.0,0.0,0.0,nan,nan,nan
332054829,1.7178116,0.08960968,nan,-2.3791106,0.0,-4.4272962e-14,-2.032879e-20,0.105896324,0.0,0.0,-0.063038915,0.0,0.0,8.0,nan,nan,nan
332254718,1.7178116,0.08960968,nan,-2.3791106,0.0,-4.4272962e-14,-2.032879e-20,0.10679411,0.0,0.0,0.0,0.0,0.0,0.0,nan,nan,nan
332434840,1.7178116,0.08960968,nan,-2.3791106,0.0,-4.4272962e-14,-2.032879e-20,0.10679411,0.0,0.0,0.0,0.0,0.0,0.0,nan,nan,nan
332634556,1.7178116,0.08960968,nan,-2.3791106,0.0,-4.4272962e-14,-2.032879e-20,0.10564795,0.0,0.0,0.0,0.0,0.0,0.0,nan,nan,nan
332835036,1.7178116,0.08960968,nan,-2.3791106,0.0,-4.4272962e-14,-2.032879e-20,0.10564795,0.0,0.0,0.0,0.0,0.0,0.0,nan,nan,nan
333034723,1.7178116,0.08960968,nan,-2.3791106,0.0,-4.4272962e-14,-2.032879e-20,0.10564795,0.0,0.0,0.0,0.0,0.0,0.0,nan,nan,nan
333234813,1.7178116,0.08960968,nan,-2.3791106,0.0,-4.4272962e-14,-2.032879e-20,0.099163726,0.0,0.0,-0.06932468,0.0,0.0,8.0,nan,nan,nan
333434648,1.7178116,0.08960968,nan,-2.3791106,0.0,-4.4272962e-14,-2.032879e-20,0.09552853,0.0,0.0,0.0,0.0,0.0,0.0,nan,nan,nan
333644818,nan,nan,nan,-2.3791106,0.0,-0.014224505,-0.0048972894,0.09552853,0.0,0.0,0.0,0.0,0.0,0.0,nan,nan,nan
333844542,nan,nan,nan,-2.3791106,0.0,0.019465763,0.018745681,0.09552853,-0.253842,-0.23258752,0.0,8.0,0.0,0.0,nan,nan,nan
334044475,nan,nan,nan,-2.3791106,0.0,0.022457113,0.021450743,0.09552853,0.0,0.0,0.0,0.0,0.0,0.0,nan,nan,nan
334244526,nan,nan,nan,-2.3791106,0.0,0.035994418,0.034362074,0.09442515,0.089781135,0.089959696,0.0,-8.0,-8.0,0.0,nan,nan,nan
334444492,nan,nan,nan,-2.3791106,0.0,0.0802262,0.07638471,0.09223049,0.29654717,0.29654717,0.0,-8.0,-8.0,0.0,nan,nan,nan
334644282,nan,nan,nan,-2.3791106,0.0,0.07867981,0.075153925,0.09184747,0.00030642748,0.00030642748,-0.07828402,-8.0,-8.0,-8.0,nan,nan,nan
334844346,nan,nan,nan,-2.3791106,0.0,0.078827746,0.07663139,0.0911817,0.048651114,0.11375059,-0.026091248,8.0,0.0,8.0,nan,nan,nan
335044146,nan,nan,nan,-2.3791106,0.0,0.092769675,0.08861237,0.09118284,0.0,0.0,-0.026435897,0.0,0.0,8.0,nan,nan,nan
335244154,nan,nan,nan,-2.3791106,0.0,0.048593365,0.046732463,0.09223049,-0.43991196,-0.37987095,0.0,8.0,0.0,0.0,nan,nan,nan
335444420,1.7256871,0.11951804,nan,-2.3791106,0.0,-5.0931703e-10,-1.4406396e-09,0.0911786,0.0,0.0,-0.025123253,0.0,0.0,8.0,nan,nan,nan
335644162,1.7256871,0.11951804,nan,-2.3791106,0.0,-5.0931703e-10,-1.4406396e-09,0.09223049,0.0,0.0,0.0,0.0,0.0,0.0,nan,nan,nan
335844106,1.7256871,0.11951804,nan,-2.3791106,0.0,-5.0931703e-10,-1.4406396e-09,0.09223049,0.0,0.0,0.0,0.0,0.0,0.0,nan,nan,nan
336044147,1.7256871,0.11951804,nan,-2.3791106,0.0,-5.0931703e-10,-1.4406396e-09,0.09223049,0.0,0.0,0.0,0.0,0.0,0.0,nan,nan,nan
336244252,nan,nan,nan,-2.3791106,0.0,-0.027416328,0.0307149,0.09223049,-0.1419282,0.33918676,0.0,8.0,0.0,0.0,nan,nan,nan
336443861,nan,nan,nan,-2.3791106,0.0,-0.03619554,0.19419996,0.09223049,-0.1386577,0.5742023,0.0,0.0,-8.0,0.0,nan,nan,nan
336643884,nan,nan,nan,-2.3791106,0.0,0.043951567,0.2769036,0.09223049,0.46985942,0.2538423,0.0,-8.0,-8.0,0.0,nan,nan,nan
336843860,nan,nan,nan,-2.3791106,0.0,0.024272205,0.23556039,0.09223049,-0.010580614,-0.073673904,0.0,8.0,8.0,0.0,nan,nan,nan
337043789,nan,nan,nan,-2.3791106,0.0,-0.015732767,0.21938927,0.09223049,-0.4021237,-0.19148488,0.0,0.0,8.0,0.0,nan,nan,nan
337244065,nan,nan,nan,-2.3791106,0.0,-0.05033395,0.22384438,0.09113916,-0.11939961,0.15521902,0.0,-8.0,8.0,0.0,nan,nan,nan
337443877,nan,nan,nan,-2.3791106,0.0,-0.06639355,0.27279514,0.084684625,0.05694525,0.32773829,-0.01422669,8.0,-8.0,8.0,nan,nan,nan
337643742,nan,nan,nan,-2.3791106,0.0,-0.02523098,0.29477015,0.07110163,0.17939912,-0.2178835,0.0,8.0,0.0,0.0,nan,nan,nan
337843819,nan,nan,nan,-2.3791106,0.0,0.033815816,0.14807732,0.07201462,0.40656963,-1.1288686,0.04212737,0.0,8.0,-8.0,nan,nan,nan
338043798,nan,nan,nan,-2.3791106,0.0,0.09283346,0.079670526,0.07174769,0.08790563,0.37064016,-0.07775372,8.0,8.0,-8.0,nan,nan,nan
338243549,nan,nan,nan,-2.3791106,0.0,0.002731827,0.24044372,0.07019319,-0.8542136,0.9054014,-0.042397678,-8.0,-8.0,8.0,nan,nan,nan
338443440,nan,nan,nan,-2.3791106,0.0,-0.08448166,0.28862488,0.05353449,0.11424242,-0.55555683,-0.14637195,0.0,-8.0,8.0,nan,nan,nan
338643410,nan,nan,nan,-2.3791106,0.0,-0.014304221,0.19044958,0.05217827,0.452135,-0.8028668,0.016575761,0.0,-8.0,-8.0,nan,nan,nan
338843341,nan,nan,nan,-2.3791106,0.0,0.052190267,0.033944603,0.052195445,-0.013392225,-0.23426756,0.0,0.0,8.0,0.0,nan,nan,nan
339043676,1.6311632,0.08125246,nan,-2.3791106,0.0,-2.6266207e-09,-1.6952981e-09,0.0512377,0.0,0.0,-0.013503432,0.0,0.0,8.0,nan,nan,nan
339243416,1.6311632,0.08125246,nan,-2.3791106,0.0,-2.6266207e-09,-1.6952981e-09,0.051366057,0.0,0.0,-0.047286686,0.0,0.0,8.0,nan,nan,nan
339443382,1.6311632,0.08125246,nan,-2.3791106,0.0,-2.6266207e-09,-1.6952981e-09,0.050277196,0.0,0.0,-0.016827762,0.0,0.0,8.0,nan,nan,nan
339643305,1.6311632,0.08125246,nan,-2.3791106,0.0,-2.6266207e-09,-1.6952981e-09,0.051226307,0.0,0.0,0.0,0.0,0.0,0.0,nan,nan,nan
339843216,nan,nan,nan,-2.3791106,0.0,0.0060258806,0.03372652,0.05122631,-0.2499448,-0.159,0.0,-8.0,0.0,0.0,nan,nan,nan
340042953,nan,nan,nan,-2.3791106,0.0,-0.028678108,0.030023418,0.05211945,0.0066978484,-0.0066980124,0.03487107,-8.0,8.0,-8.0,nan,nan,nan
340243026,nan,nan,nan,-2.3791106,0.0,-0.028675903,0.030021215,0.052195445,0.003104046,-0.003104046,0.0,-8.0,8.0,0.0,nan,nan,nan
340443112,1.6053426,0.054842908,nan,-2.3791106,0.0,-2.6020852e-18,0.0,0.05414052,0.0,0.0,0.0020686686,0.0,0.0,-8.0,nan,nan,nan
340642971,nan,nan,nan,-2.3791106,0.0,-0.00024601712,-0.001198178,0.09223049,-0.159848,-0.159848,0.0,-8.0,-8.0,0.0,nan,nan,nan
340843202,nan,nan,nan,-2.3791106,0.0,-0.06754816,-0.063275784,0.09113916,-0.19641303,-0.1709309,0.0,8.0,8.0,0.0,nan,nan,nan
341043080,nan,nan,nan,-2.3791106,0.0,-0.12841234,-0.11139662,0.09113916,-0.110138625,0.37627053,0.0,0.0,8.0,0.0,nan,nan,nan
341243016,nan,nan,nan,-2.3791106,0.0,-0.23739447,0.038673304,0.09113916,-0.7418071,1.0854877,0.0,0.0,-8.0,0.0,nan,nan,nan
341442950,nan,nan,nan,-2.3791106,0.0,-0.3836536,0.23938152,0.090478614,-0.16930121,0.6503251,-0.079411395,8.0,0.0,-8.0,nan,nan,nan
341642770,nan,nan,nan,-2.3791106,0.0,-0.2577826,0.2096249,0.09005171,1.4291948,-0.9481709,0.0,8.0,-8.0,0.0,nan,nan,nan
341842664,nan,nan,nan,-2.3791106,0.0,-0.014617925,0.014576436,0.09009798,0.4836186,-0.48415503,-0.027206615,-8.0,8.0,8.0,nan,nan,nan
342042668,1.4960176,0.10526628,nan,-2.3791106,0.0,-5.003703e-12,0.0,0.09113916,0.0,0.0,0.0,0.0,0.0,0.0,nan,nan,nan
342242624,1.4960176,0.10526628,nan,-2.3791106,0.0,-5.003703e-12,0.0,0.09113916,0.0,0.0,0.0,0.0,0.0,0.0,nan,nan,nan
342442591,nan,nan,nan,-2.3791106,0.0,-0.06413323,-0.047571227,0.09113916,-0.478424,-0.9966876,0.0,-8.0,0.0,0.0,nan,nan,nan
342642778,nan,nan,nan,-2.3791106,0.0,-0.1469961,-0.13826,0.09113916,0.08096206,0.079818055,0.0,8.0,0.0,0.0,nan,nan,nan
342842691,nan,nan,nan,-2.3791106,0.0,-0.13757303,-0.13133954,0.09113916,0.158968,0.158968,0.0,8.0,8.0,0.0,nan,nan,nan
343042656,nan,nan,nan,-2.3791106,0.0,-0.14579853,-0.13926485,0.09113916,0.0,0.0,0.0,0.0,0.0,0.0,nan,nan,nan
343242538,nan,nan,nan,-2.3791106,0.0,-0.15153472,-0.1453509,0.09009498,0.08196266,0.06527656,-0.026310623,8.0,8.0,8.0,nan,nan,nan
343442413,nan,nan,nan,-2.3791106,0.0,-0.059387237,-0.061841443,0.09005171,0.7748529,0.84772,0.0,0.0,8.0,0.0,nan,nan,nan
343642395,1.5052431,0.010722881,nan,-2.3791106,0.0,-5.456968e-12,-9.863642e-12,0.09071795,0.0,0.0,0.08209348,0.0,0.0,-8.0,nan,nan,nan
343842226,1.5052431,0.010722881,nan,-2.3791106,0.0,-5.456968e-12,-9.863642e-12,0.090629674,0.0,0.0,-0.07748346,0.0,0.0,-8.0,nan,nan,nan
344042229,1.5052431,0.010722881,nan,-2.3791106,0.0,-5.456968e-12,-9.863642e-12,0.090517886,0.0,0.0,-0.08636372,0.0,0.0,8.0,nan,nan,nan
344242259,1.5052431,0.010722881,nan,-2.3791106,0.0,-5.456968e-12,-9.863642e-12,0.09045145,0.0,0.0,0.07997224,0.0,0.0,8.0,nan,nan,nan
344442516,nan,nan,nan,-2.3791106,0.0,0.014090972,-0.027994866,0.094400726,0.45639387,0.158408,0.01976668,-8.0,0.0,-8.0,nan,nan,nan
344642227,nan,nan,nan,-2.3791106,0.0,0.007857451,-0.0066836094,0.1387576,0.12351993,-0.031377688,-0.08580317,0.0,-8.0,8.0,nan,nan,nan
344842198,nan,nan,nan,-2.3791106,0.0,0.062272236,-0.06621097,0.13957986,0.58898723,-0.5889873,0.0,-8.0,8.0,0.0,nan,nan,nan
345042169,nan,nan,nan,-2.3791106,0.0,0.058993604,-0.061925113,0.13829745,0.07270901,-0.0903078,0.0,8.0,-8.0,0.0,nan,nan,nan
345242033,1.5413837,0.03265456,nan,-2.3791106,0.0,4.0017767e-11,4.675701e-12,0.13829744,0.0,0.0,0.0,0.0,0.0,0.0,nan,nan,nan
345441883,1.5413837,0.03265456,nan,-2.3791106,0.0,-1.7347235e-18,-3.2051727e-18,0.13829744,0.0,0.0,0.0,0.0,0.0,0.0,nan,nan,nan
345641866,1.5413837,0.03265456,nan,-2.3791106,0.0,-1.7347235e-18,-3.2051727e-18,0.13829744,0.0,0.0,0.0,0.0,0.0,0.0,nan,nan,nan
345842000,1.5413837,0.03265456,nan,-2.3791106,0.0,-1.7347235e-18,-3.2051727e-18,0.13829744,0.0,0.0,0.0,0.0,0.0,0.0,nan,nan,nan
346041868,1.5413837,0.03265456,nan,-2.3791106,0.0,-1.7347235e-18,-3.2051727e-18,0.13829744,0.0,0.0,0.0,0.0,0.0,0.0,nan,nan,nan
346242077,1.5413837,0.03265456,nan,-2.3791106,0.0,-1.7347235e-18,-3.2051727e-18,0.13829744,0.0,0.0,0.0,0.0,0.0,0.0,nan,nan,nan
346441893,1.5413837,0.03265456,nan,-2.3791106,0.0,-1.7347235e-18,-3.2051727e-18,0.13778752,0.0,0.0,-0.09032546,0.0,0.0,-8.0,nan,nan,nan
346641928,1.5413837,0.03265456,nan,-2.3791106,0.0,-1.7347235e-18,-3.2051727e-18,0.13618232,0.0,0.0,-0.08323553,0.0,0.0,8.0,nan,nan,nan
346841860,1.5413837,0.03265456,nan,-2.3791106,0.0,-1.7347235e-18,-3.2051727e-18,0.118592,0.0,0.0,-0.03614974,0.0,0.0,8.0,nan,nan,nan
347041689,1.5413837,0.03265456,nan,-2.3791106,0.0,-1.7347235e-18,-3.2051727e-18,0.11582433,0.0,0.0,0.06982734,0.0,0.0,-8.0,nan,nan,nan
347241550,nan,nan,nan,-2.3791106,0.0,-0.0017749479,-0.009958641,0.113843635,0.24860398,0.318488,-0.034995392,0.0,8.0,8.0,nan,nan,nan
347441606,nan,nan,nan,-2.3791106,0.0,0.057522997,0.05494288,0.11501946,-0.028928325,-0.02892834,-0.034357697,-8.0,-8.0,8.0,nan,nan,nan
347636708,nan,nan,nan,-2.3791106,0.0,0.106138006,0.101348415,0.11494568,-0.10889813,-0.10889816,0.0,-8.0,-8.0,0.0,nan,nan,nan
347836573,nan,nan,nan,-2.3791106,0.0,0.09492753,0.0926421,0.116049044,0.61039317,0.42101958,0.035781696,8.0,0.0,-8.0,nan,nan,nan
348036632,nan,nan,nan,-2.3791106,0.0,0.12886877,0.12250978,0.116056554,-0.01649949,-0.051070407,0.034061685,8.0,8.0,-8.0,nan,nan,nan
348236459,nan,nan,nan,-2.3791106,0.0,0.09982176,0.09534843,0.11032708,0.0,0.0,-0.0328182,0.0,0.0,8.0,nan,nan,nan
348436322,nan,nan,nan,-2.3791106,0.0,0.061663456,0.05893567,0.10794475,-0.25575465,-0.2071482,0.0,8.0,0.0,0.0,nan,nan,nan
348636211,nan,nan,nan,-2.3791106,0.0,0.051899686,0.0760069,0.10794475,-0.318824,0.478256,0.0,0.0,8.0,0.0,nan,nan,nan
348836314,nan,nan,nan,-2.3791106,0.0,0.0055359206,0.18586111,0.09959014,0.26969412,0.29100806,-0.2174088,8.0,0.0,8.0,nan,nan,nan
349036139,nan,nan,nan,-2.3791106,0.0,0.10422393,0.26938406,0.08574041,-0.04940994,-0.08248001,0.0,-8.0,-8.0,0.0,nan,nan,nan
349236079,nan,nan,nan,-2.3791106,0.0,0.09436486,0.16231513,0.08574041,-0.10115893,-0.20483603,0.0,0.0,8.0,0.0,nan,nan,nan
349436413,nan,nan,nan,-2.3791106,0.0,0.008016749,0.09611665,0.08678115,-0.42816696,-0.61040527,0.022419289,0.0,8.0,-8.0,nan,nan,nan
349636197,nan,nan,nan,-2.3791106,0.0,-0.13323091,0.07657308,0.09113916,-0.586695,0.66977876,0.0,8.0,8.0,0.0,nan,nan,nan
349836113,nan,nan,nan,-2.3791106,0.0,-0.094301,0.27043507,0.09113916,0.77102876,1.350054,0.0,0.0,8.0,0.0,nan,nan,nan
350036074,nan,nan,nan,-2.3791106,0.0,0.02963619,0.47632766,0.09113916,0.06647359,0.32117787,0.0,-8.0,-8.0,0.0,nan,nan,nan
350235978,nan,nan,nan,-2.3791106,0.0,0.032163776,0.38068599,0.09113916,0.08329633,-1.2780542,0.0,0.0,-8.0,0.0,nan,nan,nan
350435750,nan,nan,nan,-2.3791106,0.0,0.03633009,0.18592484,0.09113916,0.06474435,-0.22180934,0.0,0.0,8.0,0.0,nan,nan,nan
350635778,nan,nan,nan,-2.3791106,0.0,0.08493336,0.23579885,0.0640197,0.1141866,0.20383482,0.0,-8.0,0.0,0.0,nan,nan,nan
350835901,nan,nan,nan,-2.3791106,0.0,0.032291107,0.21414335,0.0640197,-0.4291248,-0.5202181,0.0,0.0,-8.0,0.0,nan,nan,nan
351035679,nan,nan,nan,-2.3791106,0.0,0.007374433,0.16270205,0.0640197,-0.20012882,-0.25986254,0.0,8.0,0.0,0.0,nan,nan,nan
351235916,nan,nan,nan,-2.3791106,0.0,-0.047158152,0.11059174,0.063684456,-0.13129789,-0.13129789,0.07324061,8.0,8.0,-8.0,nan,nan,nan
351435829,nan,nan,nan,-2.3791106,0.0,-0.07495075,0.069484964,0.06320495,0.09907478,-0.011956975,-0.054442793,0.0,8.0,8.0,nan,nan,nan
351635682,nan,nan,nan,-2.3791106,0.0,-0.04122055,0.04283402,0.063707195,0.3872842,-0.45278522,0.07071253,0.0,8.0,-8.0,nan,nan,nan
351835661,nan,nan,nan,-2.3791106,0.0,-0.009281981,0.009642865,0.06368431,-0.15948799,0.15948799,0.073255986,-8.0,8.0,-8.0,nan,nan,nan
352035522,nan,nan,nan,-2.3791106,0.0,-0.007692205,0.008053089,0.06380898,0.0,0.0,0.058066383,0.0,0.0,-8.0,nan,nan,nan
352235547,nan,nan,nan,-2.3791106,0.0,-0.007692205,0.008053089,0.06401971,0.0,0.0,0.0,0.0,0.0,0.0,nan,nan,nan
352435359,nan,nan,nan,-2.3791106,0.0,-0.007692205,0.008053089,0.0636469,0.0,0.0,0.07723425,0.0,0.0,-8.0,nan,nan,nan
352635338,nan,nan,nan,-2.3791106,0.0,-0.002215408,0.0022154069,0.064989,0.18827248,-0.18827248,0.02317392,-8.0,8.0,-8.0,nan,nan,nan
352835382,1.6008016,-0.012095208,nan,-2.3791106,0.0,-8.366884e-11,-1.0004442e-09,0.06481446,0.0,0.0,0.057701472,0.0,0.0,-8.0,nan,nan,nan
353055493,1.6008016,-0.012095208,nan,-2.3791106,0.0,-8.366884e-11,-1.0004442e-09,0.06401971,0.0,0.0,0.0,0.0,0.0,0.0,nan,nan,nan
353235347,1.6008016,-0.012095208,nan,-2.3791106,0.0,-8.366884e-11,-1.0004442e-09,0.065022565,0.0,0.0,0.0,0.0,0.0,0.0,nan,nan,nan
353435284,1.6008016,-0.012095208,nan,-2.3791106,0.0,-8.366884e-11,-1.0004442e-09,0.07933655,0.0,0.0,0.027589634,0.0,0.0,-8.0,nan,nan,nan
353635393,1.6008016,-0.012095208,nan,-2.3791106,0.0,-8.366884e-11,-1.0004442e-09,0.08950917,0.0,0.0,0.161032,0.0,0.0,8.0,nan,nan,nan
353835344,1.6008016,-0.012095208,nan,-2.3791106,0.0,-8.366884e-11,-1.0004442e-09,0.09184407,0.0,0.0,0.07863055,0.0,0.0,-8.0,nan,nan,nan
354035055,1.6008016,-0.012095208,nan,-2.3791106,0.0,-8.366884e-11,-1.0004442e-09,0.09044001,0.0,0.0,0.078820094,0.0,0.0,8.0,nan,nan,nan
354234977,1.6008016,-0.012095208,nan,-2.3791106,0.0,-8.366884e-11,-1.0004442e-09,0.092894875,0.0,0.0,0.08303656,0.0,0.0,-8.0,nan,nan,nan
354454995,1.6008016,-0.012095208,nan,-2.3791106,0.0,-8.366884e-11,-1.0004442e-09,0.092230484,0.0,0.0,0.0,0.0,0.0,0.0,nan,nan,nan
354634909,1.6008016,-0.012095208,nan,-2.3791106,0.0,-8.366884e-11,-1.0004442e-09,0.09271976,0.0,0.0,0.0770888,0.0,0.0,8.0,nan,nan,nan
354835106,1.6008016,-0.012095208,nan,-2.3791106,0.0,-8.366884e-11,-1.0004442e-09,0.092930466,0.0,0.0,0.07953329,0.0,0.0,-8.0,nan,nan,nan
355035185,1.6008016,-0.012095208,nan,-2.3791106,0.0,-8.366884e-11,-1.0004442e-09,0.092277,0.0,0.0,-0.027280867,0.0,0.0,8.0,nan,nan,nan
355234905,1.6008016,-0.012095208,nan,-2.3791106,0.0,-8.366884e-11,-1.0004442e-09,0.093325816,0.0,0.0,0.0,0.0,0.0,0.0,nan,nan,nan
355434998,1.6008016,-0.012095208,nan,-2.3791106,0.0,-8.366884e-11,-1.0004442e-09,0.09711671,0.0,0.0,0.159408,0.0,0.0,8.0,nan,nan,nan
355634925,1.6008016,-0.012095208,nan,-2.3791106,0.0,-8.366884e-11,-1.0004442e-09,0.115283154,0.0,0.0,-0.07348232,0.0,0.0,8.0,nan,nan,nan
355834706,1.6008016,-0.012095208,nan,-2.3791106,0.0,-8.366884e-11,-1.0004442e-09,0.1158494,0.0,0.0,0.06689334,0.0,0.0,-8.0,nan,nan,nan
356054690,nan,nan,nan,-2.3791106,0.0,-0.007229656,-0.006905673,0.11612906,0.0,0.0,0.0,0.0,0.0,0.0,nan,nan,nan
356234670,nan,nan,nan,-2.3791106,0.0,-0.002260108,-0.0022306556,0.11487318,-0.160144,-0.160144,0.03405878,-8.0,-8.0,-8.0,nan,nan,nan
356434633,nan,nan,nan,-2.3791106,0.0,-0.02442934,0.014143649,0.11388874,-0.58906114,0.3553408,0.0441185,-8.0,0.0,8.0,nan,nan,nan
356644593,nan,nan,nan,-2.3791106,0.0,-0.13233988,0.030813493,0.113767095,-0.045757994,-0.2644924,0.0,8.0,8.0,0.0,nan,nan,nan
356844421,nan,nan,nan,-2.3791106,0.0,-0.10509223,0.0019814426,0.11494567,0.38459778,-0.3788424,0.0,8.0,0.0,0.0,nan,nan,nan
357044389,nan,nan,nan,-2.3791106,0.0,-0.036761396,-0.03625401,0.11420838,-0.03425397,-0.033876777,0.08402703,-8.0,0.0,8.0,nan,nan,nan
357244428,nan,nan,nan,-2.3791106,0.0,-0.04244002,-0.03593589,0.1137671,-0.16188,0.16188,0.0,-8.0,8.0,0.0,nan,nan,nan
357444354,nan,nan,nan,-2.3791106,0.0,-0.07617994,-0.0021419371,0.114116594,-0.29686618,0.13753018,-0.07478026,0.0,-8.0,8.0,nan,nan,nan
357644343,nan,nan,nan,-2.3791106,0.0,-0.1361279,-0.004045429,0.11451891,-0.5824126,0.14708546,-0.06945312,8.0,0.0,-8.0,nan,nan,nan
357844321,nan,nan,nan,-2.3791106,0.0,-0.19137673,0.099531196,0.113767095,0.26121444,0.32730877,0.0,8.0,0.0,0.0,nan,nan,nan
358044286,nan,nan,nan,-2.3791106,0.0,-0.12770928,0.14024931,0.11478735,0.35337198,0.033555925,0.050332665,0.0,-8.0,-8.0,nan,nan,nan
358244295,nan,nan,nan,-2.3791106,0.0,-0.11991367,0.12553945,0.11494568,0.0,0.0,0.0,0.0,0.0,0.0,nan,nan,nan
358444117,nan,nan,nan,-2.3791106,0.0,-0.126787,0.13274382,0.113767095,0.05395174,-0.05395174,0.0,8.0,-8.0,0.0,nan,nan,nan
358643981,nan,nan,nan,-2.3791106,0.0,-0.0794346,0.082504906,0.11101131,0.46696925,-0.5032938,-0.159096,0.0,8.0,-8.0,nan,nan,nan
358843882,nan,nan,nan,-2.3791106,0.0,-0.051129095,0.053459536,0.10393873,-0.15262266,0.15262266,-0.09529124,-8.0,8.0,-8.0,nan,nan,nan
359043929,nan,nan,nan,-2.3791106,0.0,-0.065319456,0.06863624,0.10115948,-0.29332614,0.29332614,-0.028819516,8.0,-8.0,8.0,nan,nan,nan
359244193,nan,nan,nan,-2.3791106,0.0,-0.07069697,0.074013755,0.093347415,0.0,0.0,0.018591866,0.0,0.0,8.0,nan,nan,nan
359443945,nan,nan,nan,-2.3791106,0.0,-0.062103238,0.06509025,0.09442516,0.159112,-0.159112,0.0,8.0,-8.0,0.0,nan,nan,nan
359643903,nan,nan,nan,-2.3791106,0.0,-0.04436587,0.046367835,0.09332581,0.164646,-0.16464601,0.0,-8.0,8.0,0.0,nan,nan,nan
359843935,1.6514577,0.15160023,nan,-2.3791106,0.0,-8.1487084e-10,-1.1641532e-09,0.09332581,0.0,0.0,0.0,0.0,0.0,0.0,nan,nan,nan
360043896,1.6514577,0.15160023,nan,-2.3791106,0.0,-8.1487084e-10,-1.1641532e-09,0.09223049,0.0,0.0,0.0,0.0,0.0,0.0,nan,nan,nan
360243666,1.6514577,0.15160023,nan,-2.3791106,0.0,-8.1487084e-10,-1.1641532e-09,0.09223049,0.0,0.0,0.0,0.0,0.0,0.0,nan,nan,nan
360443650,1.6514577,0.15160023,nan,-2.3791106,0.0,-8.1487084e-10,-1.1641532e-09,0.09223049,0.0,0.0,0.0,0.0,0.0,0.0,nan,nan,nan
360643500,1.6514577,0.15160023,nan,-2.3791106,0.0,-8.1487084e-10,-1.1641532e-09,0.09132783,0.0,0.0,-0.05494377,0.0,0.0,8.0,nan,nan,nan
360843525,1.6514577,0.15160023,nan,-2.3791106,0.0,-8.1487084e-10,-1.1641532e-09,0.09113916,0.0,0.0,0.0,0.0,0.0,0.0,nan,nan,nan
361043526,1.6514577,0.15160023,nan,-2.3791106,0.0,-8.1487084e-10,-1.1641532e-09,0.09113916,0.0,0.0,0.0,0.0,0.0,0.0,nan,nan,nan
361243746,1.6514577,0.15160023,nan,-2.3791106,0.0,-8.1487084e-10,-1.1641532e-09,0.09113916,0.0,0.0,0.0,0.0,0.0,0.0,nan,nan,nan
361443491,1.6514577,0.15160023,nan,-2.3791106,0.0,-8.1487084e-10,-1.1641532e-09,0.09113916,0.0,0.0,0.0,0.0,0.0,0.0,nan,nan,nan
361643494,nan,nan,nan,-2.3791106,0.0,-0.0129556665,-0.036633685,0.09113916,0.0,0.0,0.0,0.0,0.0,0.0,nan,nan,nan
361843464,nan,nan,nan,-2.3791106,0.0,0.036498196,0.060124155,0.09113916,-0.000537768,0.78925997,0.0,-8.0,-8.0,0.0,nan,nan,nan
362043330,nan,nan,nan,-2.3791106,0.0,0.054757655,0.1106607,0.09113916,0.19139455,0.061865404,0.0,-8.0,0.0,0.0,nan,nan,nan
362243157,nan,nan,nan,-2.3791106,0.0,0.023393543,0.10109138,0.09113915,-0.043247893,0.26976156,0.0,0.0,8.0,0.0,nan,nan,nan
362443080,nan,nan,nan,-2.3791106,0.0,0.03288456,0.14316092,0.09113915,-0.1752993,-0.13336805,0.0,0.0,-8.0,0.0,nan,nan,nan
362643040,nan,nan,nan,-2.3791106,0.0,0.028354011,0.11703119,0.09113915,-0.19768952,-0.2417566,0.0,-8.0,0.0,0.0,nan,nan,nan
362843069,nan,nan,nan,-2.3791106,0.0,0.009332104,0.04656024,0.09113915,0.1085376,0.19647135,0.0,0.0,8.0,0.0,nan,nan,nan
363043125,nan,nan,nan,-2.3791106,0.0,0.025206761,0.07776811,0.090968676,0.11475077,-0.0012366027,0.052227866,8.0,0.0,-8.0,nan,nan,nan
363243137,nan,nan,nan,-2.3791106,0.0,0.044362996,0.10194432,0.09096736,0.15002978,0.1062931,0.05242908,8.0,0.0,-8.0,nan,nan,nan
363443159,nan,nan,nan,-2.3791106,0.0,0.057123765,0.14162174,0.090552896,0.020551965,0.18142396,-0.07949186,-8.0,0.0,-8.0,nan,nan,nan
363642909,nan,nan,nan,-2.3791106,0.0,0.052309982,0.14701559,0.09073137,-0.043253243,0.18351872,0.08029173,0.0,-8.0,8.0,nan,nan,nan
363842836,nan,nan,nan,-2.3791106,0.0,0.05720594,0.15409328,0.090437636,0.0,0.0,0.07857993,0.0,0.0,8.0,nan,nan,nan
364042746,nan,nan,nan,-2.3791106,0.0,0.050843008,0.14773035,0.091094084,-0.319072,-0.319072,0.02685462,-8.0,-8.0,-8.0,nan,nan,nan
364242781,nan,nan,nan,-2.3791106,0.0,0.034437038,0.13227247,0.09040567,-0.160608,-0.160608,-0.07525434,-8.0,-8.0,8.0,nan,nan,nan
364442713,nan,nan,nan,-2.3791106,0.0,0.014666584,0.113448285,0.09113916,-0.06533007,-0.06533009,0.0,-8.0,-8.0,0.0,nan,nan,nan
364642896,nan,nan,nan,-2.3791106,0.0,-0.049450994,0.045713115,0.09113916,0.059632152,-0.26317585,0.0,8.0,0.0,0.0,nan,nan,nan
364842799,nan,nan,nan,-2.3791106,0.0,-0.04425501,0.046256963,0.09113916,-0.159168,0.159168,0.0,-8.0,8.0,0.0,nan,nan,nan
365042781,nan,nan,nan,-2.3791106,0.0,-0.03978281,0.121719256,0.09113916,-0.10805027,0.139157,0.0,-8.0,-8.0,0.0,nan,nan,nan
365242866,nan,nan,nan,-2.3791106,0.0,-0.07724667,0.09345617,0.09113916,-0.07472749,0.065768376,0.0,0.0,8.0,0.0,nan,nan,nan
365442566,nan,nan,nan,-2.3791106,0.0,-0.078671075,0.08252383,0.09113916,0.27027816,-0.31455103,0.0,0.0,-8.0,0.0,nan,nan,nan
365642464,1.6906844,0.24516457,nan,-2.3791106,0.0,3.0327962e-12,3.1832315e-12,0.09113916,0.0,0.0,0.0,0.0,0.0,0.0,nan,nan,nan
365842386,1.6906844,0.24516457,nan,-2.3791106,0.0,0.0,-2.1684043e-19,0.09113916,0.0,0.0,0.0,0.0,0.0,0.0,nan,nan,nan
366042422,1.6906844,0.24516457,nan,-2.3791106,0.0,0.0,-2.1684043e-19,0.09113916,0.0,0.0,0.0,0.0,0.0,0.0,nan,nan,nan
366242328,1.6906844,0.24516457,nan,-2.3791106,0.0,0.0,-2.1684043e-19,0.09113916,0.0,0.0,0.0,0.0,0.0,0.0,nan,nan,nan
366442314,nan,nan,nan,-2.3791106,0.0,-0.017567717,0.021109756,0.09043811,-0.25650287,0.25650287,0.078627795,8.0,-8.0,8.0,nan,nan,nan
366637303,nan,nan,nan,-2.3791106,0.0,-0.03372961,0.035403203,0.09073342,-0.15088001,0.15088001,0.0805718,-8.0,8.0,-8.0,nan,nan,nan
366837483,nan,nan,nan,-2.3791106,0.0,-0.065308645,0.068296485,0.090220354,-0.161152,0.161152,-0.05194232,-8.0,8.0,8.0,nan,nan,nan
367037095,nan,nan,nan,-2.3791106,0.0,-0.08473247,0.08870774,0.09071475,0.0,0.0,0.078198805,0.0,0.0,8.0,nan,nan,nan
367237023,nan,nan,nan,-2.3791106,0.0,-0.07771246,0.08135838,0.09095034,0.0,0.0,0.05496423,0.0,0.0,-8.0,nan,nan,nan
367436977,nan,nan,nan,-2.3791106,0.0,-0.050892305,0.05321777,0.09113916,0.13966049,-0.1399097,0.0,-8.0,8.0,0.0,nan,nan,nan
367637011,nan,nan,nan,-2.3791106,0.0,-0.04967716,0.05200288,0.09113916,-0.0038253665,0.0035900474,0.0,8.0,-8.0,0.0,nan,nan,nan
367837081,nan,nan,nan,-2.3791106,0.0,-0.056682777,0.059336323,0.09113916,-0.0030830204,0.0028093606,0.0,8.0,-8.0,0.0,nan,nan,nan
368036964,nan,nan,nan,-2.3791106,0.0,-0.06368552,0.06667337,0.09113916,0.0,0.0,0.0,0.0,0.0,0.0,nan,nan,nan
368237144,nan,nan,nan,-2.3791106,0.0,-0.071232066,0.0745647,0.09113916,0.07795973,-0.09388945,0.0,0.0,8.0,0.0,nan,nan,nan
368436949,nan,nan,nan,-2.3791106,0.0,-0.072508425,0.07582521,0.09113916,0.17024484,-0.17024483,0.0,-8.0,8.0,0.0,nan,nan,nan
368636770,nan,nan,nan,-2.3791106,0.0,-0.06081764,0.06376753,0.09135448,-0.1909796,0.21562348,-0.058696106,0.0,-8.0,8.0,nan,nan,nan
368836770,nan,nan,nan,-2.3791106,0.0,-0.058252253,0.060911313,0.09113916,-0.15872,0.15872,0.0,-8.0,8.0,0.0,nan,nan,nan
369036584,nan,nan,nan,-2.3791106,0.0,-0.036959335,0.038080387,0.09043365,0.07775743,-0.10839771,-0.0781724,-8.0,8.0,8.0,nan,nan,nan
369236540,nan,nan,nan,-2.3791106,0.0,-0.035672422,0.03734601,0.09072565,0.0,0.0,0.08133968,0.0,0.0,-8.0,nan,nan,nan
369436555,nan,nan,nan,-2.3791106,0.0,-0.035672422,0.03734601,0.09005172,0.0,0.0,0.0,0.0,0.0,0.0,nan,nan,nan
369636427,nan,nan,nan,-2.3791106,0.0,-0.03408886,0.035762448,0.09044952,0.159176,-0.159176,-0.07977952,8.0,-8.0,8.0,nan,nan,nan
369836525,nan,nan,nan,-2.3791106,0.0,-0.0069225174,0.006955324,0.09113916,0.31555018,-0.3155502,0.0,-8.0,8.0,0.0,nan,nan,nan
370036573,1.7091995,0.22621167,nan,-2.3791106,0.0,-1.3010426e-18,-2.910383e-11,0.09113916,0.0,0.0,0.0,0.0,0.0,0.0,nan,nan,nan
370236605,1.7091995,0.22621167,nan,-2.3791106,0.0,-1.3010426e-18,-2.910383e-11,0.09113916,0.0,0.0,0.0,0.0,0.0,0.0,nan,nan,nan
370436502,1.7091995,0.22621167,nan,-2.3791106,0.0,-1.3010426e-18,-2.910383e-11,0.09113916,0.0,0.0,0.0,0.0,0.0,0.0,nan,nan,nan
370636286,nan,nan,nan,-2.3791106,0.0,-0.00020520687,-0.012879987,0.09113916,0.0,0.0,0.0,0.0,0.0,0.0,nan,nan,nan
370836173,nan,nan,nan,-2.3791106,0.0,-0.005806498,0.007380834,0.092181616,0.18493547,-0.34364712,0.027963892,0.0,8.0,-8.0,nan,nan,nan
371036231,nan,nan,nan,-2.3791106,0.0,-0.023773318,0.02511863,0.092230484,-0.2800566,0.2800566,0.0,8.0,-8.0,0.0,nan,nan,nan
371236088,nan,nan,nan,-2.3791106,0.0,-0.024849467,0.02586592,0.09155992,0.00063200295,-0.00063200295,0.0820493,8.0,-8.0,8.0,nan,nan,nan
371436035,nan,nan,nan,-2.3791106,0.0,-0.021681549,0.022694785,0.114214174,0.005254507,-0.0054493695,0.06888594,-8.0,8.0,8.0,nan,nan,nan
371636164,nan,nan,nan,-2.3791106,0.0,-0.0027764915,0.0027764896,0.11265913,0.21076968,-0.2107697,-0.03245753,-8.0,8.0,8.0,nan,nan,nan
371836226,1.6891319,0.2789956,nan,-2.3791106,0.0,-1.1642926e-10,-1.9645086e-09,0.11376709,0.0,0.0,0.0,0.0,0.0,0.0,nan,nan,nan
372036137,nan,nan,nan,-2.3791106,0.0,-0.04621733,0.048890848,0.11376709,-0.53255767,0.6340083,0.0,0.0,-8.0,0.0,nan,nan,nan
372235919,nan,nan,nan,-2.3791106,0.0,-0.15538143,0.16254222,0.11376709,0.012267873,-0.012267873,0.0,8.0,-8.0,0.0,nan,nan,nan
372435925,nan,nan,nan,-2.3791106,0.0,-0.104010984,0.11063085,0.11376709,0.80517346,-0.80517346,0.0,8.0,-8.0,0.0,nan,nan,nan
372635740,1.6456858,0.32974303,nan,-2.3791106,0.0,4.3590267e-14,-1.3680897e-14,0.11376709,0.0,0.0,0.0,0.0,0.0,0.0,nan,nan,nan
372835691,1.6456858,0.32974303,nan,-2.3791106,0.0,-1.6940659e-21,-1.3680897e-14,0.11376709,0.0,0.0,0.0,0.0,0.0,0.0,nan,nan,nan
373035732,1.6456858,0.32974303,nan,-2.3791106,0.0,-1.6940659e-21,-1.3680897e-14,0.11345562,0.0,0.0,0.07059398,0.0,0.0,-8.0,nan,nan,nan
373235633,1.6456858,0.32974303,nan,-2.3791106,0.0,-1.6940659e-21,-1.3680897e-14,0.11307135,0.0,0.0,-0.087459795,0.0,0.0,8.0,nan,nan,nan
373435771,1.6456858,0.32974303,nan,-2.3791106,0.0,-1.6940659e-21,-1.3680897e-14,0.11274905,0.0,0.0,-0.049923465,0.0,0.0,8.0,nan,nan,nan
373635642,1.6456858,0.32974303,nan,-2.3791106,0.0,-1.6940659e-21,-1.3680897e-14,0.113767095,0.0,0.0,0.0,0.0,0.0,0.0,nan,nan,nan
373835895,1.6456858,0.32974303,nan,-2.3791106,0.0,-1.6940659e-21,-1.3680897e-14,0.113767095,0.0,0.0,0.0,0.0,0.0,0.0,nan,nan,nan
374035834,1.6456858,0.32974303,nan,-2.3791106,0.0,-1.6940659e-21,-1.3680897e-14,0.113767095,0.0,0.0,0.0,0.0,0.0,0.0,nan,nan,nan
374235429,1.6456858,0.32974303,nan,-2.3791106,0.0,-1.6940659e-21,-1.3680897e-14,0.113767095,0.0,0.0,0.0,0.0,0.0,0.0,nan,nan,nan
374435344,1.6456858,0.32974303,nan,-2.3791106,0.0,-1.6940659e-21,-1.3680897e-14,0.10567757,0.0,0.0,-0.19871731,0.0,0.0,-8.0,nan,nan,nan
374635496,1.6456858,0.32974303,nan,-2.3791106,0.0,-1.6940659e-21,-1.3680897e-14,0.09227857,0.0,0.0,-0.1897772,0.0,0.0,-8.0,nan,nan,nan
374835352,1.6456858,0.32974303,nan,-2.3791106,0.0,-1.6940659e-21,-1.3680897e-14,0.08468124,0.0,0.0,-0.012178801,0.0,0.0,8.0,nan,nan,nan
375035297,1.6456858,0.32974303,nan,-2.3791106,0.0,-1.6940659e-21,-1.3680897e-14,0.075689085,0.0,0.0,0.0740903,0.0,0.0,8.0,nan,nan,nan
375235381,1.6456858,0.32974303,nan,-2.3791106,0.0,-1.6940659e-21,-1.3680897e-14,0.06706233,0.0,0.0,0.020162135,0.0,0.0,8.0,nan,nan,nan
375455297,1.6456858,0.32974303,nan,-2.3791106,0.0,-1.6940659e-21,-1.3680897e-14,0.060036354,0.0,0.0,0.0,0.0,0.0,0.0,nan,nan,nan
375635329,1.6456858,0.32974303,nan,-2.3791106,0.0,-1.6940659e-21,-1.3680897e-14,0.058060918,0.0,0.0,0.0,0.0,0.0,0.0,nan,nan,nan
375835415,1.6456858,0.32974303,nan,-2.3791106,0.0,-1.6940659e-21,-1.3680897e-14,0.046246022,0.0,0.0,-0.24143785,0.0,0.0,8.0,nan,nan,nan
376035080,1.6456858,0.32974303,nan,-2.3791106,0.0,-1.6940659e-21,-1.3680897e-14,0.034135327,0.0,0.0,0.0,0.0,0.0,0.0,nan,nan,nan
376234912,1.6456858,0.32974303,nan,-2.3791106,0.0,-1.6940659e-21,-1.3680897e-14,0.034135327,0.0,0.0,0.0,0.0,0.0,0.0,nan,nan,nan
376434878,1.6456858,0.32974303,nan,-2.3791106,0.0,-1.6940659e-21,-1.3680897e-14,0.034135327,0.0,0.0,0.0,0.0,0.0,0.0,nan,nan,nan
376634927,1.6456858,0.32974303,nan,-2.3791106,0.0,-1.6940659e-21,-1.3680897e-14,0.03404474,0.0,0.0,0.038071044,0.0,0.0,-8.0,nan,nan,nan
376854911,1.6456858,0.32974303,nan,-2.3791106,0.0,-1.6940659e-21,-1.3680897e-14,0.033202846,0.0,0.0,0.0,0.0,0.0,0.0,nan,nan,nan
377054914,1.6456858,0.32974303,nan,-2.3791106,0.0,-1.6940659e-21,-1.3680897e-14,0.033692274,0.0,0.0,-0.08419498,0.0,0.0,-8.0,nan,nan,nan
377234841,1.6456858,0.32974303,nan,-2.3791106,0.0,-1.6940659e-21,-1.3680897e-14,0.033980902,0.0,0.0,0.049707066,0.0,0.0,-8.0,nan,nan,nan
377435031,nan,nan,nan,-2.3791106,0.0,-0.33711302,-0.052190166,0.03412783,0.483144,0.2546283,0.010948844,8.0,0.0,-8.0,nan,nan,nan
377634932,nan,nan,nan,-2.3791106,0.0,-0.08111506,0.083909206,0.03374876,2.08072,0.8364958,0.07864473,8.0,0.0,-8.0,nan,nan,nan
377844730,nan,nan,nan,-2.3791106,0.0,0.30036625,0.25204018,0.034135323,1.0371487,0.24133606,0.0,-8.0,-8.0,0.0,nan,nan,nan
378044651,nan,nan,nan,-2.3791106,0.0,0.34782237,0.18162976,0.03412425,-0.5624753,-0.56180954,0.013308845,-8.0,0.0,-8.0,nan,nan,nan
378244703,nan,nan,nan,-2.3791106,0.0,0.10030556,0.06923862,0.034135327,-1.2668421,-0.56180966,0.0,8.0,0.0,0.0,nan,nan,nan
378454563,nan,nan,nan,-2.3791106,0.0,-0.010664551,0.0013403146,0.025095582,0.24004,3.9041042e-06,-0.1351422,8.0,0.0,8.0,nan,nan,nan
378634578,nan,nan,nan,-2.3791106,0.0,0.09143537,0.0866889,0.016636033,0.49709243,0.47082886,0.0,-8.0,0.0,0.0,nan,nan,nan
378844297,nan,nan,nan,-2.3791106,0.0,0.078879036,0.07828589,0.016636033,0.056459486,0.10835791,0.0,8.0,8.0,0.0,nan,nan,nan
379044329,nan,nan,nan,-2.3791106,0.0,0.21672271,0.20507167,0.017547663,0.9362742,0.84539515,0.0,-8.0,0.0,0.0,nan,nan,nan
379244239,nan,nan,nan,-2.3791106,0.0,0.4475474,0.42085752,0.017547663,1.6983888,1.6392747,0.0,-8.0,0.0,0.0,nan,nan,nan
379444150,nan,nan,nan,-2.3791106,0.0,0.6416285,0.58870894,0.017547663,0.57929283,0.03997861,0.0,0.0,-8.0,0.0,nan,nan,nan
379644291,nan,nan,nan,-2.3791106,0.0,0.6586081,0.43648928,0.017547663,-0.47180927,-1.5611255,0.0,0.0,-8.0,0.0,nan,nan,nan
379844321,nan,nan,nan,-2.3791106,0.0,0.6179498,-0.035840154,0.017547663,0.23408717,-3.1613896,0.0,0.0,-8.0,0.0,nan,nan,nan
380044168,nan,nan,nan,-2.3791106,0.0,0.6905066,-0.54869765,0.018460128,0.5966502,-1.7886786,0.0,0.0,8.0,0.0,nan,nan,nan
380244235,nan,nan,nan,-2.3791106,0.0,0.79618025,-0.74644506,0.017547663,0.44029194,-0.1881827,0.0,0.0,8.0,0.0,nan,nan,nan
380443962,nan,nan,nan,-2.3791106,0.0,0.8884687,-0.6244611,0.017547663,0.54336935,1.4096652,0.0,0.0,8.0,0.0,nan,nan,nan
380643879,nan,nan,nan,-2.3791106,0.0,1.0173106,-0.1827779,0.017547665,0.784208,3.0090013,0.0,0.0,8.0,0.0,nan,nan,nan
380843827,nan,nan,nan,-2.3791106,0.0,1.1767306,0.46405864,0.018452637,0.79884356,2.6926167,0.010948822,0.0,-8.0,-8.0,nan,nan,nan
381043778,nan,nan,nan,-2.3791106,0.0,1.2343568,0.842523,0.017547665,-0.47927642,1.0930487,0.0,-8.0,-8.0,0.0,nan,nan,nan
381244124,nan,nan,nan,-2.3791106,0.0,1.080367,0.90095335,0.017547665,-0.8008524,-0.50977534,0.0,0.0,-8.0,0.0,nan,nan,nan
381443806,nan,nan,nan,-2.3791106,0.0,0.9461347,0.639671,0.020287639,-0.15982044,-2.1072233,0.0,8.0,-8.0,0.0,nan,nan,nan
381643802,nan,nan,nan,-2.3791106,0.0,1.0306436,0.058693487,0.021202741,0.63154066,-3.7062151,0.0,0.0,-8.0,0.0,nan,nan,nan
381843718,nan,nan,nan,-2.3791106,0.0,1.1724248,-0.7353263,0.021202741,0.72054183,-3.4524434,0.0,0.0,8.0,0.0,nan,nan,nan
382043665,nan,nan,nan,-2.3791106,0.0,1.1565788,-1.2657185,0.02280162,-0.87904215,-1.8528593,0.159944,-8.0,8.0,8.0,nan,nan,nan
382243509,nan,nan,nan,-2.3791106,0.0,0.94306576,-1.4762498,0.17223145,-1.0811957,-0.25413117,0.59551394,0.0,8.0,-8.0,nan,nan,nan
382443449,nan,nan,nan,-2.3791106,0.0,0.85622793,-1.3671579,0.1928635,0.32519376,1.3453809,0.0,0.0,8.0,0.0,nan,nan,nan
382643381,nan,nan,nan,-2.3791106,0.0,0.9212466,-0.9382643,0.1919917,0.325194,2.9448848,0.06466237,0.0,8.0,8.0,nan,nan,nan
382843453,nan,nan,nan,-2.3791106,0.0,0.9863078,-0.18897372,0.18981947,0.325194,4.545437,0.0,0.0,8.0,0.0,nan,nan,nan
383043319,nan,nan,nan,-2.3791106,0.0,1.0260799,0.56301266,0.16314611,-0.24022521,2.9664776,0.09124206,0.0,-8.0,-8.0,nan,nan,nan
383243443,nan,nan,nan,-2.3791106,0.0,0.9220864,0.99643254,0.14935377,-0.777723,1.3657497,-0.10095519,0.0,-8.0,8.0,nan,nan,nan
383443364,nan,nan,nan,-2.3791106,0.0,0.7873902,1.1095927,0.26431328,-0.29750702,-0.2338984,1.2075144,8.0,-8.0,-8.0,nan,nan,nan
383643392,nan,nan,nan,-2.3791106,0.0,0.8880137,0.90263706,0.3763451,1.3032609,-1.8346665,-0.23241362,8.0,-8.0,-8.0,nan,nan,nan
383843479,nan,nan,nan,-2.3791106,0.0,1.2795686,0.3755458,0.3531463,2.2206557,-3.4350343,0.0,0.0,-8.0,0.0,nan,nan,nan
384043155,nan,nan,nan,-2.3791106,0.0,1.7087148,-0.46478283,0.3531463,1.7414957,-4.623318,0.0,-8.0,8.0,0.0,nan,nan,nan
384243158,nan,nan,nan,-2.3791106,0.0,1.8970141,-1.2294523,0.35085943,0.14147969,-3.0233018,0.0,-8.0,8.0,0.0,nan,nan,nan
384443040,nan,nan,nan,-2.3791106,0.0,1.7909813,-1.6739391,0.30027467,-0.8188803,-1.4242779,-0.22688438,0.0,8.0,8.0,nan,nan,nan
384643020,nan,nan,nan,-2.3791106,0.0,1.5707059,-1.7987974,0.29311654,-1.2529284,0.17559406,-0.038722694,0.0,8.0,8.0,nan,nan,nan
384843221,nan,nan,nan,-2.3791106,0.0,1.3774092,-1.6033945,0.2970574,-0.2938484,1.7768741,0.0,8.0,8.0,0.0,nan,nan,nan
385043161,nan,nan,nan,-2.3791106,0.0,1.478491,-1.0884044,0.30113074,1.3052397,3.375962,0.0,8.0,8.0,0.0,nan,nan,nan
385243038,nan,nan,nan,-2.3791106,0.0,1.806738,-0.25335124,0.29800853,1.6870208,4.975738,0.0027920008,0.0,8.0,8.0,nan,nan,nan
385442878,nan,nan,nan,-2.3791106,0.0,1.9841284,0.6487209,0.2900505,0.08827673,3.7535262,-0.37455028,-8.0,-8.0,-8.0,nan,nan,nan
385642936,nan,nan,nan,-2.3791106,0.0,1.8479676,1.2395426,0.23810436,-1.1955312,2.1530938,-0.13790673,0.0,-8.0,8.0,nan,nan,nan
385842666,nan,nan,nan,-2.3791106,0.0,1.5521399,1.5100121,0.16366643,-1.5125873,0.5552458,0.0,0.0,-8.0,0.0,nan,nan,nan
386042572,nan,nan,nan,-2.3791106,0.0,1.2752262,1.4611553,0.16646586,-0.87424326,-1.0440342,0.0,8.0,-8.0,0.0,nan,nan,nan
386242540,nan,nan,nan,-2.3791106,0.0,1.260355,1.0924302,0.16646586,0.72550875,-2.643786,0.0,8.0,-8.0,0.0,nan,nan,nan
386442603,nan,nan,nan,-2.3791106,0.0,1.565599,0.40341407,0.16646586,2.3259969,-4.244274,0.0,8.0,-8.0,0.0,nan,nan,nan
386642455,nan,nan,nan,-2.3791106,0.0,2.1360497,-0.5601458,0.16646586,2.9938805,-5.0,0.0,0.0,0.0,0.0,nan,nan,nan
386842595,nan,nan,nan,-2.3791106,0.0,2.6775248,-1.5514312,0.16646586,2.0345767,-4.6189566,0.0,-8.0,8.0,0.0,nan,nan,nan
387042433,nan,nan,nan,-2.3791106,0.0,2.9244,-2.3149416,0.16646586,0.4353208,-3.0197003,0.0,-8.0,8.0,0.0,nan,nan,nan
387242647,nan,nan,nan,-2.3791106,0.0,2.8512614,-2.7591288,0.15951504,-1.1660712,-1.4183083,0.0,-8.0,8.0,0.0,nan,nan,nan
387442488,nan,nan,nan,-2.3791106,0.0,2.4585645,-2.8828244,0.15951502,-2.7645752,0.1801957,0.0,-8.0,8.0,0.0,nan,nan,nan
387642232,nan,nan,nan,-2.3791106,0.0,1.7485529,-2.687123,0.15951502,-4.1808443,1.7786758,0.0,0.0,8.0,0.0,nan,nan,nan
387842155,nan,nan,nan,-2.3791106,0.0,0.91271025,-2.1716514,0.15951502,-4.1808443,3.3780518,0.0,0.0,8.0,0.0,nan,nan,nan
388042179,nan,nan,nan,-2.3791106,0.0,0.076436825,-1.3359165,0.15951502,-4.1808443,4.978252,0.0,0.0,8.0,0.0,nan,nan,nan
388242075,nan,nan,nan,-2.3791106,0.0,-0.7593056,-0.336456,0.15951502,-4.1808443,5.0,0.0,0.0,0.0,0.0,nan,nan,nan
388442006,nan,nan,nan,-2.3791106,0.0,-1.5951899,0.663204,0.15951502,-4.1808443,5.0,0.0,0.0,0.0,0.0,nan,nan,nan
388642080,nan,nan,nan,-2.3791106,0.0,-2.3742292,1.6635741,0.15951502,-3.2221887,5.0,0.0,8.0,0.0,0.0,nan,nan,nan
388842219,nan,nan,nan,-2.3791106,0.0,-2.8587496,2.6629517,0.15951502,-1.6217805,4.954244,0.0,8.0,-8.0,0.0,nan,nan,nan
389041953,nan,nan,nan,-2.3791106,0.0,-3.0231018,3.5952616,0.15973958,-0.02320458,3.9937723,0.059940904,8.0,-8.0,8.0,nan,nan,nan
389241953,nan,nan,nan,-2.3791106,0.0,-2.867743,4.234016,0.15951504,1.5767955,2.3937724,0.0,8.0,-8.0,0.0,nan,nan,nan
389441757,nan,nan,nan,-2.3791106,0.0,-2.393251,4.5525527,0.15951502,3.1746113,0.7959565,0.0,8.0,-8.0,0.0,nan,nan,nan
389641681,nan,nan,nan,-2.3791106,0.0,-1.5999168,4.5517426,0.15951502,4.6147475,-0.80405945,0.0,0.0,-8.0,0.0,nan,nan,nan
389841658,nan,nan,nan,-2.3791106,0.0,-0.7554366,4.2309837,0.15951504,3.49498,-2.4038835,0.0,-8.0,-8.0,0.0,nan,nan,nan
390041724,nan,nan,nan,-2.3791106,0.0,-0.21631941,3.5899513,0.15951504,1.8944678,-4.0043955,0.0,-8.0,-8.0,0.0,nan,nan,nan
390241760,nan,nan,nan,-2.3791106,0.0,0.002582061,2.651768,0.15951504,0.29425168,-5.0,0.0,-8.0,0.0,0.0,nan,nan,nan
390441696,nan,nan,nan,-2.3791106,0.0,0.0063792253,1.6520681,0.16012359,-0.0099321455,-5.0,-0.09867521,0.0,0.0,8.0,nan,nan,nan
390641564,nan,nan,nan,-2.3791106,0.0,0.004394067,0.7851437,0.15951504,-0.0099321455,-3.5443335,0.0,0.0,8.0,0.0,nan,nan,nan
390841542,nan,nan,nan,-2.3791106,0.0,0.0024078663,0.23632172,0.1602627,-0.0099321455,-1.9445173,0.10038653,0.0,8.0,-8.0,nan,nan,nan
391041708,nan,nan,nan,-2.3791106,0.0,0.0004201858,0.0073748617,0.15829037,-0.0099321455,-0.3435095,-0.048425227,0.0,8.0,8.0,nan,nan,nan
391241308,16.014942,0.58980453,nan,-2.3791106,0.0,0.0,-6.162372e-08,0.15951502,0.0,0.0,0.0,0.0,0.0,0.0,nan,nan,nan
391436496,16.014942,0.58980453,nan,-2.3791106,0.0,0.0,-6.162372e-08,0.15951505,0.0,0.0,0.0,0.0,0.0,0.0,nan,nan,nan
391636231,16.014942,0.58980453,nan,-2.3791106,0.0,0.0,-6.162372e-08,0.1607385,0.0,0.0,0.049649,0.0,0.0,-8.0,nan,nan,nan
391836302,16.014942,0.58980453,nan,-2.3791106,0.0,0.0,-6.162372e-08,0.15951504,0.0,0.0,0.0,0.0,0.0,0.0,nan,nan,nan
392036471,16.014942,0.58980453,nan,-2.3791106,0.0,0.0,-6.162372e-08,0.15975653,0.0,0.0,0.06215705,0.0,0.0,8.0,nan,nan,nan
392236208,16.014942,0.58980453,nan,-2.3791106,0.0,0.0,-6.162372e-08,0.15967791,0.0,0.0,-0.051047865,0.0,0.0,8.0,nan,nan,nan
392436246,16.014942,0.58980453,nan,-2.3791106,0.0,0.0,-6.162372e-08,0.16089255,0.0,0.0,0.0,0.0,0.0,0.0,nan,nan,nan
392636078,16.014942,0.58980453,nan,-2.3791106,0.0,0.0,-6.162372e-08,0.16089255,0.0,0.0,0.0,0.0,0.0,0.0,nan,nan,nan
392835892,16.014942,0.58980453,nan,-2.3791106,0.0,0.0,-6.162372e-08,0.16089255,0.0,0.0,0.0,0.0,0.0,0.0,nan,nan,nan
393035846,16.014942,0.58980453,nan,-2.3791106,0.0,0.0,-6.162372e-08,0.16089255,0.0,0.0,0.0,0.0,0.0,0.0,nan,nan,nan
393236004,16.014942,0.58980453,nan,-2.3791106,0.0,0.0,-6.162372e-08,0.16089255,0.0,0.0,0.0,0.0,0.0,0.0,nan,nan,nan
393436040,16.014942,0.58980453,nan,-2.3791106,0.0,0.0,-6.162372e-08,0.16089256,0.0,0.0,0.0,0.0,0.0,0.0,nan,nan,nan
393635953,16.014942,0.58980453,nan,-2.3791106,0.0,0.0,-6.162372e-08,0.16089255,0.0,0.0,0.0,0.0,0.0,0.0,nan,nan,nan
393835858,16.014942,0.58980453,nan,-2.3791106,0.0,0.0,-6.162372e-08,0.15967157,0.0,0.0,-0.050048992,0.0,0.0,8.0,nan,nan,nan
394036027,16.014942,0.58980453,nan,-2.3791106,0.0,0.0,-6.162372e-08,0.15951502,0.0,0.0,0.0,0.0,0.0,0.0,nan,nan,nan
394236012,nan,nan,nan,-2.3791106,0.0,-0.60667473,0.10068101,0.0016263475,0.161312,-0.043602467,0.161312,8.0,0.0,8.0,nan,nan,nan
394435628,nan,nan,nan,-2.3791106,0.0,-0.63932633,0.08594836,0.0015555135,0.15776,-0.003341198,0.15776,8.0,0.0,8.0,nan,nan,nan
394635473,nan,nan,nan,-2.3791106,0.0,-0.64820284,0.078099154,0.0015926484,0.159632,0.0,0.159632,8.0,0.0,8.0,nan,nan,nan
0,nan,nan,nan,nan,nan,nan,nan,nan,nan,nan,nan,nan,nan,nan,nan,nan,nan
395055498,nan,nan,nan,-2.3791106,0.0,-0.63050663,0.037141703,0.0016247347,0.161232,0.0,0.161232,8.0,0.0,8.0,nan,nan,nan
