timestamp,x,y,z,r,flaps,aux1,aux2,aux3,aux4,aux5,aux6,mode_switch,return_switch,rattitude_switch,posctl_switch,loiter_switch,acro_switch,offboard_switch,kill_switch,arm_switch,transition_switch,gear_switch,mode_slot,data_source,stab_switch,man_switch
258838096,0.0,0.0,0.0,0.0,0.0,0.0,0.0,0.0,0.0,0.0,0.0,0,0,0,0,0,0,0,3,0,0,0,6,1,0,0
258860470,0.0,0.0,0.0,0.0,0.0,0.0,0.0,0.0,0.0,0.0,0.0,0,0,0,0,0,0,0,3,0,0,0,6,1,0,0
259040579,0.0,0.0,0.0,0.0,0.0,0.0,0.0,0.0,0.0,0.0,0.0,0,0,0,0,0,0,0,3,0,0,0,6,1,0,0
259243899,0.0,0.0,0.0,0.0,0.0,0.0,0.0,0.0,0.0,0.0,0.0,0,0,0,0,0,0,0,3,0,0,0,6,1,0,0
259437980,0.0,0.0,0.0,0.0,0.0,0.0,0.0,0.0,0.0,0.0,0.0,0,0,0,0,0,0,0,3,0,0,0,6,1,0,0
259650347,0.0,0.0,0.0,0.0,0.0,0.0,0.0,0.0,0.0,0.0,0.0,0,0,0,0,0,0,0,3,0,0,0,6,1,0,0
259845535,0.0,0.0,0.0,0.0,0.0,0.0,0.0,0.0,0.0,0.0,0.0,0,0,0,0,0,0,0,3,0,0,0,6,1,0,0
260040492,0.0,0.0,0.0,0.0,0.0,0.0,0.0,0.0,0.0,0.0,0.0,0,0,0,0,0,0,0,3,0,0,0,6,1,0,0
260233406,0.0,0.0,0.0,0.0,0.0,0.0,0.0,0.0,0.0,0.0,0.0,0,0,0,0,0,0,0,3,0,0,0,6,1,0,0
260447896,0.0,0.0,0.0,0.0,0.0,0.0,0.0,0.0,0.0,0.0,0.0,0,0,0,0,0,0,0,3,0,0,0,6,1,0,0
260645155,0.0,0.0,0.0,0.0,0.0,0.0,0.0,0.0,0.0,0.0,0.0,0,0,0,0,0,0,0,3,0,0,0,6,1,0,0
260842404,0.0,0.0,0.0,0.0,0.0,0.0,0.0,0.0,0.0,0.0,0.0,0,0,0,0,0,0,0,3,0,0,0,6,1,0,0
261050217,0.0,0.0,0.0,0.0,0.0,0.0,0.0,0.0,0.0,0.0,0.0,0,0,0,0,0,0,0,3,0,0,0,6,1,0,0
261245216,0.0,0.0,0.0,0.0,0.0,0.0,0.0,0.0,0.0,0.0,0.0,0,0,0,0,0,0,0,3,0,0,0,6,1,0,0
261437628,-0.037117902,0.07597536,0.0,0.0,0.0,0.0,0.0,0.0,0.0,0.0,0.0,0,0,0,0,0,0,0,3,0,0,0,6,1,0,0
261635215,-0.15065502,0.0513347,0.016276704,0.0,0.0,0.0,0.0,0.0,0.0,0.0,0.0,0,0,0,0,0,0,0,3,0,0,0,6,1,0,0
261833253,-0.1812227,0.16221766,0.01525941,0.0,0.0,0.0,0.0,0.0,0.0,0.0,0.0,0,0,0,0,0,0,0,3,0,0,0,6,1,0,0
262053440,-0.34716156,0.32443532,0.01525941,0.0,0.0,0.0,0.0,0.0,0.0,0.0,0.0,0,0,0,0,0,0,0,3,0,0,0,6,1,0,0
262244874,-0.32969433,0.20328543,0.001017294,0.0,0.0,0.0,0.0,0.0,0.0,0.0,0.0,0,0,0,0,0,0,0,3,0,0,0,6,1,0,0
262437692,-0.279476,0.20944558,0.0,-0.035416666,0.0,0.0,0.0,0.0,0.0,0.0,0.0,0,0,0,0,0,0,0,3,0,0,0,6,1,0,0
262649896,-0.12008733,0.123203285,0.14649034,0.0,0.0,0.0,0.0,0.0,0.0,0.0,0.0,0,0,0,0,0,0,0,3,0,0,0,6,1,0,0
262844755,0.0,0.0,0.33367243,0.0,0.0,0.0,0.0,0.0,0.0,0.0,0.0,0,0,0,0,0,0,0,3,0,0,0,6,1,0,0
263037370,0.114519425,0.028747434,0.40284842,0.0,0.0,0.0,0.0,0.0,0.0,0.0,0.0,0,0,0,0,0,0,0,3,0,0,0,6,1,0,0
263249720,0.0,0.28747433,0.35096642,0.0,0.0,0.0,0.0,0.0,0.0,0.0,0.0,0,0,0,0,0,0,0,3,0,0,0,6,1,0,0
263447490,0.0,0.3429158,0.34587997,0.0,0.0,0.0,0.0,0.0,0.0,0.0,0.0,0,0,0,0,0,0,0,3,0,0,0,6,1,0,0
263644690,0.0,0.28747433,0.31943032,0.0,0.0,0.0,0.0,0.0,0.0,0.0,0.0,0,0,0,0,0,0,0,3,0,0,0,6,1,0,0
263834595,0.0,0.13552362,0.31943032,0.0,0.0,0.0,0.0,0.0,0.0,0.0,0.0,0,0,0,0,0,0,0,3,0,0,0,6,1,0,0
264034596,0.0,-0.004555809,0.31943032,0.0,0.0,0.0,0.0,0.0,0.0,0.0,0.0,0,0,0,0,0,0,0,3,0,0,0,6,1,0,0
264252704,0.07157464,0.0,0.32044762,0.0,0.0,0.0,0.0,0.0,0.0,0.0,0.0,0,0,0,0,0,0,0,3,0,0,0,6,1,0,0
264444417,0.028629856,0.0123203285,0.31943032,0.0,0.0,0.0,0.0,0.0,0.0,0.0,0.0,0,0,0,0,0,0,0,3,0,0,0,6,1,0,0
264637133,0.014314928,0.0123203285,0.31943032,0.0,0.0,0.0,0.0,0.0,0.0,0.0,0.0,0,0,0,0,0,0,0,3,0,0,0,6,1,0,0
264852717,0.053169735,0.0,0.32044762,0.0,0.0,0.0,0.0,0.0,0.0,0.0,0.0,0,0,0,0,0,0,0,3,0,0,0,6,1,0,0
265047136,0.0,0.0,0.31943032,0.0,0.0,0.0,0.0,0.0,0.0,0.0,0.0,0,0,0,0,0,0,0,3,0,0,0,6,1,0,0
265237135,0.0,-0.020501139,0.31943032,0.0,0.0,0.0,0.0,0.0,0.0,0.0,0.0,0,0,0,0,0,0,0,3,0,0,0,6,1,0,0
265434451,0.0,-0.01594533,0.31841302,0.0,0.0,0.0,0.0,0.0,0.0,0.0,0.0,0,0,0,0,0,0,0,3,0,0,0,6,1,0,0
265649242,0.0,-0.19134396,0.31841302,0.0,0.0,0.0,0.0,0.0,0.0,0.0,0.0,0,0,0,0,0,0,0,3,0,0,0,6,1,0,0
265842715,0.0,-0.19362187,0.31637844,0.0,0.0,0.0,0.0,0.0,0.0,0.0,0.0,0,0,0,0,0,0,0,3,0,0,0,6,1,0,0
266034138,0.0,0.0,0.31739572,0.0,0.0,0.0,0.0,0.0,0.0,0.0,0.0,0,0,0,0,0,0,0,3,0,0,0,6,1,0,0
266249162,0.0,-0.0523918,0.31841302,0.0,0.0,0.0,0.0,0.0,0.0,0.0,0.0,0,0,0,0,0,0,0,3,0,0,0,6,1,0,0
266442617,0.0,-0.16400911,0.31739572,0.0,0.0,0.0,0.0,0.0,0.0,0.0,0.0,0,0,0,0,0,0,0,3,0,0,0,6,1,0,0
266634086,0.0,-0.18906605,0.31739572,0.0,0.0,0.0,0.0,0.0,0.0,0.0,0.0,0,0,0,0,0,0,0,3,0,0,0,6,1,0,0
266849109,-0.08078603,-0.056947608,0.31841302,0.0,0.0,0.0,0.0,0.0,0.0,0.0,0.0,0,0,0,0,0,0,0,3,0,0,0,6,1,0,0
267042335,-0.1790393,-0.16400911,0.31841302,0.0,0.0,0.0,0.0,0.0,0.0,0.0,0.0,0,0,0,0,0,0,0,3,0,0,0,6,1,0,0
267234051,-0.22270742,-0.2596811,0.31841302,0.0,0.0,0.0,0.0,0.0,0.0,0.0,0.0,0,0,0,0,0,0,0,3,0,0,0,6,1,0,0
267448983,-0.1812227,-0.39407745,0.31841302,0.0,0.0,0.0,0.0,0.0,0.0,0.0,0.0,0,0,0,0,0,0,0,3,0,0,0,6,1,0,0
267642418,-0.02183406,-0.054669704,0.31841302,0.0,0.0,0.0,0.0,0.0,0.0,0.0,0.0,0,0,0,0,0,0,0,3,0,0,0,6,1,0,0
267851965,0.0,0.19507186,0.31943032,0.0,0.0,0.0,0.0,0.0,0.0,0.0,0.0,0,0,0,0,0,0,0,3,0,0,0,6,1,0,0
268043863,-0.104803495,0.42505133,0.31841302,0.0,0.0,0.0,0.0,0.0,0.0,0.0,0.0,0,0,0,0,0,0,0,3,0,0,0,6,1,0,0
268238888,-0.02183406,0.3778234,0.32044762,0.0,0.0,0.0,0.0,0.0,0.0,0.0,0.0,0,0,0,0,0,0,0,3,0,0,0,6,1,0,0
268433815,0.0,0.1724846,0.3214649,0.0,0.0,0.0,0.0,0.0,0.0,0.0,0.0,0,0,0,0,0,0,0,3,0,0,0,6,1,0,0
268648774,0.0,0.0,0.3234995,0.0,0.0,0.0,0.0,0.0,0.0,0.0,0.0,0,0,0,0,0,0,0,3,0,0,0,6,1,0,0
268843779,0.0,0.0,0.36419126,0.0,0.0,0.0,0.0,0.0,0.0,0.0,0.0,0,0,0,0,0,0,0,3,0,0,0,6,1,0,0
269036410,0.0,0.0,0.3733469,0.0,0.0,0.0,0.0,0.0,0.0,0.0,0.0,0,0,0,0,0,0,0,3,0,0,0,6,1,0,0
269233732,0.0,-0.01594533,0.3733469,0.0,0.0,0.0,0.0,0.0,0.0,0.0,0.0,0,0,0,0,0,0,0,3,0,0,0,6,1,0,0
269448623,0.0,-0.018223235,0.3733469,0.0,0.0,0.0,0.0,0.0,0.0,0.0,0.0,0,0,0,0,0,0,0,3,0,0,0,6,1,0,0
269643645,0.0,-0.041002277,0.3723296,0.0,0.0,0.0,0.0,0.0,0.0,0.0,0.0,0,0,0,0,0,0,0,3,0,0,0,6,1,0,0
269842277,0.0,0.0,0.3723296,0.0,0.0,0.0,0.0,0.0,0.0,0.0,0.0,0,0,0,0,0,0,0,3,0,0,0,6,1,0,0
270033614,0.0,0.0,0.3723296,0.0,0.0,0.0,0.0,0.0,0.0,0.0,0.0,0,0,0,0,0,0,0,3,0,0,0,6,1,0,0
270251684,0.0,0.0,0.3733469,0.0,0.0,0.0,0.0,0.0,0.0,0.0,0.0,0,0,0,0,0,0,0,3,0,0,0,6,1,0,0
270448385,0.0,0.0,0.3753815,0.0,0.0,0.0,0.0,0.0,0.0,0.0,0.0,0,0,0,0,0,0,0,3,0,0,0,6,1,0,0
270643660,0.0,0.0,0.38148525,0.0,0.0,0.0,0.0,0.0,0.0,0.0,0.0,0,0,0,0,0,0,0,3,0,0,0,6,1,0,0
270838497,0.0,0.0,0.38148525,0.0,0.0,0.0,0.0,0.0,0.0,0.0,0.0,0,0,0,0,0,0,0,3,0,0,0,6,1,0,0
271033567,0.0,0.0,0.38148525,0.0,0.0,0.0,0.0,0.0,0.0,0.0,0.0,0,0,0,0,0,0,0,3,0,0,0,6,1,0,0
271246351,0.0,-0.07972665,0.38148525,0.0,0.0,0.0,0.0,0.0,0.0,0.0,0.0,0,0,0,0,0,0,0,3,0,0,0,6,1,0,0
271443275,0.0,-0.123006836,0.38148525,0.0,0.0,0.0,0.0,0.0,0.0,0.0,0.0,0,0,0,0,0,0,0,3,0,0,0,6,1,0,0
271640876,0.0,-0.12984055,0.38046795,0.0,0.0,0.0,0.0,0.0,0.0,0.0,0.0,0,0,0,0,0,0,0,3,0,0,0,6,1,0,0
271833221,0.0,0.0,0.38046795,0.0,0.0,0.0,0.0,0.0,0.0,0.0,0.0,0,0,0,0,0,0,0,3,0,0,0,6,1,0,0
272046402,0.0,0.0,0.38046795,0.0,0.0,0.0,0.0,0.0,0.0,0.0,0.0,0,0,0,0,0,0,0,3,0,0,0,6,1,0,0
272238079,0.0,0.0,0.38046795,0.0,0.0,0.0,0.0,0.0,0.0,0.0,0.0,0,0,0,0,0,0,0,3,0,0,0,6,1,0,0
272450690,0.0,0.0,0.39674467,0.0,0.0,0.0,0.0,0.0,0.0,0.0,0.0,0,0,0,0,0,0,0,3,0,0,0,6,1,0,0
272648228,0.0,0.0,0.40895218,0.0,0.0,0.0,0.0,0.0,0.0,0.0,0.0,0,0,0,0,0,0,0,3,0,0,0,6,1,0,0
272840763,0.0,0.0,0.4079349,0.0,0.0,0.0,0.0,0.0,0.0,0.0,0.0,0,0,0,0,0,0,0,3,0,0,0,6,1,0,0
273036687,0.0,0.0,0.42217702,0.0,0.0,0.0,0.0,0.0,0.0,0.0,0.0,0,0,0,0,0,0,0,3,0,0,0,6,1,0,0
273250725,0.0,0.0,0.439471,0.0,0.0,0.0,0.0,0.0,0.0,0.0,0.0,0,0,0,0,0,0,0,3,0,0,0,6,1,0,0
273445965,0.0,0.0,0.439471,0.0,0.0,0.0,0.0,0.0,0.0,0.0,0.0,0,0,0,0,0,0,0,3,0,0,0,6,1,0,0
273647926,0.0,0.0,0.439471,0.0,0.0,0.0,0.0,0.0,0.0,0.0,0.0,0,0,0,0,0,0,0,3,0,0,0,6,1,0,0
273846069,0.0,0.0,0.439471,0.0,0.0,0.0,0.0,0.0,0.0,0.0,0.0,0,0,0,0,0,0,0,3,0,0,0,6,1,0,0
274042541,0.0,0.0,0.4384537,0.0,0.0,0.0,0.0,0.0,0.0,0.0,0.0,0,0,0,0,0,0,0,3,0,0,0,6,1,0,0
274232866,0.0,0.0,0.4384537,0.0,0.0,0.0,0.0,0.0,0.0,0.0,0.0,0,0,0,0,0,0,0,3,0,0,0,6,1,0,0
274447740,0.0,0.0,0.4384537,0.0,0.0,0.0,0.0,0.0,0.0,0.0,0.0,0,0,0,0,0,0,0,3,0,0,0,6,1,0,0
274642762,0.0,0.0,0.4384537,0.0,0.0,0.0,0.0,0.0,0.0,0.0,0.0,0,0,0,0,0,0,0,3,0,0,0,6,1,0,0
274836014,0.0,0.0,0.4384537,0.0,0.0,0.0,0.0,0.0,0.0,0.0,0.0,0,0,0,0,0,0,0,3,0,0,0,6,1,0,0
275032691,0.0,0.0,0.4384537,0.0,0.0,0.0,0.0,0.0,0.0,0.0,0.0,0,0,0,0,0,0,0,3,0,0,0,6,1,0,0
275250339,0.0,0.0,0.4384537,0.0,0.0,0.0,0.0,0.0,0.0,0.0,0.0,0,0,0,0,0,0,0,3,0,0,0,6,1,0,0
275445777,0.0,0.0,0.4384537,0.0,0.0,0.0,0.0,0.0,0.0,0.0,0.0,0,0,0,0,0,0,0,3,0,0,0,6,1,0,0
275640224,0.0,0.0,0.439471,0.0,0.0,0.0,0.0,0.0,0.0,0.0,0.0,0,0,0,0,0,0,0,3,0,0,0,6,1,0,0
275832485,0.0,0.0,0.439471,0.0,0.0,0.0,0.0,0.0,0.0,0.0,0.0,0,0,0,0,0,0,0,3,0,0,0,6,1,0,0
276047482,0.0,0.0,0.4384537,0.0,0.0,0.0,0.0,0.0,0.0,0.0,0.0,0,0,0,0,0,0,0,3,0,0,0,6,1,0,0
276247442,0.0,0.0,0.439471,0.0,0.0,0.0,0.0,0.0,0.0,0.0,0.0,0,0,0,0,0,0,0,3,0,0,0,6,1,0,0
276450162,0.0,0.0,0.4384537,0.0,0.0,0.0,0.0,0.0,0.0,0.0,0.0,0,0,0,0,0,0,0,3,0,0,0,6,1,0,0
276652341,0.0,0.19096509,0.4384537,0.0,0.0,0.0,0.0,0.0,0.0,0.0,0.0,0,0,0,0,0,0,0,3,0,0,0,6,1,0,0
276847233,0.0,0.09856263,0.439471,0.0,0.0,0.0,0.0,0.0,0.0,0.0,0.0,0,0,0,0,0,0,0,3,0,0,0,6,1,0,0
277045479,0.0,0.02258727,0.4384537,0.0,0.0,0.0,0.0,0.0,0.0,0.0,0.0,0,0,0,0,0,0,0,3,0,0,0,6,1,0,0
277237187,-0.08515284,0.028747434,0.4384537,0.0,0.0,0.0,0.0,0.0,0.0,0.0,0.0,0,0,0,0,0,0,0,3,0,0,0,6,1,0,0
277449885,-0.041484717,0.0,0.4384537,0.0,0.0,0.0,0.0,0.0,0.0,0.0,0.0,0,0,0,0,0,0,0,3,0,0,0,6,1,0,0
277645380,-0.11790393,0.14168377,0.4384537,0.0,0.0,0.0,0.0,0.0,0.0,0.0,0.0,0,0,0,0,0,0,0,3,0,0,0,6,1,0,0
277842271,-0.13755459,0.21560575,0.4384537,0.0,0.0,0.0,0.0,0.0,0.0,0.0,0.0,0,0,0,0,0,0,0,3,0,0,0,6,1,0,0
278035357,-0.17030568,0.20328543,0.4384537,0.0,0.0,0.0,0.0,0.0,0.0,0.0,0.0,0,0,0,0,0,0,0,3,0,0,0,6,1,0,0
278249836,-0.13755459,0.19507186,0.4384537,0.0,0.0,0.0,0.0,0.0,0.0,0.0,0.0,0,0,0,0,0,0,0,3,0,0,0,6,1,0,0
278452134,-0.10262009,0.22997947,0.4384537,0.0,0.0,0.0,0.0,0.0,0.0,0.0,0.0,0,0,0,0,0,0,0,3,0,0,0,6,1,0,0
278632131,-0.030567685,0.21355236,0.4384537,0.0,0.0,0.0,0.0,0.0,0.0,0.0,0.0,0,0,0,0,0,0,0,3,0,0,0,6,1,0,0
278846939,-0.072052404,0.034907598,0.4384537,0.0,0.0,0.0,0.0,0.0,0.0,0.0,0.0,0,0,0,0,0,0,0,3,0,0,0,6,1,0,0
279045178,-0.01091703,0.0,0.3550356,0.0,0.0,0.0,0.0,0.0,0.0,0.0,0.0,0,0,0,0,0,0,0,3,0,0,0,6,1,0,0
279239584,0.0,0.0,0.32960325,0.0,0.0,0.0,0.0,0.0,0.0,0.0,0.0,0,0,0,0,0,0,0,3,0,0,0,6,1,0,0
279439560,-0.024017468,0.14168377,0.31943032,0.0,0.0,0.0,0.0,0.0,0.0,0.0,0.0,0,0,0,0,0,0,0,3,0,0,0,6,1,0,0
279651910,-0.01746725,0.100616015,0.31739572,0.0,0.0,0.0,0.0,0.0,0.0,0.0,0.0,0,0,0,0,0,0,0,3,0,0,0,6,1,0,0
279847033,-0.05021834,0.137577,0.29908442,0.0,0.0,0.0,0.0,0.0,0.0,0.0,0.0,0,0,0,0,0,0,0,3,0,0,0,6,1,0,0
280049566,-0.05458515,0.19507186,0.29908442,0.0,0.0,0.0,0.0,0.0,0.0,0.0,0.0,0,0,0,0,0,0,0,3,0,0,0,6,1,0,0
280251725,-0.09606987,0.21149898,0.29908442,0.0,0.0,0.0,0.0,0.0,0.0,0.0,0.0,0,0,0,0,0,0,0,3,0,0,0,6,1,0,0
280446667,-0.12227074,0.069815196,0.29908442,0.0,0.0,0.0,0.0,0.0,0.0,0.0,0.0,0,0,0,0,0,0,0,3,0,0,0,6,1,0,0
280639301,-0.22270742,0.0,0.29603255,0.0,0.0,0.0,0.0,0.0,0.0,0.0,0.0,0,0,0,0,0,0,0,3,0,0,0,6,1,0,0
280836585,-0.19650654,0.0,0.24211597,0.0,0.0,0.0,0.0,0.0,0.0,0.0,0.0,0,0,0,0,0,0,0,3,0,0,0,6,1,0,0
281051569,-0.11790393,0.0,0.2563581,0.0,0.0,0.0,0.0,0.0,0.0,0.0,0.0,0,0,0,0,0,0,0,3,0,0,0,6,1,0,0
281244790,0.0,0.0,0.2726348,0.0,0.0,0.0,0.0,0.0,0.0,0.0,0.0,0,0,0,0,0,0,0,3,0,0,0,6,1,0,0
281444699,0.0,0.0,0.2716175,0.0,0.0,0.0,0.0,0.0,0.0,0.0,0.0,0,0,0,0,0,0,0,3,0,0,0,6,1,0,0
281646720,-0.030567685,0.047227927,0.2716175,0.0,0.0,0.0,0.0,0.0,0.0,0.0,0.0,0,0,0,0,0,0,0,3,0,0,0,6,1,0,0
281849265,0.0,0.0,0.2706002,0.0,0.0,0.0,0.0,0.0,0.0,0.0,0.0,0,0,0,0,0,0,0,3,0,0,0,6,1,0,0
282046407,0.0,0.0,0.2716175,0.0,0.0,0.0,0.0,0.0,0.0,0.0,0.0,0,0,0,0,0,0,0,3,0,0,0,6,1,0,0
282244464,0.0,0.0,0.2716175,0.0,0.0,0.0,0.0,0.0,0.0,0.0,0.0,0,0,0,0,0,0,0,3,0,0,0,6,1,0,0
282441301,0.0,-0.038724374,0.2848423,0.0,0.0,0.0,0.0,0.0,0.0,0.0,0.0,0,0,0,0,0,0,0,3,0,0,0,6,1,0,0
282636358,0.0,-0.04328018,0.2858596,0.0,0.0,0.0,0.0,0.0,0.0,0.0,0.0,0,0,0,0,0,0,0,3,0,0,0,6,1,0,0
282851268,0.0,-0.10250569,0.28687692,0.0,0.0,0.0,0.0,0.0,0.0,0.0,0.0,0,0,0,0,0,0,0,3,0,0,0,6,1,0,0
283044548,0.0,-0.23690204,0.2858596,0.0,0.0,0.0,0.0,0.0,0.0,0.0,0.0,0,0,0,0,0,0,0,3,0,0,0,6,1,0,0
283244685,0.0,-0.22323462,0.2858596,0.0,0.0,0.0,0.0,0.0,0.0,0.0,0.0,0,0,0,0,0,0,0,3,0,0,0,6,1,0,0
283436192,0.0,-0.009111618,0.2858596,0.0,0.0,0.0,0.0,0.0,0.0,0.0,0.0,0,0,0,0,0,0,0,3,0,0,0,6,1,0,0
283648941,0.0,0.0,0.2858596,0.0,0.0,0.0,0.0,0.0,0.0,0.0,0.0,0,0,0,0,0,0,0,3,0,0,0,6,1,0,0
283846095,0.0,0.0,0.2858596,0.0,0.0,0.0,0.0,0.0,0.0,0.0,0.0,0,0,0,0,0,0,0,3,0,0,0,6,1,0,0
284044300,0.0,0.0,0.2858596,0.0,0.0,0.0,0.0,0.0,0.0,0.0,0.0,0,0,0,0,0,0,0,3,0,0,0,6,1,0,0
284244444,0.036809817,0.0,0.2858596,0.0,0.0,0.0,0.0,0.0,0.0,0.0,0.0,0,0,0,0,0,0,0,3,0,0,0,6,1,0,0
284440872,0.08793456,0.0,0.2858596,0.0,0.0,0.0,0.0,0.0,0.0,0.0,0.0,0,0,0,0,0,0,0,3,0,0,0,6,1,0,0
284638630,0.116564415,0.0,0.2858596,0.0,0.0,0.0,0.0,0.0,0.0,0.0,0.0,0,0,0,0,0,0,0,3,0,0,0,6,1,0,0
284840940,0.14314929,-0.0022779044,0.2858596,0.0,0.0,0.0,0.0,0.0,0.0,0.0,0.0,0,0,0,0,0,0,0,3,0,0,0,6,1,0,0
285044087,0.12883435,0.0,0.28687692,0.0,0.0,0.0,0.0,0.0,0.0,0.0,0.0,0,0,0,0,0,0,0,3,0,0,0,6,1,0,0
285245889,0.12678936,-0.04328018,0.28687692,0.0,0.0,0.0,0.0,0.0,0.0,0.0,0.0,0,0,0,0,0,0,0,3,0,0,0,6,1,0,0
285448539,0.08793456,-0.13667426,0.28687692,0.0,0.0,0.0,0.0,0.0,0.0,0.0,0.0,0,0,0,0,0,0,0,3,0,0,0,6,1,0,0
285648421,0.07770961,-0.13667426,0.28687692,0.0,0.0,0.0,0.0,0.0,0.0,0.0,0.0,0,0,0,0,0,0,0,3,0,0,0,6,1,0,0
285843878,0.07770961,-0.12984055,0.2858596,0.0,0.0,0.0,0.0,0.0,0.0,0.0,0.0,0,0,0,0,0,0,0,3,0,0,0,6,1,0,0
286033932,0.07770961,-0.15717539,0.2858596,0.0,0.0,0.0,0.0,0.0,0.0,0.0,0.0,0,0,0,0,0,0,0,3,0,0,0,6,1,0,0
286240146,0.09815951,-0.21867882,0.2858596,0.0,0.0,0.0,0.0,0.0,0.0,0.0,0.0,0,0,0,0,0,0,0,3,0,0,0,6,1,0,0
286448327,0.10224949,-0.12756264,0.2858596,0.0,0.0,0.0,0.0,0.0,0.0,0.0,0.0,0,0,0,0,0,0,0,3,0,0,0,6,1,0,0
286645571,0.0,0.0,0.2858596,0.0,0.0,0.0,0.0,0.0,0.0,0.0,0.0,0,0,0,0,0,0,0,3,0,0,0,6,1,0,0
286840559,0.0,0.05544148,0.2858596,0.0,0.0,0.0,0.0,0.0,0.0,0.0,0.0,0,0,0,0,0,0,0,3,0,0,0,6,1,0,0
287033673,0.036809817,0.0,0.2858596,0.0,0.0,0.0,0.0,0.0,0.0,0.0,0.0,0,0,0,0,0,0,0,3,0,0,0,6,1,0,0
287233654,0.010224949,0.0061601643,0.2858596,0.0,0.0,0.0,0.0,0.0,0.0,0.0,0.0,0,0,0,0,0,0,0,3,0,0,0,6,1,0,0
287453681,0.19427402,0.0,0.2858596,0.0,0.0,0.0,0.0,0.0,0.0,0.0,0.0,0,0,0,0,0,0,0,3,0,0,0,6,1,0,0
287645440,0.13701431,0.0,0.2858596,0.0,0.0,0.0,0.0,0.0,0.0,0.0,0.0,0,0,0,0,0,0,0,3,0,0,0,6,1,0,0
287840401,0.075664625,0.0,0.2858596,0.0,0.0,0.0,0.0,0.0,0.0,0.0,0.0,0,0,0,0,0,0,0,3,0,0,0,6,1,0,0
288033381,0.07770961,0.0,0.2858596,0.0,0.0,0.0,0.0,0.0,0.0,0.0,0.0,0,0,0,0,0,0,0,3,0,0,0,6,1,0,0
288247921,0.11042945,-0.07744875,0.2848423,0.0,0.0,0.0,0.0,0.0,0.0,0.0,0.0,0,0,0,0,0,0,0,3,0,0,0,6,1,0,0
288440304,0.032719836,-0.004555809,0.2858596,0.0,0.0,0.0,0.0,0.0,0.0,0.0,0.0,0,0,0,0,0,0,0,3,0,0,0,6,1,0,0
288637851,0.024539877,-0.107061505,0.2858596,0.0,0.0,0.0,0.0,0.0,0.0,0.0,0.0,0,0,0,0,0,0,0,3,0,0,0,6,1,0,0
288850283,0.016359918,-0.13211845,0.2858596,0.0,0.0,0.0,0.0,0.0,0.0,0.0,0.0,0,0,0,0,0,0,0,3,0,0,0,6,1,0,0
289047915,0.024539877,-0.12756264,0.2858596,0.0,0.0,0.0,0.0,0.0,0.0,0.0,0.0,0,0,0,0,0,0,0,3,0,0,0,6,1,0,0
289243295,0.038854804,-0.15261959,0.2858596,0.0,0.0,0.0,0.0,0.0,0.0,0.0,0.0,0,0,0,0,0,0,0,3,0,0,0,6,1,0,0
289435050,0.040899795,-0.17084283,0.2858596,0.0,0.0,0.0,0.0,0.0,0.0,0.0,0.0,0,0,0,0,0,0,0,3,0,0,0,6,1,0,0
289647763,0.0,-0.1594533,0.2858596,0.0,0.0,0.0,0.0,0.0,0.0,0.0,0.0,0,0,0,0,0,0,0,3,0,0,0,6,1,0,0
289843441,0.0,-0.08883827,0.2858596,0.0,0.0,0.0,0.0,0.0,0.0,0.0,0.0,0,0,0,0,0,0,0,3,0,0,0,6,1,0,0
290032911,0.0,-0.075170845,0.2858596,0.0,0.0,0.0,0.0,0.0,0.0,0.0,0.0,0,0,0,0,0,0,0,3,0,0,0,6,1,0,0
290249932,0.0,-0.054669704,0.2848423,0.0,0.0,0.0,0.0,0.0,0.0,0.0,0.0,0,0,0,0,0,0,0,3,0,0,0,6,1,0,0
290443384,0.0,-0.0523918,0.2858596,0.0,0.0,0.0,0.0,0.0,0.0,0.0,0.0,0,0,0,0,0,0,0,3,0,0,0,6,1,0,0
290644889,0.0,-0.054669704,0.2858596,0.0,0.0,0.0,0.0,0.0,0.0,0.0,0.0,0,0,0,0,0,0,0,3,0,0,0,6,1,0,0
290839807,0.0,-0.056947608,0.2858596,0.0,0.0,0.0,0.0,0.0,0.0,0.0,0.0,0,0,0,0,0,0,0,3,0,0,0,6,1,0,0
291037547,0.0,-0.056947608,0.2848423,0.0,0.0,0.0,0.0,0.0,0.0,0.0,0.0,0,0,0,0,0,0,0,3,0,0,0,6,1,0,0
291234732,0.073619634,0.0,0.2858596,0.0,0.0,0.0,0.0,0.0,0.0,0.0,0.0,0,0,0,0,0,0,0,3,0,0,0,6,1,0,0
291449703,-0.030567685,0.0,0.34486267,0.0,0.0,0.0,0.0,0.0,0.0,0.0,0.0,0,0,0,0,0,0,0,3,0,0,0,6,1,0,0
291643380,-0.11790393,0.039014373,0.4079349,0.0,0.0,0.0,0.0,0.0,0.0,0.0,0.0,0,0,0,0,0,0,0,3,0,0,0,6,1,0,0
291837345,-0.11790393,0.09650924,0.4069176,0.0,0.0,0.0,0.0,0.0,0.0,0.0,0.0,0,0,0,0,0,0,0,3,0,0,0,6,1,0,0
292049627,-0.024017468,0.08213552,0.4069176,0.0,0.0,0.0,0.0,0.0,0.0,0.0,0.0,0,0,0,0,0,0,0,3,0,0,0,6,1,0,0
292242892,-0.05676856,0.14989734,0.4069176,0.0,0.0,0.0,0.0,0.0,0.0,0.0,0.0,0,0,0,0,0,0,0,3,0,0,0,6,1,0,0
292442936,-0.048034936,0.19096509,0.4079349,0.0,0.0,0.0,0.0,0.0,0.0,0.0,0.0,0,0,0,0,0,0,0,3,0,0,0,6,1,0,0
292634475,-0.048034936,0.15400411,0.4079349,0.0,0.0,0.0,0.0,0.0,0.0,0.0,0.0,0,0,0,0,0,0,0,3,0,0,0,6,1,0,0
292852733,-0.12663755,0.057494868,0.4059003,0.0,0.0,0.0,0.0,0.0,0.0,0.0,0.0,0,0,0,0,0,0,0,3,0,0,0,6,1,0,0
293052618,-0.18995634,0.10472279,0.4059003,0.0,0.0,0.0,0.0,0.0,0.0,0.0,0.0,0,0,0,0,0,0,0,3,0,0,0,6,1,0,0
293249360,-0.17685589,0.13141684,0.4069176,0.0,0.0,0.0,0.0,0.0,0.0,0.0,0.0,0,0,0,0,0,0,0,3,0,0,0,6,1,0,0
293442831,-0.008733625,0.17659138,0.4069176,0.0,0.0,0.0,0.0,0.0,0.0,0.0,0.0,0,0,0,0,0,0,0,3,0,0,0,6,1,0,0
293636994,0.0,0.21971253,0.4069176,0.0,0.0,0.0,0.0,0.0,0.0,0.0,0.0,0,0,0,0,0,0,0,3,0,0,0,6,1,0,0
293836866,0.0,0.2258727,0.4069176,0.0,0.0,0.0,0.0,0.0,0.0,0.0,0.0,0,0,0,0,0,0,0,3,0,0,0,6,1,0,0
294052456,0.0,0.0513347,0.4059003,0.0,0.0,0.0,0.0,0.0,0.0,0.0,0.0,0,0,0,0,0,0,0,3,0,0,0,6,1,0,0
294244270,0.0,0.13552362,0.36012208,0.0,0.0,0.0,0.0,0.0,0.0,0.0,0.0,0,0,0,0,0,0,0,3,0,0,0,6,1,0,0
294436859,0.0,0.23819302,0.3560529,0.0,0.0,0.0,0.0,0.0,0.0,0.0,0.0,0,0,0,0,0,0,0,3,0,0,0,6,1,0,0
294649120,0.0,0.24845996,0.3560529,0.0,0.0,0.0,0.0,0.0,0.0,0.0,0.0,0,0,0,0,0,0,0,3,0,0,0,6,1,0,0
294849148,0.0,0.21149898,0.3550356,0.0,0.0,0.0,0.0,0.0,0.0,0.0,0.0,0,0,0,0,0,0,0,3,0,0,0,6,1,0,0
295042487,0.0,0.0,0.3560529,0.0,0.0,0.0,0.0,0.0,0.0,0.0,0.0,0,0,0,0,0,0,0,3,0,0,0,6,1,0,0
295234035,0.0,0.08829569,0.29908442,0.0,0.0,0.0,0.0,0.0,0.0,0.0,0.0,0,0,0,0,0,0,0,3,0,0,0,6,1,0,0
295448901,0.0,0.17453799,0.29501525,0.0,0.0,0.0,0.0,0.0,0.0,0.0,0.0,0,0,0,0,0,0,0,3,0,0,0,6,1,0,0
295641523,0.0,0.069815196,0.2889115,0.0,0.0,0.0,0.0,0.0,0.0,0.0,0.0,0,0,0,0,0,0,0,3,0,0,0,6,1,0,0
295837094,0.0,0.0,0.2899288,0.0,0.0,0.0,0.0,0.0,0.0,0.0,0.0,0,0,0,0,0,0,0,3,0,0,0,6,1,0,0
296048843,0.0,0.0,0.2889115,0.0,0.0,0.0,0.0,0.0,0.0,0.0,0.0,0,0,0,0,0,0,0,3,0,0,0,6,1,0,0
296247006,0.0,0.018480493,0.2889115,0.0,0.0,0.0,0.0,0.0,0.0,0.0,0.0,0,0,0,0,0,0,0,3,0,0,0,6,1,0,0
296443720,0.0,0.0,0.2889115,0.0,0.0,0.0,0.0,0.0,0.0,0.0,0.0,0,0,0,0,0,0,0,3,0,0,0,6,1,0,0
296643834,0.0,0.0,0.2889115,0.0,0.0,0.0,0.0,0.0,0.0,0.0,0.0,0,0,0,0,0,0,0,3,0,0,0,6,1,0,0
296837266,0.0,0.0,0.2889115,0.0,0.0,0.0,0.0,0.0,0.0,0.0,0.0,0,0,0,0,0,0,0,3,0,0,0,6,1,0,0
297033699,0.0,-0.038724374,0.2889115,0.0,0.0,0.0,0.0,0.0,0.0,0.0,0.0,0,0,0,0,0,0,0,3,0,0,0,6,1,0,0
297248600,0.0,-0.054669704,0.2889115,0.0,0.0,0.0,0.0,0.0,0.0,0.0,0.0,0,0,0,0,0,0,0,3,0,0,0,6,1,0,0
297441226,0.0,-0.1047836,0.2889115,0.0,0.0,0.0,0.0,0.0,0.0,0.0,0.0,0,0,0,0,0,0,0,3,0,0,0,6,1,0,0
297633679,0.0,-0.13211845,0.2889115,0.0,0.0,0.0,0.0,0.0,0.0,0.0,0.0,0,0,0,0,0,0,0,3,0,0,0,6,1,0,0
297848483,0.0,-0.14578588,0.2899288,0.0,0.0,0.0,0.0,0.0,0.0,0.0,0.0,0,0,0,0,0,0,0,3,0,0,0,6,1,0,0
298041057,0.0,-0.13439636,0.2889115,0.0,0.0,0.0,0.0,0.0,0.0,0.0,0.0,0,0,0,0,0,0,0,3,0,0,0,6,1,0,0
298237236,0.0,-0.13667426,0.2899288,0.0,0.0,0.0,0.0,0.0,0.0,0.0,0.0,0,0,0,0,0,0,0,3,0,0,0,6,1,0,0
298451110,0.0,-0.15717539,0.2878942,0.0,0.0,0.0,0.0,0.0,0.0,0.0,0.0,0,0,0,0,0,0,0,3,0,0,0,6,1,0,0
298643555,0.0,-0.1548975,0.2899288,0.0,0.0,0.0,0.0,0.0,0.0,0.0,0.0,0,0,0,0,0,0,0,3,0,0,0,6,1,0,0
298836964,-0.0065502184,-0.050113894,0.2889115,0.0,0.0,0.0,0.0,0.0,0.0,0.0,0.0,0,0,0,0,0,0,0,3,0,0,0,6,1,0,0
299033232,-0.052401748,-0.04783599,0.2899288,0.0,0.0,0.0,0.0,0.0,0.0,0.0,0.0,0,0,0,0,0,0,0,3,0,0,0,6,1,0,0
299248277,-0.05458515,-0.050113894,0.2889115,0.0,0.0,0.0,0.0,0.0,0.0,0.0,0.0,0,0,0,0,0,0,0,3,0,0,0,6,1,0,0
299440871,-0.07860262,-0.061503418,0.2889115,0.0,0.0,0.0,0.0,0.0,0.0,0.0,0.0,0,0,0,0,0,0,0,3,0,0,0,6,1,0,0
299643187,-0.09825327,-0.07972665,0.2889115,0.0,0.0,0.0,0.0,0.0,0.0,0.0,0.0,0,0,0,0,0,0,0,3,0,0,0,6,1,0,0
299833163,-0.08951965,-0.13211845,0.2899288,0.0,0.0,0.0,0.0,0.0,0.0,0.0,0.0,0,0,0,0,0,0,0,3,0,0,0,6,1,0,0
300048148,-0.12663755,-0.22095671,0.2899288,0.0,0.0,0.0,0.0,0.0,0.0,0.0,0.0,0,0,0,0,0,0,0,3,0,0,0,6,1,0,0
300246144,-0.13100436,-0.2095672,0.2889115,0.0,0.0,0.0,0.0,0.0,0.0,0.0,0.0,0,0,0,0,0,0,0,3,0,0,0,6,1,0,0
300443002,-0.024017468,0.0,0.2878942,0.0,0.0,0.0,0.0,0.0,0.0,0.0,0.0,0,0,0,0,0,0,0,3,0,0,0,6,1,0,0
300632922,-0.074235804,0.0,0.2878942,0.0,0.0,0.0,0.0,0.0,0.0,0.0,0.0,0,0,0,0,0,0,0,3,0,0,0,6,1,0,0
300847886,-0.072052404,0.0,0.2878942,0.0,0.0,0.0,0.0,0.0,0.0,0.0,0.0,0,0,0,0,0,0,0,3,0,0,0,6,1,0,0
301037913,-0.10043668,0.0061601643,0.2889115,0.0,0.0,0.0,0.0,0.0,0.0,0.0,0.0,0,0,0,0,0,0,0,3,0,0,0,6,1,0,0
301252864,-0.08515284,0.0,0.2878942,0.0,0.0,0.0,0.0,0.0,0.0,0.0,0.0,0,0,0,0,0,0,0,3,0,0,0,6,1,0,0
301451253,-0.08078603,0.0,0.2878942,0.0,0.0,0.0,0.0,0.0,0.0,0.0,0.0,0,0,0,0,0,0,0,3,0,0,0,6,1,0,0
301640447,-0.08078603,0.0,0.2878942,0.0,0.0,0.0,0.0,0.0,0.0,0.0,0.0,0,0,0,0,0,0,0,3,0,0,0,6,1,0,0
301852876,-0.1069869,0.0,0.2889115,0.0,0.0,0.0,0.0,0.0,0.0,0.0,0.0,0,0,0,0,0,0,0,3,0,0,0,6,1,0,0
302045758,-0.08733624,0.0,0.2878942,0.0,0.0,0.0,0.0,0.0,0.0,0.0,0.0,0,0,0,0,0,0,0,3,0,0,0,6,1,0,0
302240390,-0.05458515,0.0,0.2889115,0.0,0.0,0.0,0.0,0.0,0.0,0.0,0.0,0,0,0,0,0,0,0,3,0,0,0,6,1,0,0
302436136,-0.03275109,0.0,0.2889115,0.0,0.0,0.0,0.0,0.0,0.0,0.0,0.0,0,0,0,0,0,0,0,3,0,0,0,6,1,0,0
302647535,-0.030567685,0.0,0.2889115,0.0,0.0,0.0,0.0,0.0,0.0,0.0,0.0,0,0,0,0,0,0,0,3,0,0,0,6,1,0,0
302842498,-0.03275109,0.0,0.2878942,0.0,0.0,0.0,0.0,0.0,0.0,0.0,0.0,0,0,0,0,0,0,0,3,0,0,0,6,1,0,0
303040177,-0.0349345,0.0,0.2889115,0.0,0.0,0.0,0.0,0.0,0.0,0.0,0.0,0,0,0,0,0,0,0,3,0,0,0,6,1,0,0
303240138,-0.041484717,0.0,0.30620548,0.0,0.0,0.0,0.0,0.0,0.0,0.0,0.0,0,0,0,0,0,0,0,3,0,0,0,6,1,0,0
303432500,-0.041484717,0.0,0.33062056,0.0,0.0,0.0,0.0,0.0,0.0,0.0,0.0,0,0,0,0,0,0,0,3,0,0,0,6,1,0,0
303647470,-0.04366812,0.0,0.33062056,0.0,0.0,0.0,0.0,0.0,0.0,0.0,0.0,0,0,0,0,0,0,0,3,0,0,0,6,1,0,0
303845480,-0.052401748,0.0,0.33062056,0.0,0.0,0.0,0.0,0.0,0.0,0.0,0.0,0,0,0,0,0,0,0,3,0,0,0,6,1,0,0
304035641,-0.05458515,0.0,0.33062056,0.0,0.0,0.0,0.0,0.0,0.0,0.0,0.0,0,0,0,0,0,0,0,3,0,0,0,6,1,0,0
304252256,-0.048034936,0.0,0.33163783,0.0,0.0,0.0,0.0,0.0,0.0,0.0,0.0,0,0,0,0,0,0,0,3,0,0,0,6,1,0,0
304445326,-0.063318774,-0.011389522,0.33062056,0.0,0.0,0.0,0.0,0.0,0.0,0.0,0.0,0,0,0,0,0,0,0,3,0,0,0,6,1,0,0
304637190,-0.11135371,-0.08428246,0.33062056,0.0,0.0,0.0,0.0,0.0,0.0,0.0,0.0,0,0,0,0,0,0,0,3,0,0,0,6,1,0,0
304852319,-0.12008733,-0.10933941,0.33163783,0.0,0.0,0.0,0.0,0.0,0.0,0.0,0.0,0,0,0,0,0,0,0,3,0,0,0,6,1,0,0
305045390,-0.11135371,-0.11161731,0.33062056,0.0,0.0,0.0,0.0,0.0,0.0,0.0,0.0,0,0,0,0,0,0,0,3,0,0,0,6,1,0,0
305239687,-0.08078603,-0.13211845,0.33062056,0.0,0.0,0.0,0.0,0.0,0.0,0.0,0.0,0,0,0,0,0,0,0,3,0,0,0,6,1,0,0
305455481,-0.082969435,-0.13895217,0.33062056,0.0,0.0,0.0,0.0,0.0,0.0,0.0,0.0,0,0,0,0,0,0,0,3,0,0,0,6,1,0,0
305647011,-0.08733624,-0.13667426,0.33062056,0.0,0.0,0.0,0.0,0.0,0.0,0.0,0.0,0,0,0,0,0,0,0,3,0,0,0,6,1,0,0
305839747,-0.08078603,-0.17995444,0.33062056,0.0,0.0,0.0,0.0,0.0,0.0,0.0,0.0,0,0,0,0,0,0,0,3,0,0,0,6,1,0,0
306052128,-0.09606987,-0.22551253,0.33062056,0.0,0.0,0.0,0.0,0.0,0.0,0.0,0.0,0,0,0,0,0,0,0,3,0,0,0,6,1,0,0
306247030,-0.09825327,-0.20045558,0.33062056,0.0,0.0,0.0,0.0,0.0,0.0,0.0,0.0,0,0,0,0,0,0,0,3,0,0,0,6,1,0,0
306439523,-0.12008733,-0.15261959,0.33062056,0.0,0.0,0.0,0.0,0.0,0.0,0.0,0.0,0,0,0,0,0,0,0,3,0,0,0,6,1,0,0
306631801,-0.1419214,-0.1548975,0.33062056,0.0,0.0,0.0,0.0,0.0,0.0,0.0,0.0,0,0,0,0,0,0,0,3,0,0,0,6,1,0,0
306845224,-0.12445415,-0.14123006,0.33062056,0.0,0.0,0.0,0.0,0.0,0.0,0.0,0.0,0,0,0,0,0,0,0,3,0,0,0,6,1,0,0
307039404,-0.115720525,-0.12072893,0.3397762,0.0,0.0,0.0,0.0,0.0,0.0,0.0,0.0,0,0,0,0,0,0,0,3,0,0,0,6,1,0,0
307231789,-0.11353712,-0.11161731,0.35096642,0.0,0.0,0.0,0.0,0.0,0.0,0.0,0.0,0,0,0,0,0,0,0,3,0,0,0,6,1,0,0
307446889,-0.09606987,-0.13211845,0.35910478,0.0,0.0,0.0,0.0,0.0,0.0,0.0,0.0,0,0,0,0,0,0,0,3,0,0,0,6,1,0,0
307639322,-0.10043668,-0.12984055,0.35910478,0.0,0.0,0.0,0.0,0.0,0.0,0.0,0.0,0,0,0,0,0,0,0,3,0,0,0,6,1,0,0
307831633,-0.11353712,-0.13895217,0.35910478,0.0,0.0,0.0,0.0,0.0,0.0,0.0,0.0,0,0,0,0,0,0,0,3,0,0,0,6,1,0,0
308031576,-0.12445415,-0.14806378,0.35808748,0.0,0.0,0.0,0.0,0.0,0.0,0.0,0.0,0,0,0,0,0,0,0,3,0,0,0,6,1,0,0
308246435,-0.12008733,-0.13895217,0.35808748,0.0,0.0,0.0,0.0,0.0,0.0,0.0,0.0,0,0,0,0,0,0,0,3,0,0,0,6,1,0,0
308441483,-0.11353712,-0.10250569,0.35808748,0.0,0.0,0.0,0.0,0.0,0.0,0.0,0.0,0,0,0,0,0,0,0,3,0,0,0,6,1,0,0
308634552,-0.11790393,-0.11161731,0.35808748,0.0,0.0,0.0,0.0,0.0,0.0,0.0,0.0,0,0,0,0,0,0,0,3,0,0,0,6,1,0,0
308846550,-0.12008733,-0.11845102,0.35808748,0.0,0.0,0.0,0.0,0.0,0.0,0.0,0.0,0,0,0,0,0,0,0,3,0,0,0,6,1,0,0
309038965,-0.11790393,-0.11617312,0.35808748,0.0,0.0,0.0,0.0,0.0,0.0,0.0,0.0,0,0,0,0,0,0,0,3,0,0,0,6,1,0,0
309234835,-0.115720525,-0.11617312,0.35808748,0.0,0.0,0.0,0.0,0.0,0.0,0.0,0.0,0,0,0,0,0,0,0,3,0,0,0,6,1,0,0
309451362,-0.1091703,-0.1047836,0.35910478,0.0,0.0,0.0,0.0,0.0,0.0,0.0,0.0,0,0,0,0,0,0,0,3,0,0,0,6,1,0,0
309646312,-0.08951965,-0.082004555,0.35808748,0.0,0.0,0.0,0.0,0.0,0.0,0.0,0.0,0,0,0,0,0,0,0,3,0,0,0,6,1,0,0
309838900,-0.03930131,-0.050113894,0.35808748,0.0,0.0,0.0,0.0,0.0,0.0,0.0,0.0,0,0,0,0,0,0,0,3,0,0,0,6,1,0,0
310054242,-0.02183406,-0.011389522,0.35910478,0.0,0.0,0.0,0.0,0.0,0.0,0.0,0.0,0,0,0,0,0,0,0,3,0,0,0,6,1,0,0
310246083,0.0,0.0,0.35808748,0.0,0.0,0.0,0.0,0.0,0.0,0.0,0.0,0,0,0,0,0,0,0,3,0,0,0,6,1,0,0
310438699,0.0,0.0,0.35808748,0.0,0.0,0.0,0.0,0.0,0.0,0.0,0.0,0,0,0,0,0,0,0,3,0,0,0,6,1,0,0
310631096,0.0,0.0,0.35808748,0.0,0.0,0.0,0.0,0.0,0.0,0.0,0.0,0,0,0,0,0,0,0,3,0,0,0,6,1,0,0
310846067,0.006134969,0.0,0.35808748,0.0,0.0,0.0,0.0,0.0,0.0,0.0,0.0,0,0,0,0,0,0,0,3,0,0,0,6,1,0,0
311038671,0.057259712,0.0,0.35808748,0.0,0.0,0.0,0.0,0.0,0.0,0.0,0.0,0,0,0,0,0,0,0,3,0,0,0,6,1,0,0
311235931,0.075664625,0.0,0.34994912,0.0,0.0,0.0,0.0,0.0,0.0,0.0,0.0,0,0,0,0,0,0,0,3,0,0,0,6,1,0,0
311454150,0.116564415,0.0,0.34893185,0.0,0.0,0.0,0.0,0.0,0.0,0.0,0.0,0,0,0,0,0,0,0,3,0,0,0,6,1,0,0
311650827,0.1574642,0.0,0.34689724,0.0,0.0,0.0,0.0,0.0,0.0,0.0,0.0,0,0,0,0,0,0,0,3,0,0,0,6,1,0,0
311840861,0.16768916,0.0,0.34791455,0.0,0.0,0.0,0.0,0.0,0.0,0.0,0.0,0,0,0,0,0,0,0,3,0,0,0,6,1,0,0
312033946,0.14314929,0.0,0.34791455,0.0,0.0,0.0,0.0,0.0,0.0,0.0,0.0,0,0,0,0,0,0,0,3,0,0,0,6,1,0,0
312245818,0.057259712,0.0,0.34689724,0.0,0.0,0.0,0.0,0.0,0.0,0.0,0.0,0,0,0,0,0,0,0,3,0,0,0,6,1,0,0
312438398,0.07157464,0.0,0.34689724,0.0,0.0,0.0,0.0,0.0,0.0,0.0,0.0,0,0,0,0,0,0,0,3,0,0,0,6,1,0,0
312635653,0.09815951,0.0,0.34689724,0.0,0.0,0.0,0.0,0.0,0.0,0.0,0.0,0,0,0,0,0,0,0,3,0,0,0,6,1,0,0
312848413,0.13292433,0.0,0.34689724,0.0,0.0,0.0,0.0,0.0,0.0,0.0,0.0,0,0,0,0,0,0,0,3,0,0,0,6,1,0,0
313040575,0.14723927,0.0,0.34791455,0.0,0.0,0.0,0.0,0.0,0.0,0.0,0.0,0,0,0,0,0,0,0,3,0,0,0,6,1,0,0
313240549,0.13496932,0.0,0.34791455,0.0,0.0,0.0,0.0,0.0,0.0,0.0,0.0,0,0,0,0,0,0,0,3,0,0,0,6,1,0,0
313433662,0.1206544,0.0,0.31841302,0.0,0.0,0.0,0.0,0.0,0.0,0.0,0.0,0,0,0,0,0,0,0,3,0,0,0,6,1,0,0
313648211,0.1206544,0.0,0.31129196,0.0,0.0,0.0,0.0,0.0,0.0,0.0,0.0,0,0,0,0,0,0,0,3,0,0,0,6,1,0,0
313838198,0.13087934,0.0,0.2695829,0.0,0.0,0.0,0.0,0.0,0.0,0.0,0.0,0,0,0,0,0,0,0,3,0,0,0,6,1,0,0
314053458,0.1390593,0.0,0.2695829,0.0,0.0,0.0,0.0,0.0,0.0,0.0,0.0,0,0,0,0,0,0,0,3,0,0,0,6,1,0,0
314245395,0.13701431,-0.006833713,0.2695829,0.0,0.0,0.0,0.0,0.0,0.0,0.0,0.0,0,0,0,0,0,0,0,3,0,0,0,6,1,0,0
314445329,0.13087934,-0.006833713,0.2695829,0.0,0.0,0.0,0.0,0.0,0.0,0.0,0.0,0,0,0,0,0,0,0,3,0,0,0,6,1,0,0
314645300,0.12678936,-0.061503418,0.2695829,0.0,0.0,0.0,0.0,0.0,0.0,0.0,0.0,0,0,0,0,0,0,0,3,0,0,0,6,1,0,0
314837913,0.12678936,-0.11617312,0.2695829,0.0,0.0,0.0,0.0,0.0,0.0,0.0,0.0,0,0,0,0,0,0,0,3,0,0,0,6,1,0,0
315035145,0.12678936,-0.123006836,0.2695829,0.0,0.0,0.0,0.0,0.0,0.0,0.0,0.0,0,0,0,0,0,0,0,3,0,0,0,6,1,0,0
315250242,0.12678936,-0.123006836,0.2695829,0.0,0.0,0.0,0.0,0.0,0.0,0.0,0.0,0,0,0,0,0,0,0,3,0,0,0,6,1,0,0
315437770,0.12474438,-0.19362187,0.2695829,0.0,0.0,0.0,0.0,0.0,0.0,0.0,0.0,0,0,0,0,0,0,0,3,0,0,0,6,1,0,0
315653114,0.1206544,-0.20501138,0.2695829,0.0,0.0,0.0,0.0,0.0,0.0,0.0,0.0,0,0,0,0,0,0,0,3,0,0,0,6,1,0,0
315845032,0.047034767,-0.075170845,0.2695829,0.0,0.0,0.0,0.0,0.0,0.0,0.0,0.0,0,0,0,0,0,0,0,3,0,0,0,6,1,0,0
316037586,0.030674847,-0.038724374,0.2695829,0.0,0.0,0.0,0.0,0.0,0.0,0.0,0.0,0,0,0,0,0,0,0,3,0,0,0,6,1,0,0
316229929,0.073619634,-0.09339408,0.29298067,0.0,0.0,0.0,0.0,0.0,0.0,0.0,0.0,0,0,0,0,0,0,0,3,0,0,0,6,1,0,0
316447605,0.032719836,-0.107061505,0.3041709,0.0,0.0,0.0,0.0,0.0,0.0,0.0,0.0,0,0,0,0,0,0,0,3,0,0,0,6,1,0,0
316643058,0.0,-0.097949885,0.32858595,0.0,0.0,0.0,0.0,0.0,0.0,0.0,0.0,0,0,0,0,0,0,0,3,0,0,0,6,1,0,0
316834959,0.0,-0.14350797,0.32858595,0.0,0.0,0.0,0.0,0.0,0.0,0.0,0.0,0,0,0,0,0,0,0,3,0,0,0,6,1,0,0
317049798,0.0,-0.23917995,0.32960325,0.0,0.0,0.0,0.0,0.0,0.0,0.0,0.0,0,0,0,0,0,0,0,3,0,0,0,6,1,0,0
317243491,-0.026200874,-0.09567198,0.32858595,0.0,0.0,0.0,0.0,0.0,0.0,0.0,0.0,0,0,0,0,0,0,0,3,0,0,0,6,1,0,0
317452852,-0.015283843,-0.01594533,0.33367243,0.0,0.0,0.0,0.0,0.0,0.0,0.0,0.0,0,0,0,0,0,0,0,3,0,0,0,6,1,0,0
317649367,0.0,0.0,0.33367243,0.0,0.0,0.0,0.0,0.0,0.0,0.0,0.0,0,0,0,0,0,0,0,3,0,0,0,6,1,0,0
317837221,-0.09170306,0.0,0.335707,0.0,0.0,0.0,0.0,0.0,0.0,0.0,0.0,0,0,0,0,0,0,0,3,0,0,0,6,1,0,0
318053036,-0.026200874,0.0,0.36012208,0.0,0.0,0.0,0.0,0.0,0.0,0.0,0.0,0,0,0,0,0,0,0,3,0,0,0,6,1,0,0
318244527,-0.13100436,0.0,0.36012208,0.0,0.0,0.0,0.0,0.0,0.0,0.0,0.0,0,0,0,0,0,0,0,3,0,0,0,6,1,0,0
318439521,-0.06768559,0.0,0.36012208,0.0,0.0,0.0,0.0,0.0,0.0,0.0,0.0,0,0,0,0,0,0,0,3,0,0,0,6,1,0,0
318632805,-0.139738,0.0,0.36012208,0.0,0.0,0.0,0.0,0.0,0.0,0.0,0.0,0,0,0,0,0,0,0,3,0,0,0,6,1,0,0
318852702,-0.1790393,0.0,0.36215666,0.0,0.0,0.0,0.0,0.0,0.0,0.0,0.0,0,0,0,0,0,0,0,3,0,0,0,6,1,0,0
319044461,-0.11790393,0.018480493,0.36215666,0.0,0.0,0.0,0.0,0.0,0.0,0.0,0.0,0,0,0,0,0,0,0,3,0,0,0,6,1,0,0
319237095,-0.1091703,0.026694044,0.36113936,0.0,0.0,0.0,0.0,0.0,0.0,0.0,0.0,0,0,0,0,0,0,0,3,0,0,0,6,1,0,0
319452608,-0.10043668,0.024640657,0.36113936,0.0,0.0,0.0,0.0,0.0,0.0,0.0,0.0,0,0,0,0,0,0,0,3,0,0,0,6,1,0,0
319644341,-0.10262009,0.069815196,0.36113936,0.0,0.0,0.0,0.0,0.0,0.0,0.0,0.0,0,0,0,0,0,0,0,3,0,0,0,6,1,0,0
319842647,-0.115720525,0.123203285,0.36113936,0.0,0.0,0.0,0.0,0.0,0.0,0.0,0.0,0,0,0,0,0,0,0,3,0,0,0,6,1,0,0
320034206,-0.16593887,0.100616015,0.36113936,0.0,0.0,0.0,0.0,0.0,0.0,0.0,0.0,0,0,0,0,0,0,0,3,0,0,0,6,1,0,0
320249169,-0.16157205,0.059548255,0.36113936,0.0,0.0,0.0,0.0,0.0,0.0,0.0,0.0,0,0,0,0,0,0,0,3,0,0,0,6,1,0,0
320442440,-0.16812228,0.078028746,0.36113936,0.0,0.0,0.0,0.0,0.0,0.0,0.0,0.0,0,0,0,0,0,0,0,3,0,0,0,6,1,0,0
320634142,-0.1419214,0.13552362,0.36113936,0.0,0.0,0.0,0.0,0.0,0.0,0.0,0.0,0,0,0,0,0,0,0,3,0,0,0,6,1,0,0
320846714,-0.13755459,0.1724846,0.36113936,0.0,0.0,0.0,0.0,0.0,0.0,0.0,0.0,0,0,0,0,0,0,0,3,0,0,0,6,1,0,0
321042502,-0.13100436,0.14989734,0.36113936,0.0,0.0,0.0,0.0,0.0,0.0,0.0,0.0,0,0,0,0,0,0,0,3,0,0,0,6,1,0,0
321238935,-0.12445415,0.14784394,0.36113936,0.0,0.0,0.0,0.0,0.0,0.0,0.0,0.0,0,0,0,0,0,0,0,3,0,0,0,6,1,0,0
321451901,-0.12008733,0.15605749,0.36113936,0.0,0.0,0.0,0.0,0.0,0.0,0.0,0.0,0,0,0,0,0,0,0,3,0,0,0,6,1,0,0
321646533,-0.115720525,0.16427104,0.36113936,0.0,0.0,0.0,0.0,0.0,0.0,0.0,0.0,0,0,0,0,0,0,0,3,0,0,0,6,1,0,0
321846497,-0.115720525,0.16221766,0.36113936,0.0,0.0,0.0,0.0,0.0,0.0,0.0,0.0,0,0,0,0,0,0,0,3,0,0,0,6,1,0,0
322038731,-0.11353712,0.15811089,0.36113936,0.0,0.0,0.0,0.0,0.0,0.0,0.0,0.0,0,0,0,0,0,0,0,3,0,0,0,6,1,0,0
322253794,-0.06768559,0.108829565,0.36113936,0.0,0.0,0.0,0.0,0.0,0.0,0.0,0.0,0,0,0,0,0,0,0,3,0,0,0,6,1,0,0
322453731,-0.063318774,0.108829565,0.36113936,0.0,0.0,0.0,0.0,0.0,0.0,0.0,0.0,0,0,0,0,0,0,0,3,0,0,0,6,1,0,0
322651700,-0.058951966,0.07597536,0.36113936,0.0,0.0,0.0,0.0,0.0,0.0,0.0,0.0,0,0,0,0,0,0,0,3,0,0,0,6,1,0,0
322846353,-0.1069869,0.08213552,0.36113936,0.0,0.0,0.0,0.0,0.0,0.0,0.0,0.0,0,0,0,0,0,0,0,3,0,0,0,6,1,0,0
323042341,-0.093886465,0.07597536,0.36113936,0.0,0.0,0.0,0.0,0.0,0.0,0.0,0.0,0,0,0,0,0,0,0,3,0,0,0,6,1,0,0
323236144,-0.063318774,0.13141684,0.36113936,0.0,0.0,0.0,0.0,0.0,0.0,0.0,0.0,0,0,0,0,0,0,0,3,0,0,0,6,1,0,0
323448565,-0.02183406,0.11909651,0.36113936,0.0,0.0,0.0,0.0,0.0,0.0,0.0,0.0,0,0,0,0,0,0,0,3,0,0,0,6,1,0,0
323646644,0.0,0.0,0.36113936,0.0,0.0,0.0,0.0,0.0,0.0,0.0,0.0,0,0,0,0,0,0,0,3,0,0,0,6,1,0,0
323838443,0.012269938,0.06776181,0.36113936,0.0,0.0,0.0,0.0,0.0,0.0,0.0,0.0,0,0,0,0,0,0,0,3,0,0,0,6,1,0,0
324051054,0.118609406,0.0513347,0.36012208,0.0,0.0,0.0,0.0,0.0,0.0,0.0,0.0,0,0,0,0,0,0,0,3,0,0,0,6,1,0,0
324246382,0.116564415,0.04517454,0.36113936,0.0,0.0,0.0,0.0,0.0,0.0,0.0,0.0,0,0,0,0,0,0,0,3,0,0,0,6,1,0,0
324443439,0.09815951,0.04106776,0.36113936,0.0,0.0,0.0,0.0,0.0,0.0,0.0,0.0,0,0,0,0,0,0,0,3,0,0,0,6,1,0,0
324636746,0.07157464,0.0123203285,0.36113936,0.0,0.0,0.0,0.0,0.0,0.0,0.0,0.0,0,0,0,0,0,0,0,3,0,0,0,6,1,0,0
324848239,0.08997955,0.0,0.36113936,0.0,0.0,0.0,0.0,0.0,0.0,0.0,0.0,0,0,0,0,0,0,0,3,0,0,0,6,1,0,0
325040851,0.116564415,0.0,0.36113936,0.0,0.0,0.0,0.0,0.0,0.0,0.0,0.0,0,0,0,0,0,0,0,3,0,0,0,6,1,0,0
325233375,0.14314929,-0.038724374,0.36012208,0.0,0.0,0.0,0.0,0.0,0.0,0.0,0.0,0,0,0,0,0,0,0,3,0,0,0,6,1,0,0
325448112,0.1411043,-0.041002277,0.36012208,0.0,0.0,0.0,0.0,0.0,0.0,0.0,0.0,0,0,0,0,0,0,0,3,0,0,0,6,1,0,0
325640752,0.1390593,-0.06378132,0.3234995,0.0,0.0,0.0,0.0,0.0,0.0,0.0,0.0,0,0,0,0,0,0,0,3,0,0,0,6,1,0,0
325833199,0.1390593,-0.113895215,0.31332654,0.0,0.0,0.0,0.0,0.0,0.0,0.0,0.0,0,0,0,0,0,0,0,3,0,0,0,6,1,0,0
326048160,0.13701431,-0.11617312,0.31332654,0.0,0.0,0.0,0.0,0.0,0.0,0.0,0.0,0,0,0,0,0,0,0,3,0,0,0,6,1,0,0
326240572,0.10429448,-0.20045558,0.31332654,0.0,0.0,0.0,0.0,0.0,0.0,0.0,0.0,0,0,0,0,0,0,0,3,0,0,0,6,1,0,0
326432878,0.061349694,-0.23917995,0.31332654,0.0,0.0,0.0,0.0,0.0,0.0,0.0,0.0,0,0,0,0,0,0,0,3,0,0,0,6,1,0,0
326647844,0.055214725,-0.10022779,0.31332654,0.0,0.0,0.0,0.0,0.0,0.0,0.0,0.0,0,0,0,0,0,0,0,3,0,0,0,6,1,0,0
326840462,0.06543967,-0.01594533,0.31332654,0.0,0.0,0.0,0.0,0.0,0.0,0.0,0.0,0,0,0,0,0,0,0,3,0,0,0,6,1,0,0
327042844,0.08384458,0.0,0.31332654,0.0,0.0,0.0,0.0,0.0,0.0,0.0,0.0,0,0,0,0,0,0,0,3,0,0,0,6,1,0,0
327245850,0.112474434,-0.03189066,0.31332654,0.0,0.0,0.0,0.0,0.0,0.0,0.0,0.0,0,0,0,0,0,0,0,3,0,0,0,6,1,0,0
327442691,0.13496932,-0.027334852,0.31332654,0.0,0.0,0.0,0.0,0.0,0.0,0.0,0.0,0,0,0,0,0,0,0,3,0,0,0,6,1,0,0
327636162,0.13087934,-0.082004555,0.31332654,0.0,0.0,0.0,0.0,0.0,0.0,0.0,0.0,0,0,0,0,0,0,0,3,0,0,0,6,1,0,0
327852691,0.1002045,-0.11161731,0.31332654,0.0,0.0,0.0,0.0,0.0,0.0,0.0,0.0,0,0,0,0,0,0,0,3,0,0,0,6,1,0,0
328050380,0.1002045,-0.09339408,0.31332654,0.0,0.0,0.0,0.0,0.0,0.0,0.0,0.0,0,0,0,0,0,0,0,3,0,0,0,6,1,0,0
328242501,0.0797546,-0.12984055,0.31332654,0.0,0.0,0.0,0.0,0.0,0.0,0.0,0.0,0,0,0,0,0,0,0,3,0,0,0,6,1,0,0
328435709,0.08793456,-0.13667426,0.31332654,0.0,0.0,0.0,0.0,0.0,0.0,0.0,0.0,0,0,0,0,0,0,0,3,0,0,0,6,1,0,0
328647461,0.10224949,-0.10933941,0.31332654,0.0,0.0,0.0,0.0,0.0,0.0,0.0,0.0,0,0,0,0,0,0,0,3,0,0,0,6,1,0,0
328840023,0.12269939,-0.07972665,0.31332654,0.0,0.0,0.0,0.0,0.0,0.0,0.0,0.0,0,0,0,0,0,0,0,3,0,0,0,6,1,0,0
329032386,0.112474434,-0.11845102,0.31332654,0.0,0.0,0.0,0.0,0.0,0.0,0.0,0.0,0,0,0,0,0,0,0,3,0,0,0,6,1,0,0
329247267,0.10224949,-0.11617312,0.31332654,0.0,0.0,0.0,0.0,0.0,0.0,0.0,0.0,0,0,0,0,0,0,0,3,0,0,0,6,1,0,0
329439959,0.1002045,-0.11617312,0.31332654,0.0,0.0,0.0,0.0,0.0,0.0,0.0,0.0,0,0,0,0,0,0,0,3,0,0,0,6,1,0,0
329652351,0.1002045,-0.11845102,0.31332654,0.0,0.0,0.0,0.0,0.0,0.0,0.0,0.0,0,0,0,0,0,0,0,3,0,0,0,6,1,0,0
329845257,0.075664625,-0.113895215,0.31332654,0.0,0.0,0.0,0.0,0.0,0.0,0.0,0.0,0,0,0,0,0,0,0,3,0,0,0,6,1,0,0
330047165,0.06952965,-0.1047836,0.31332654,0.0,0.0,0.0,0.0,0.0,0.0,0.0,0.0,0,0,0,0,0,0,0,3,0,0,0,6,1,0,0
330245315,0.07157464,-0.10250569,0.31332654,0.0,0.0,0.0,0.0,0.0,0.0,0.0,0.0,0,0,0,0,0,0,0,3,0,0,0,6,1,0,0
330439788,0.06952965,-0.10250569,0.31332654,0.0,0.0,0.0,0.0,0.0,0.0,0.0,0.0,0,0,0,0,0,0,0,3,0,0,0,6,1,0,0
330639726,0.06543967,-0.097949885,0.31332654,0.0,0.0,0.0,0.0,0.0,0.0,0.0,0.0,0,0,0,0,0,0,0,3,0,0,0,6,1,0,0
330852147,0.061349694,-0.066059224,0.31536114,0.0,0.0,0.0,0.0,0.0,0.0,0.0,0.0,0,0,0,0,0,0,0,3,0,0,0,6,1,0,0
331046927,0.061349694,-0.05922551,0.32756868,0.0,0.0,0.0,0.0,0.0,0.0,0.0,0.0,0,0,0,0,0,0,0,3,0,0,0,6,1,0,0
331245005,0.057259712,-0.061503418,0.33163783,0.0,0.0,0.0,0.0,0.0,0.0,0.0,0.0,0,0,0,0,0,0,0,3,0,0,0,6,1,0,0
331436825,0.057259712,-0.056947608,0.3377416,0.0,0.0,0.0,0.0,0.0,0.0,0.0,0.0,0,0,0,0,0,0,0,3,0,0,0,6,1,0,0
331631876,0.057259712,-0.050113894,0.33875892,0.0,0.0,0.0,0.0,0.0,0.0,0.0,0.0,0,0,0,0,0,0,0,3,0,0,0,6,1,0,0
331849473,0.055214725,-0.03644647,0.3407935,0.0,0.0,0.0,0.0,0.0,0.0,0.0,0.0,0,0,0,0,0,0,0,3,0,0,0,6,1,0,0
332044874,0.049079753,-0.025056947,0.3397762,0.0,0.0,0.0,0.0,0.0,0.0,0.0,0.0,0,0,0,0,0,0,0,3,0,0,0,6,1,0,0
332239428,0.036809817,-0.01594533,0.3397762,0.0,0.0,0.0,0.0,0.0,0.0,0.0,0.0,0,0,0,0,0,0,0,3,0,0,0,6,1,0,0
332451580,0.0,0.0,0.3407935,0.0,0.0,0.0,0.0,0.0,0.0,0.0,0.0,0,0,0,0,0,0,0,3,0,0,0,6,1,0,0
332644805,0.0,0.0,0.3407935,0.0,0.0,0.0,0.0,0.0,0.0,0.0,0.0,0,0,0,0,0,0,0,3,0,0,0,6,1,0,0
332851490,0.0,0.0,0.3407935,0.0,0.0,0.0,0.0,0.0,0.0,0.0,0.0,0,0,0,0,0,0,0,3,0,0,0,6,1,0,0
333049209,-0.019650655,0.0,0.3418108,0.0,0.0,0.0,0.0,0.0,0.0,0.0,0.0,0,0,0,0,0,0,0,3,0,0,0,6,1,0,0
333246461,-0.024017468,0.0,0.34791455,0.0,0.0,0.0,0.0,0.0,0.0,0.0,0.0,0,0,0,0,0,0,0,3,0,0,0,6,1,0,0
333441490,-0.072052404,0.0,0.34994912,0.0,0.0,0.0,0.0,0.0,0.0,0.0,0.0,0,0,0,0,0,0,0,3,0,0,0,6,1,0,0
333639086,-0.10043668,0.0,0.34994912,0.0,0.0,0.0,0.0,0.0,0.0,0.0,0.0,0,0,0,0,0,0,0,3,0,0,0,6,1,0,0
333836424,-0.1069869,0.0,0.34994912,0.0,0.0,0.0,0.0,0.0,0.0,0.0,0.0,0,0,0,0,0,0,0,3,0,0,0,6,1,0,0
334051418,-0.1091703,0.0,0.34994912,0.0,0.0,0.0,0.0,0.0,0.0,0.0,0.0,0,0,0,0,0,0,0,3,0,0,0,6,1,0,0
334244665,-0.115720525,0.0,0.35096642,0.0,0.0,0.0,0.0,0.0,0.0,0.0,0.0,0,0,0,0,0,0,0,3,0,0,0,6,1,0,0
334436196,-0.12445415,0.0,0.35300103,0.0,0.0,0.0,0.0,0.0,0.0,0.0,0.0,0,0,0,0,0,0,0,3,0,0,0,6,1,0,0
334631199,-0.12008733,0.0,0.3540183,0.0,0.0,0.0,0.0,0.0,0.0,0.0,0.0,0,0,0,0,0,0,0,3,0,0,0,6,1,0,0
334848783,-0.12882096,0.0,0.3540183,0.0,0.0,0.0,0.0,0.0,0.0,0.0,0.0,0,0,0,0,0,0,0,3,0,0,0,6,1,0,0
335048729,-0.13100436,0.0,0.3540183,0.0,0.0,0.0,0.0,0.0,0.0,0.0,0.0,0,0,0,0,0,0,0,3,0,0,0,6,1,0,0
335244260,-0.1091703,0.0,0.3540183,0.0,0.0,0.0,0.0,0.0,0.0,0.0,0.0,0,0,0,0,0,0,0,3,0,0,0,6,1,0,0
335446212,-0.072052404,-0.013667426,0.3540183,0.0,0.0,0.0,0.0,0.0,0.0,0.0,0.0,0,0,0,0,0,0,0,3,0,0,0,6,1,0,0
335648626,-0.074235804,-0.04328018,0.35300103,0.0,0.0,0.0,0.0,0.0,0.0,0.0,0.0,0,0,0,0,0,0,0,3,0,0,0,6,1,0,0
335851027,-0.07641921,-0.075170845,0.35300103,0.0,0.0,0.0,0.0,0.0,0.0,0.0,0.0,0,0,0,0,0,0,0,3,0,0,0,6,1,0,0
336030903,-0.08951965,-0.097949885,0.35300103,0.0,0.0,0.0,0.0,0.0,0.0,0.0,0.0,0,0,0,0,0,0,0,3,0,0,0,6,1,0,0
336233878,-0.11135371,-0.113895215,0.35300103,0.0,0.0,0.0,0.0,0.0,0.0,0.0,0.0,0,0,0,0,0,0,0,3,0,0,0,6,1,0,0
336435867,-0.12445415,-0.14123006,0.35300103,0.0,0.0,0.0,0.0,0.0,0.0,0.0,0.0,0,0,0,0,0,0,0,3,0,0,0,6,1,0,0
336650750,-0.1419214,-0.13667426,0.35300103,0.0,0.0,0.0,0.0,0.0,0.0,0.0,0.0,0,0,0,0,0,0,0,3,0,0,0,6,1,0,0
336843971,-0.13755459,-0.13439636,0.35300103,0.0,0.0,0.0,0.0,0.0,0.0,0.0,0.0,0,0,0,0,0,0,0,3,0,0,0,6,1,0,0
337043901,-0.12663755,-0.13895217,0.35300103,0.0,0.0,0.0,0.0,0.0,0.0,0.0,0.0,0,0,0,0,0,0,0,3,0,0,0,6,1,0,0
337233866,-0.12663755,-0.14350797,0.35300103,0.0,0.0,0.0,0.0,0.0,0.0,0.0,0.0,0,0,0,0,0,0,0,3,0,0,0,6,1,0,0
337448336,-0.13755459,-0.1548975,0.36622584,0.0,0.0,0.0,0.0,0.0,0.0,0.0,0.0,0,0,0,0,0,0,0,3,0,0,0,6,1,0,0
337650533,-0.139738,-0.14578588,0.3733469,0.0,0.0,0.0,0.0,0.0,0.0,0.0,0.0,0,0,0,0,0,0,0,3,0,0,0,6,1,0,0
337845545,-0.12445415,-0.09339408,0.3723296,0.0,0.0,0.0,0.0,0.0,0.0,0.0,0.0,0,0,0,0,0,0,0,3,0,0,0,6,1,0,0
338038250,-0.13318777,-0.11161731,0.3733469,0.0,0.0,0.0,0.0,0.0,0.0,0.0,0.0,0,0,0,0,0,0,0,3,0,0,0,6,1,0,0
338235478,-0.13755459,-0.1594533,0.3743642,0.0,0.0,0.0,0.0,0.0,0.0,0.0,0.0,0,0,0,0,0,0,0,3,0,0,0,6,1,0,0
338438082,-0.12882096,-0.14806378,0.3936928,0.0,0.0,0.0,0.0,0.0,0.0,0.0,0.0,0,0,0,0,0,0,0,3,0,0,0,6,1,0,0
338640300,-0.12008733,-0.1047836,0.3926755,0.0,0.0,0.0,0.0,0.0,0.0,0.0,0.0,0,0,0,0,0,0,0,3,0,0,0,6,1,0,0
338835338,-0.115720525,-0.09567198,0.3926755,0.0,0.0,0.0,0.0,0.0,0.0,0.0,0.0,0,0,0,0,0,0,0,3,0,0,0,6,1,0,0
339050191,-0.08733624,-0.091116175,0.3926755,0.0,0.0,0.0,0.0,0.0,0.0,0.0,0.0,0,0,0,0,0,0,0,3,0,0,0,6,1,0,0
339247911,-0.05676856,-0.09339408,0.3926755,0.0,0.0,0.0,0.0,0.0,0.0,0.0,0.0,0,0,0,0,0,0,0,3,0,0,0,6,1,0,0
339450183,-0.030567685,-0.08883827,0.3926755,0.0,0.0,0.0,0.0,0.0,0.0,0.0,0.0,0,0,0,0,0,0,0,3,0,0,0,6,1,0,0
339653140,0.0,-0.09339408,0.3926755,0.0,0.0,0.0,0.0,0.0,0.0,0.0,0.0,0,0,0,0,0,0,0,3,0,0,0,6,1,0,0
339833092,0.0,-0.10933941,0.39471006,0.0,0.0,0.0,0.0,0.0,0.0,0.0,0.0,0,0,0,0,0,0,0,3,0,0,0,6,1,0,0
340035050,0.008179959,-0.10933941,0.3936928,0.0,0.0,0.0,0.0,0.0,0.0,0.0,0.0,0,0,0,0,0,0,0,3,0,0,0,6,1,0,0
340237655,0.044989776,-0.10933941,0.3926755,0.0,0.0,0.0,0.0,0.0,0.0,0.0,0.0,0,0,0,0,0,0,0,3,0,0,0,6,1,0,0
340439960,0.0797546,-0.08883827,0.39064088,0.0,0.0,0.0,0.0,0.0,0.0,0.0,0.0,0,0,0,0,0,0,0,3,0,0,0,6,1,0,0
340637487,0.10429448,-0.09339408,0.3540183,0.0,0.0,0.0,0.0,0.0,0.0,0.0,0.0,0,0,0,0,0,0,0,3,0,0,0,6,1,0,0
340852893,0.13496932,-0.09567198,0.3540183,0.0,0.0,0.0,0.0,0.0,0.0,0.0,0.0,0,0,0,0,0,0,0,3,0,0,0,6,1,0,0
341047498,0.13701431,-0.107061505,0.3540183,0.0,0.0,0.0,0.0,0.0,0.0,0.0,0.0,0,0,0,0,0,0,0,3,0,0,0,6,1,0,0
341244744,0.12678936,-0.18678816,0.3540183,0.0,0.0,0.0,0.0,0.0,0.0,0.0,0.0,0,0,0,0,0,0,0,3,0,0,0,6,1,0,0
341439718,0.10429448,-0.17767654,0.3540183,0.0,0.0,0.0,0.0,0.0,0.0,0.0,0.0,0,0,0,0,0,0,0,3,0,0,0,6,1,0,0
341632962,0.06543967,0.0,0.3540183,0.0,0.0,0.0,0.0,0.0,0.0,0.0,0.0,0,0,0,0,0,0,0,3,0,0,0,6,1,0,0
341834628,0.049079753,0.0,0.3540183,0.0,0.0,0.0,0.0,0.0,0.0,0.0,0.0,0,0,0,0,0,0,0,3,0,0,0,6,1,0,0
342049555,0.06748466,0.0,0.3540183,0.0,0.0,0.0,0.0,0.0,0.0,0.0,0.0,0,0,0,0,0,0,0,3,0,0,0,6,1,0,0
342242831,0.096114516,0.02258727,0.3540183,0.0,0.0,0.0,0.0,0.0,0.0,0.0,0.0,0,0,0,0,0,0,0,3,0,0,0,6,1,0,0
342434511,0.1390593,0.0041067763,0.3540183,0.0,0.0,0.0,0.0,0.0,0.0,0.0,0.0,0,0,0,0,0,0,0,3,0,0,0,6,1,0,0
342652599,0.14314929,0.0,0.3540183,0.0,0.0,0.0,0.0,0.0,0.0,0.0,0.0,0,0,0,0,0,0,0,3,0,0,0,6,1,0,0
342844412,0.1411043,0.0,0.3540183,0.0,0.0,0.0,0.0,0.0,0.0,0.0,0.0,0,0,0,0,0,0,0,3,0,0,0,6,1,0,0
343039427,0.14314929,0.0,0.3540183,0.0,0.0,0.0,0.0,0.0,0.0,0.0,0.0,0,0,0,0,0,0,0,3,0,0,0,6,1,0,0
343252646,0.1390593,0.01026694,0.3550356,0.0,0.0,0.0,0.0,0.0,0.0,0.0,0.0,0,0,0,0,0,0,0,3,0,0,0,6,1,0,0
343452747,0.0,0.02258727,0.3550356,0.0,0.0,0.0,0.0,0.0,0.0,0.0,0.0,0,0,0,0,0,0,0,3,0,0,0,6,1,0,0
343646916,0.0,0.034907598,0.3540183,0.0,0.0,0.0,0.0,0.0,0.0,0.0,0.0,0,0,0,0,0,0,0,3,0,0,0,6,1,0,0
343842496,0.0,0.07186858,0.3540183,0.0,0.0,0.0,0.0,0.0,0.0,0.0,0.0,0,0,0,0,0,0,0,3,0,0,0,6,1,0,0
344034264,0.042944785,0.069815196,0.3540183,0.0,0.0,0.0,0.0,0.0,0.0,0.0,0.0,0,0,0,0,0,0,0,3,0,0,0,6,1,0,0
344232547,0.034764826,0.09856263,0.3540183,0.0,0.0,0.0,0.0,0.0,0.0,0.0,0.0,0,0,0,0,0,0,0,3,0,0,0,6,1,0,0
344432288,0.059304703,0.10677618,0.34994912,0.0,0.0,0.0,0.0,0.0,0.0,0.0,0.0,0,0,0,0,0,0,0,3,0,0,0,6,1,0,0
344646837,0.059304703,0.10472279,0.31332654,0.0,0.0,0.0,0.0,0.0,0.0,0.0,0.0,0,0,0,0,0,0,0,3,0,0,0,6,1,0,0
344849148,0.055214725,0.1211499,0.31230927,0.0,0.0,0.0,0.0,0.0,0.0,0.0,0.0,0,0,0,0,0,0,0,3,0,0,0,6,1,0,0
345051993,0.053169735,0.114989735,0.31230927,0.0,0.0,0.0,0.0,0.0,0.0,0.0,0.0,0,0,0,0,0,0,0,3,0,0,0,6,1,0,0
345252668,0.038854804,0.0,0.31332654,0.0,0.0,0.0,0.0,0.0,0.0,0.0,0.0,0,0,0,0,0,0,0,3,0,0,0,6,1,0,0
345443832,0.044989776,0.0,0.31332654,0.0,0.0,0.0,0.0,0.0,0.0,0.0,0.0,0,0,0,0,0,0,0,3,0,0,0,6,1,0,0
345636550,0.0,0.04106776,0.31332654,0.0,0.0,0.0,0.0,0.0,0.0,0.0,0.0,0,0,0,0,0,0,0,3,0,0,0,6,1,0,0
345838771,0.0,0.030800821,0.31332654,0.0,0.0,0.0,0.0,0.0,0.0,0.0,0.0,0,0,0,0,0,0,0,3,0,0,0,6,1,0,0
346046447,0.0,0.016427105,0.31332654,0.0,0.0,0.0,0.0,0.0,0.0,0.0,0.0,0,0,0,0,0,0,0,3,0,0,0,6,1,0,0
346236275,0.0,0.0,0.31332654,0.0,0.0,0.0,0.0,0.0,0.0,0.0,0.0,0,0,0,0,0,0,0,3,0,0,0,6,1,0,0
346448661,-0.030567685,0.0,0.31536114,0.0,0.0,0.0,0.0,0.0,0.0,0.0,0.0,0,0,0,0,0,0,0,3,0,0,0,6,1,0,0
346646380,-0.048034936,0.0,0.3234995,0.0,0.0,0.0,0.0,0.0,0.0,0.0,0.0,0,0,0,0,0,0,0,3,0,0,0,6,1,0,0
346846292,-0.082969435,0.0,0.33062056,0.0,0.0,0.0,0.0,0.0,0.0,0.0,0.0,0,0,0,0,0,0,0,3,0,0,0,6,1,0,0
347041803,-0.08951965,0.0,0.33265513,0.0,0.0,0.0,0.0,0.0,0.0,0.0,0.0,0,0,0,0,0,0,0,3,0,0,0,6,1,0,0
347251799,-0.11135371,0.0,0.33163783,0.0,0.0,0.0,0.0,0.0,0.0,0.0,0.0,0,0,0,0,0,0,0,3,0,0,0,6,1,0,0
347443471,-0.12227074,0.0,0.33265513,0.0,0.0,0.0,0.0,0.0,0.0,0.0,0.0,0,0,0,0,0,0,0,3,0,0,0,6,1,0,0
347636860,-0.12445415,0.0,0.33265513,0.0,0.0,0.0,0.0,0.0,0.0,0.0,0.0,0,0,0,0,0,0,0,3,0,0,0,6,1,0,0
347851057,-0.13755459,0.0,0.33265513,0.0,0.0,0.0,0.0,0.0,0.0,0.0,0.0,0,0,0,0,0,0,0,3,0,0,0,6,1,0,0
348043311,-0.13755459,-0.0523918,0.33265513,0.0,0.0,0.0,0.0,0.0,0.0,0.0,0.0,0,0,0,0,0,0,0,3,0,0,0,6,1,0,0
348236566,-0.13100436,-0.045558088,0.3367243,0.0,0.0,0.0,0.0,0.0,0.0,0.0,0.0,0,0,0,0,0,0,0,3,0,0,0,6,1,0,0
348450878,-0.12008733,-0.06378132,0.33875892,0.0,0.0,0.0,0.0,0.0,0.0,0.0,0.0,0,0,0,0,0,0,0,3,0,0,0,6,1,0,0
348643150,-0.12663755,-0.12756264,0.33875892,0.0,0.0,0.0,0.0,0.0,0.0,0.0,0.0,0,0,0,0,0,0,0,3,0,0,0,6,1,0,0
348838140,-0.15938865,-0.12756264,0.35910478,0.0,0.0,0.0,0.0,0.0,0.0,0.0,0.0,0,0,0,0,0,0,0,3,0,0,0,6,1,0,0
349033008,-0.1419214,-0.11617312,0.35910478,0.0,0.0,0.0,0.0,0.0,0.0,0.0,0.0,0,0,0,0,0,0,0,3,0,0,0,6,1,0,0
349250729,-0.13755459,-0.11617312,0.35910478,0.0,0.0,0.0,0.0,0.0,0.0,0.0,0.0,0,0,0,0,0,0,0,3,0,0,0,6,1,0,0
349445948,-0.09606987,-0.11845102,0.3570702,0.0,0.0,0.0,0.0,0.0,0.0,0.0,0.0,0,0,0,0,0,0,0,3,0,0,0,6,1,0,0
349636338,-0.12008733,-0.15261959,0.3540183,0.0,0.0,0.0,0.0,0.0,0.0,0.0,0.0,0,0,0,0,0,0,0,3,0,0,0,6,1,0,0
349850487,-0.17467248,-0.17084283,0.3540183,0.0,0.0,0.0,0.0,0.0,0.0,0.0,0.0,0,0,0,0,0,0,0,3,0,0,0,6,1,0,0
350045911,-0.1419214,-0.13667426,0.3540183,0.0,0.0,0.0,0.0,0.0,0.0,0.0,0.0,0,0,0,0,0,0,0,3,0,0,0,6,1,0,0
350247875,-0.13537118,-0.123006836,0.3540183,0.0,0.0,0.0,0.0,0.0,0.0,0.0,0.0,0,0,0,0,0,0,0,3,0,0,0,6,1,0,0
350450516,-0.13537118,-0.12528473,0.36012208,0.0,0.0,0.0,0.0,0.0,0.0,0.0,0.0,0,0,0,0,0,0,0,3,0,0,0,6,1,0,0
350640506,-0.14410481,-0.12984055,0.38046795,0.0,0.0,0.0,0.0,0.0,0.0,0.0,0.0,0,0,0,0,0,0,0,3,0,0,0,6,1,0,0
350832809,-0.139738,-0.12756264,0.38046795,0.0,0.0,0.0,0.0,0.0,0.0,0.0,0.0,0,0,0,0,0,0,0,3,0,0,0,6,1,0,0
351047563,-0.12227074,-0.12528473,0.38046795,0.0,0.0,0.0,0.0,0.0,0.0,0.0,0.0,0,0,0,0,0,0,0,3,0,0,0,6,1,0,0
351242567,-0.1069869,-0.12528473,0.38046795,0.0,0.0,0.0,0.0,0.0,0.0,0.0,0.0,0,0,0,0,0,0,0,3,0,0,0,6,1,0,0
351435971,-0.07641921,-0.123006836,0.38046795,0.0,0.0,0.0,0.0,0.0,0.0,0.0,0.0,0,0,0,0,0,0,0,3,0,0,0,6,1,0,0
351652534,-0.06768559,-0.10250569,0.38148525,0.0,0.0,0.0,0.0,0.0,0.0,0.0,0.0,0,0,0,0,0,0,0,3,0,0,0,6,1,0,0
351847457,-0.072052404,-0.10250569,0.38046795,0.0,0.0,0.0,0.0,0.0,0.0,0.0,0.0,0,0,0,0,0,0,0,3,0,0,0,6,1,0,0
352040015,-0.069869,-0.10250569,0.38046795,0.0,0.0,0.0,0.0,0.0,0.0,0.0,0.0,0,0,0,0,0,0,0,3,0,0,0,6,1,0,0
352252357,-0.063318774,-0.10250569,0.38148525,0.0,0.0,0.0,0.0,0.0,0.0,0.0,0.0,0,0,0,0,0,0,0,3,0,0,0,6,1,0,0
352449977,-0.06113537,-0.10250569,0.38148525,0.0,0.0,0.0,0.0,0.0,0.0,0.0,0.0,0,0,0,0,0,0,0,3,0,0,0,6,1,0,0
352642387,-0.052401748,-0.09339408,0.37945065,0.0,0.0,0.0,0.0,0.0,0.0,0.0,0.0,0,0,0,0,0,0,0,3,0,0,0,6,1,0,0
352842211,-0.041484717,-0.06378132,0.37945065,0.0,0.0,0.0,0.0,0.0,0.0,0.0,0.0,0,0,0,0,0,0,0,3,0,0,0,6,1,0,0
353035469,0.0,-0.04783599,0.37945065,0.0,0.0,0.0,0.0,0.0,0.0,0.0,0.0,0,0,0,0,0,0,0,3,0,0,0,6,1,0,0
353252132,0.0,0.0,0.37945065,0.0,0.0,0.0,0.0,0.0,0.0,0.0,0.0,0,0,0,0,0,0,0,3,0,0,0,6,1,0,0
353445146,0.0,-0.027334852,0.36419126,0.0,0.0,0.0,0.0,0.0,0.0,0.0,0.0,0,0,0,0,0,0,0,3,0,0,0,6,1,0,0
353637039,0.028629856,-0.041002277,0.3540183,0.0,0.0,0.0,0.0,0.0,0.0,0.0,0.0,0,0,0,0,0,0,0,3,0,0,0,6,1,0,0
353849654,0.034764826,-0.038724374,0.3540183,0.0,0.0,0.0,0.0,0.0,0.0,0.0,0.0,0,0,0,0,0,0,0,3,0,0,0,6,1,0,0
354045155,0.036809817,-0.038724374,0.3540183,0.0,0.0,0.0,0.0,0.0,0.0,0.0,0.0,0,0,0,0,0,0,0,3,0,0,0,6,1,0,0
354242189,0.061349694,-0.038724374,0.35198373,0.0,0.0,0.0,0.0,0.0,0.0,0.0,0.0,0,0,0,0,0,0,0,3,0,0,0,6,1,0,0
354455107,0.061349694,-0.038724374,0.35300103,0.0,0.0,0.0,0.0,0.0,0.0,0.0,0.0,0,0,0,0,0,0,0,3,0,0,0,6,1,0,0
354646798,0.061349694,-0.038724374,0.35198373,0.0,0.0,0.0,0.0,0.0,0.0,0.0,0.0,0,0,0,0,0,0,0,3,0,0,0,6,1,0,0
354839431,0.06339468,-0.038724374,0.35198373,0.0,0.0,0.0,0.0,0.0,0.0,0.0,0.0,0,0,0,0,0,0,0,3,0,0,0,6,1,0,0
355031678,0.06339468,-0.041002277,0.35198373,0.0,0.0,0.0,0.0,0.0,0.0,0.0,0.0,0,0,0,0,0,0,0,3,0,0,0,6,1,0,0
355249387,0.06952965,-0.04783599,0.35300103,0.0,0.0,0.0,0.0,0.0,0.0,0.0,0.0,0,0,0,0,0,0,0,3,0,0,0,6,1,0,0
355439290,0.073619634,-0.054669704,0.33265513,0.0,0.0,0.0,0.0,0.0,0.0,0.0,0.0,0,0,0,0,0,0,0,3,0,0,0,6,1,0,0
355635076,0.08588957,-0.05922551,0.33163783,0.0,0.0,0.0,0.0,0.0,0.0,0.0,0.0,0,0,0,0,0,0,0,3,0,0,0,6,1,0,0
355846631,0.096114516,-0.05922551,0.33163783,0.0,0.0,0.0,0.0,0.0,0.0,0.0,0.0,0,0,0,0,0,0,0,3,0,0,0,6,1,0,0
356041534,0.10224949,-0.07744875,0.33163783,0.0,0.0,0.0,0.0,0.0,0.0,0.0,0.0,0,0,0,0,0,0,0,3,0,0,0,6,1,0,0
356234863,0.1002045,-0.09567198,0.33265513,0.0,0.0,0.0,0.0,0.0,0.0,0.0,0.0,0,0,0,0,0,0,0,3,0,0,0,6,1,0,0
356446502,0.10838446,-0.12528473,0.33265513,0.0,0.0,0.0,0.0,0.0,0.0,0.0,0.0,0,0,0,0,0,0,0,3,0,0,0,6,1,0,0
356639072,0.114519425,-0.12528473,0.33265513,0.0,0.0,0.0,0.0,0.0,0.0,0.0,0.0,0,0,0,0,0,0,0,3,0,0,0,6,1,0,0
356831334,0.116564415,-0.10933941,0.33265513,0.0,0.0,0.0,0.0,0.0,0.0,0.0,0.0,0,0,0,0,0,0,0,3,0,0,0,6,1,0,0
357051269,0.112474434,-0.10022779,0.33367243,0.0,0.0,0.0,0.0,0.0,0.0,0.0,0.0,0,0,0,0,0,0,0,3,0,0,0,6,1,0,0
357246319,0.112474434,-0.10022779,0.33265513,0.0,0.0,0.0,0.0,0.0,0.0,0.0,0.0,0,0,0,0,0,0,0,3,0,0,0,6,1,0,0
357444460,0.116564415,-0.113895215,0.33265513,0.0,0.0,0.0,0.0,0.0,0.0,0.0,0.0,0,0,0,0,0,0,0,3,0,0,0,6,1,0,0
357636207,0.12269939,-0.12984055,0.33265513,0.0,0.0,0.0,0.0,0.0,0.0,0.0,0.0,0,0,0,0,0,0,0,3,0,0,0,6,1,0,0
357838815,0.112474434,-0.14578588,0.33265513,0.0,0.0,0.0,0.0,0.0,0.0,0.0,0.0,0,0,0,0,0,0,0,3,0,0,0,6,1,0,0
358031070,0.07770961,-0.14123006,0.33265513,0.0,0.0,0.0,0.0,0.0,0.0,0.0,0.0,0,0,0,0,0,0,0,3,0,0,0,6,1,0,0
358240955,0.07770961,-0.14123006,0.33265513,0.0,0.0,0.0,0.0,0.0,0.0,0.0,0.0,0,0,0,0,0,0,0,3,0,0,0,6,1,0,0
358434082,0.0797546,-0.13895217,0.33265513,0.0,0.0,0.0,0.0,0.0,0.0,0.0,0.0,0,0,0,0,0,0,0,3,0,0,0,6,1,0,0
358648590,0.057259712,-0.12072893,0.3397762,0.0,0.0,0.0,0.0,0.0,0.0,0.0,0.0,0,0,0,0,0,0,0,3,0,0,0,6,1,0,0
358840806,0.057259712,-0.11845102,0.34282807,0.0,0.0,0.0,0.0,0.0,0.0,0.0,0.0,0,0,0,0,0,0,0,3,0,0,0,6,1,0,0
359053932,0.057259712,-0.12072893,0.34486267,0.0,0.0,0.0,0.0,0.0,0.0,0.0,0.0,0,0,0,0,0,0,0,3,0,0,0,6,1,0,0
359245778,0.057259712,-0.123006836,0.34994912,0.0,0.0,0.0,0.0,0.0,0.0,0.0,0.0,0,0,0,0,0,0,0,3,0,0,0,6,1,0,0
359438371,0.057259712,-0.11845102,0.35096642,0.0,0.0,0.0,0.0,0.0,0.0,0.0,0.0,0,0,0,0,0,0,0,3,0,0,0,6,1,0,0
359630771,0.057259712,-0.11161731,0.35198373,0.0,0.0,0.0,0.0,0.0,0.0,0.0,0.0,0,0,0,0,0,0,0,3,0,0,0,6,1,0,0
359845625,0.012269938,-0.06833713,0.35198373,0.0,0.0,0.0,0.0,0.0,0.0,0.0,0.0,0,0,0,0,0,0,0,3,0,0,0,6,1,0,0
360040602,0.0,-0.056947608,0.35300103,0.0,0.0,0.0,0.0,0.0,0.0,0.0,0.0,0,0,0,0,0,0,0,3,0,0,0,6,1,0,0
360238983,0.0,-0.05922551,0.35300103,0.0,0.0,0.0,0.0,0.0,0.0,0.0,0.0,0,0,0,0,0,0,0,3,0,0,0,6,1,0,0
360448201,0.0,-0.05922551,0.35300103,0.0,0.0,0.0,0.0,0.0,0.0,0.0,0.0,0,0,0,0,0,0,0,3,0,0,0,6,1,0,0
360640552,0.0,-0.05922551,0.35300103,0.0,0.0,0.0,0.0,0.0,0.0,0.0,0.0,0,0,0,0,0,0,0,3,0,0,0,6,1,0,0
360833676,0.0,-0.05922551,0.3540183,0.0,0.0,0.0,0.0,0.0,0.0,0.0,0.0,0,0,0,0,0,0,0,3,0,0,0,6,1,0,0
361033816,-0.02838428,-0.054669704,0.3540183,0.0,0.0,0.0,0.0,0.0,0.0,0.0,0.0,0,0,0,0,0,0,0,3,0,0,0,6,1,0,0
361227938,-0.08951965,-0.054669704,0.3540183,0.0,0.0,0.0,0.0,0.0,0.0,0.0,0.0,0,0,0,0,0,0,0,3,0,0,0,6,1,0,0
361440386,-0.09825327,-0.07061503,0.3540183,0.0,0.0,0.0,0.0,0.0,0.0,0.0,0.0,0,0,0,0,0,0,0,3,0,0,0,6,1,0,0
361633259,-0.10043668,-0.07289294,0.3540183,0.0,0.0,0.0,0.0,0.0,0.0,0.0,0.0,0,0,0,0,0,0,0,3,0,0,0,6,1,0,0
361845222,-0.115720525,-0.11161731,0.3540183,0.0,0.0,0.0,0.0,0.0,0.0,0.0,0.0,0,0,0,0,0,0,0,3,0,0,0,6,1,0,0
362045230,-0.12008733,-0.10933941,0.3540183,0.0,0.0,0.0,0.0,0.0,0.0,0.0,0.0,0,0,0,0,0,0,0,3,0,0,0,6,1,0,0
362243263,-0.12008733,-0.113895215,0.3540183,0.0,0.0,0.0,0.0,0.0,0.0,0.0,0.0,0,0,0,0,0,0,0,3,0,0,0,6,1,0,0
362435117,-0.12445415,-0.11617312,0.3540183,0.0,0.0,0.0,0.0,0.0,0.0,0.0,0.0,0,0,0,0,0,0,0,3,0,0,0,6,1,0,0
362650019,-0.115720525,-0.11161731,0.3540183,0.0,0.0,0.0,0.0,0.0,0.0,0.0,0.0,0,0,0,0,0,0,0,3,0,0,0,6,1,0,0
362843176,-0.11135371,-0.10933941,0.3540183,0.0,0.0,0.0,0.0,0.0,0.0,0.0,0.0,0,0,0,0,0,0,0,3,0,0,0,6,1,0,0
363034939,-0.12008733,-0.10933941,0.3550356,0.0,0.0,0.0,0.0,0.0,0.0,0.0,0.0,0,0,0,0,0,0,0,3,0,0,0,6,1,0,0
363237531,-0.12227074,-0.11161731,0.3550356,0.0,0.0,0.0,0.0,0.0,0.0,0.0,0.0,0,0,0,0,0,0,0,3,0,0,0,6,1,0,0
363449931,-0.12882096,-0.11617312,0.3540183,0.0,0.0,0.0,0.0,0.0,0.0,0.0,0.0,0,0,0,0,0,0,0,3,0,0,0,6,1,0,0
363643125,-0.13100436,-0.11617312,0.3550356,0.0,0.0,0.0,0.0,0.0,0.0,0.0,0.0,0,0,0,0,0,0,0,3,0,0,0,6,1,0,0
363839836,-0.13318777,-0.11617312,0.3550356,0.0,0.0,0.0,0.0,0.0,0.0,0.0,0.0,0,0,0,0,0,0,0,3,0,0,0,6,1,0,0
364033198,-0.12663755,-0.11617312,0.3550356,0.0,0.0,0.0,0.0,0.0,0.0,0.0,0.0,0,0,0,0,0,0,0,3,0,0,0,6,1,0,0
364249655,-0.12008733,-0.11617312,0.3540183,0.0,0.0,0.0,0.0,0.0,0.0,0.0,0.0,0,0,0,0,0,0,0,3,0,0,0,6,1,0,0
364452919,-0.11353712,-0.11617312,0.3540183,0.0,0.0,0.0,0.0,0.0,0.0,0.0,0.0,0,0,0,0,0,0,0,3,0,0,0,6,1,0,0
364644764,-0.072052404,-0.113895215,0.3540183,0.0,0.0,0.0,0.0,0.0,0.0,0.0,0.0,0,0,0,0,0,0,0,3,0,0,0,6,1,0,0
364837122,-0.08951965,-0.11617312,0.3540183,0.0,0.0,0.0,0.0,0.0,0.0,0.0,0.0,0,0,0,0,0,0,0,3,0,0,0,6,1,0,0
365037158,-0.10262009,-0.12528473,0.3540183,0.0,0.0,0.0,0.0,0.0,0.0,0.0,0.0,0,0,0,0,0,0,0,3,0,0,0,6,1,0,0
365234461,-0.09825327,-0.12756264,0.3540183,0.0,0.0,0.0,0.0,0.0,0.0,0.0,0.0,0,0,0,0,0,0,0,3,0,0,0,6,1,0,0
365449335,-0.093886465,-0.11617312,0.3540183,0.0,0.0,0.0,0.0,0.0,0.0,0.0,0.0,0,0,0,0,0,0,0,3,0,0,0,6,1,0,0
365644325,-0.082969435,-0.054669704,0.3540183,0.0,0.0,0.0,0.0,0.0,0.0,0.0,0.0,0,0,0,0,0,0,0,3,0,0,0,6,1,0,0
365847079,-0.08515284,-0.050113894,0.3540183,0.0,0.0,0.0,0.0,0.0,0.0,0.0,0.0,0,0,0,0,0,0,0,3,0,0,0,6,1,0,0
366042711,-0.08951965,-0.05922551,0.3540183,0.0,0.0,0.0,0.0,0.0,0.0,0.0,0.0,0,0,0,0,0,0,0,3,0,0,0,6,1,0,0
366234173,-0.09825327,-0.066059224,0.3540183,0.0,0.0,0.0,0.0,0.0,0.0,0.0,0.0,0,0,0,0,0,0,0,3,0,0,0,6,1,0,0
366446744,-0.09606987,-0.107061505,0.3540183,0.0,0.0,0.0,0.0,0.0,0.0,0.0,0.0,0,0,0,0,0,0,0,3,0,0,0,6,1,0,0
366644084,-0.09170306,-0.12072893,0.3540183,0.0,0.0,0.0,0.0,0.0,0.0,0.0,0.0,0,0,0,0,0,0,0,3,0,0,0,6,1,0,0
366834061,-0.09170306,-0.123006836,0.3540183,0.0,0.0,0.0,0.0,0.0,0.0,0.0,0.0,0,0,0,0,0,0,0,3,0,0,0,6,1,0,0
367047229,-0.093886465,-0.12528473,0.3540183,0.0,0.0,0.0,0.0,0.0,0.0,0.0,0.0,0,0,0,0,0,0,0,3,0,0,0,6,1,0,0
367241703,-0.08951965,-0.12528473,0.3540183,0.0,0.0,0.0,0.0,0.0,0.0,0.0,0.0,0,0,0,0,0,0,0,3,0,0,0,6,1,0,0
367441650,-0.08733624,-0.11617312,0.3540183,0.0,0.0,0.0,0.0,0.0,0.0,0.0,0.0,0,0,0,0,0,0,0,3,0,0,0,6,1,0,0
367633819,-0.08515284,-0.11617312,0.3540183,0.0,0.0,0.0,0.0,0.0,0.0,0.0,0.0,0,0,0,0,0,0,0,3,0,0,0,6,1,0,0
367848943,-0.08515284,-0.11845102,0.3540183,0.0,0.0,0.0,0.0,0.0,0.0,0.0,0.0,0,0,0,0,0,0,0,3,0,0,0,6,1,0,0
368051495,-0.08515284,-0.12072893,0.3540183,0.0,0.0,0.0,0.0,0.0,0.0,0.0,0.0,0,0,0,0,0,0,0,3,0,0,0,6,1,0,0
368251429,-0.09170306,-0.123006836,0.3540183,0.0,0.0,0.0,0.0,0.0,0.0,0.0,0.0,0,0,0,0,0,0,0,3,0,0,0,6,1,0,0
368443605,-0.09170306,-0.123006836,0.3540183,0.0,0.0,0.0,0.0,0.0,0.0,0.0,0.0,0,0,0,0,0,0,0,3,0,0,0,6,1,0,0
368636921,-0.08951965,-0.123006836,0.3540183,0.0,0.0,0.0,0.0,0.0,0.0,0.0,0.0,0,0,0,0,0,0,0,3,0,0,0,6,1,0,0
368851230,-0.08515284,-0.11617312,0.3540183,0.0,0.0,0.0,0.0,0.0,0.0,0.0,0.0,0,0,0,0,0,0,0,3,0,0,0,6,1,0,0
369043574,-0.08951965,-0.113895215,0.3550356,0.0,0.0,0.0,0.0,0.0,0.0,0.0,0.0,0,0,0,0,0,0,0,3,0,0,0,6,1,0,0
369233637,-0.08951965,-0.11161731,0.3550356,0.0,0.0,0.0,0.0,0.0,0.0,0.0,0.0,0,0,0,0,0,0,0,3,0,0,0,6,1,0,0
369448555,-0.08951965,-0.11161731,0.3550356,0.0,0.0,0.0,0.0,0.0,0.0,0.0,0.0,0,0,0,0,0,0,0,3,0,0,0,6,1,0,0
369641078,-0.08078603,-0.10933941,0.3550356,0.0,0.0,0.0,0.0,0.0,0.0,0.0,0.0,0,0,0,0,0,0,0,3,0,0,0,6,1,0,0
369833565,-0.07641921,-0.10022779,0.3540183,0.0,0.0,0.0,0.0,0.0,0.0,0.0,0.0,0,0,0,0,0,0,0,3,0,0,0,6,1,0,0
370053448,-0.0349345,-0.050113894,0.3540183,0.0,0.0,0.0,0.0,0.0,0.0,0.0,0.0,0,0,0,0,0,0,0,3,0,0,0,6,1,0,0
370233289,-0.03275109,-0.03644647,0.3540183,0.0,0.0,0.0,0.0,0.0,0.0,0.0,0.0,0,0,0,0,0,0,0,3,0,0,0,6,1,0,0
370433164,-0.04585153,-0.07289294,0.3540183,0.0,0.0,0.0,0.0,0.0,0.0,0.0,0.0,0,0,0,0,0,0,0,3,0,0,0,6,1,0,0
370648200,-0.058951966,-0.10250569,0.35300103,0.0,0.0,0.0,0.0,0.0,0.0,0.0,0.0,0,0,0,0,0,0,0,3,0,0,0,6,1,0,0
370840831,-0.052401748,-0.09567198,0.3540183,0.0,0.0,0.0,0.0,0.0,0.0,0.0,0.0,0,0,0,0,0,0,0,3,0,0,0,6,1,0,0
371030797,-0.02183406,-0.107061505,0.35300103,0.0,0.0,0.0,0.0,0.0,0.0,0.0,0.0,0,0,0,0,0,0,0,3,0,0,0,6,1,0,0
371250745,0.0,-0.10933941,0.3418108,0.0,0.0,0.0,0.0,0.0,0.0,0.0,0.0,0,0,0,0,0,0,0,3,0,0,0,6,1,0,0
371442920,0.0,-0.107061505,0.33265513,0.0,0.0,0.0,0.0,0.0,0.0,0.0,0.0,0,0,0,0,0,0,0,3,0,0,0,6,1,0,0
371653087,0.0,-0.09567198,0.33367243,0.0,0.0,0.0,0.0,0.0,0.0,0.0,0.0,0,0,0,0,0,0,0,3,0,0,0,6,1,0,0
371847873,0.0,-0.07744875,0.33367243,0.0,0.0,0.0,0.0,0.0,0.0,0.0,0.0,0,0,0,0,0,0,0,3,0,0,0,6,1,0,0
372042980,0.0,-0.13667426,0.33367243,0.0,0.0,0.0,0.0,0.0,0.0,0.0,0.0,0,0,0,0,0,0,0,3,0,0,0,6,1,0,0
372237779,0.0,-0.14806378,0.33367243,0.0,0.0,0.0,0.0,0.0,0.0,0.0,0.0,0,0,0,0,0,0,0,3,0,0,0,6,1,0,0
372436080,0.0,-0.034168564,0.33367243,0.0,0.0,0.0,0.0,0.0,0.0,0.0,0.0,0,0,0,0,0,0,0,3,0,0,0,6,1,0,0
372645961,0.010224949,-0.011389522,0.33367243,0.0,0.0,0.0,0.0,0.0,0.0,0.0,0.0,0,0,0,0,0,0,0,3,0,0,0,6,1,0,0
372840297,0.020449897,-0.027334852,0.33367243,0.0,0.0,0.0,0.0,0.0,0.0,0.0,0.0,0,0,0,0,0,0,0,3,0,0,0,6,1,0,0
373035845,0.020449897,-0.025056947,0.33468974,0.0,0.0,0.0,0.0,0.0,0.0,0.0,0.0,0,0,0,0,0,0,0,3,0,0,0,6,1,0,0
373247677,0.042944785,-0.022779044,0.33468974,0.0,0.0,0.0,0.0,0.0,0.0,0.0,0.0,0,0,0,0,0,0,0,3,0,0,0,6,1,0,0
373450282,0.028629856,-0.025056947,0.33367243,0.0,0.0,0.0,0.0,0.0,0.0,0.0,0.0,0,0,0,0,0,0,0,3,0,0,0,6,1,0,0
373637430,0.008179959,-0.025056947,0.33367243,0.0,0.0,0.0,0.0,0.0,0.0,0.0,0.0,0,0,0,0,0,0,0,3,0,0,0,6,1,0,0
373832404,0.0,-0.025056947,0.33367243,0.0,0.0,0.0,0.0,0.0,0.0,0.0,0.0,0,0,0,0,0,0,0,3,0,0,0,6,1,0,0
374052290,0.0,-0.022779044,0.33367243,0.0,0.0,0.0,0.0,0.0,0.0,0.0,0.0,0,0,0,0,0,0,0,3,0,0,0,6,1,0,0
374245565,0.0,-0.006833713,0.33367243,0.0,0.0,0.0,0.0,0.0,0.0,0.0,0.0,0,0,0,0,0,0,0,3,0,0,0,6,1,0,0
374439933,0.0,0.0,0.34689724,0.0,0.0,0.0,0.0,0.0,0.0,0.0,0.0,0,0,0,0,0,0,0,3,0,0,0,6,1,0,0
374637199,0.0,0.0,0.35808748,0.0,0.0,0.0,0.0,0.0,0.0,0.0,0.0,0,0,0,0,0,0,0,3,0,0,0,6,1,0,0
374852213,0.0,0.0,0.36113936,0.0,0.0,0.0,0.0,0.0,0.0,0.0,0.0,0,0,0,0,0,0,0,3,0,0,0,6,1,0,0
375047149,0.0,0.0,0.3682604,0.0,0.0,0.0,0.0,0.0,0.0,0.0,0.0,0,0,0,0,0,0,0,3,0,0,0,6,1,0,0
375245176,0.0,0.0,0.37741607,0.0,0.0,0.0,0.0,0.0,0.0,0.0,0.0,0,0,0,0,0,0,0,3,0,0,0,6,1,0,0
375441992,0.0,0.0,0.38555443,0.0,0.0,0.0,0.0,0.0,0.0,0.0,0.0,0,0,0,0,0,0,0,3,0,0,0,6,1,0,0
375635474,0.0,0.0,0.3865717,0.0,0.0,0.0,0.0,0.0,0.0,0.0,0.0,0,0,0,0,0,0,0,3,0,0,0,6,1,0,0
375849607,0.0,0.0,0.41302136,0.0,0.0,0.0,0.0,0.0,0.0,0.0,0.0,0,0,0,0,0,0,0,3,0,0,0,6,1,0,0
376039637,0.0,0.0,0.41200408,0.0,0.0,0.0,0.0,0.0,0.0,0.0,0.0,0,0,0,0,0,0,0,3,0,0,0,6,1,0,0
376235030,0.0,0.0,0.41200408,0.0,0.0,0.0,0.0,0.0,0.0,0.0,0.0,0,0,0,0,0,0,0,3,0,0,0,6,1,0,0
376446770,0.0,0.0,0.41200408,0.0,0.0,0.0,0.0,0.0,0.0,0.0,0.0,0,0,0,0,0,0,0,3,0,0,0,6,1,0,0
376639362,0.0,0.0,0.41200408,0.0,0.0,0.0,0.0,0.0,0.0,0.0,0.0,0,0,0,0,0,0,0,3,0,0,0,6,1,0,0
376849465,0.0,0.0,0.41302136,0.0,0.0,0.0,0.0,0.0,0.0,0.0,0.0,0,0,0,0,0,0,0,3,0,0,0,6,1,0,0
377046657,-0.030567685,0.0,0.41200408,0.0,0.0,0.0,0.0,0.0,0.0,0.0,0.0,0,0,0,0,0,0,0,3,0,0,0,6,1,0,0
377244664,-0.082969435,0.0,0.41200408,0.0,0.0,0.0,0.0,0.0,0.0,0.0,0.0,0,0,0,0,0,0,0,3,0,0,0,6,1,0,0
377435289,-0.15283842,0.0,0.41200408,0.0,0.0,0.0,0.0,0.0,0.0,0.0,0.0,0,0,0,0,0,0,0,3,0,0,0,6,1,0,0
377649226,-0.2117904,0.0,0.41302136,0.0,0.0,0.0,0.0,0.0,0.0,0.0,0.0,0,0,0,0,0,0,0,3,0,0,0,6,1,0,0
377846386,-0.12008733,0.0,0.41200408,0.0,0.0,0.0,0.0,0.0,0.0,0.0,0.0,0,0,0,0,0,0,0,3,0,0,0,6,1,0,0
378034427,-0.08733624,0.0,0.41200408,0.0,0.0,0.0,0.0,0.0,0.0,0.0,0.0,0,0,0,0,0,0,0,3,0,0,0,6,1,0,0
378248970,-0.08078603,0.0,0.41200408,0.0,0.0,0.0,0.0,0.0,0.0,0.0,0.0,0,0,0,0,0,0,0,3,0,0,0,6,1,0,0
378444798,-0.1069869,0.0,0.4242116,0.0,0.0,0.0,0.0,0.0,0.0,0.0,0.0,0,0,0,0,0,0,0,3,0,0,0,6,1,0,0
378641280,-0.13537118,0.0,0.43133265,0.0,0.0,0.0,0.0,0.0,0.0,0.0,0.0,0,0,0,0,0,0,0,3,0,0,0,6,1,0,0
378838979,-0.15720524,0.0123203285,0.43133265,0.0,0.0,0.0,0.0,0.0,0.0,0.0,0.0,0,0,0,0,0,0,0,3,0,0,0,6,1,0,0
379036157,-0.18340611,0.06365503,0.43031538,0.0,0.0,0.0,0.0,0.0,0.0,0.0,0.0,0,0,0,0,0,0,0,3,0,0,0,6,1,0,0
379248789,-0.2554585,0.07392197,0.43031538,0.0,0.0,0.0,0.0,0.0,0.0,0.0,0.0,0,0,0,0,0,0,0,3,0,0,0,6,1,0,0
379441048,-0.2139738,0.2073922,0.43031538,0.0,0.0,0.0,0.0,0.0,0.0,0.0,0.0,0,0,0,0,0,0,0,3,0,0,0,6,1,0,0
379636013,-0.052401748,0.24435319,0.43031538,0.0,0.0,0.0,0.0,0.0,0.0,0.0,0.0,0,0,0,0,0,0,0,3,0,0,0,6,1,0,0
379838634,-0.03930131,0.31211498,0.43031538,0.0,0.0,0.0,0.0,0.0,0.0,0.0,0.0,0,0,0,0,0,0,0,3,0,0,0,6,1,0,0
380051142,-0.17467248,0.32032853,0.43031538,0.0,0.0,0.0,0.0,0.0,0.0,0.0,0.0,0,0,0,0,0,0,0,3,0,0,0,6,1,0,0
380245916,-0.33624455,0.15400411,0.43031538,0.0,0.0,0.0,0.0,0.0,0.0,0.0,0.0,0,0,0,0,0,0,0,3,0,0,0,6,1,0,0
380444116,-0.38864627,0.16221766,0.43031538,0.0,0.0,0.0,0.0,0.0,0.0,0.0,0.0,0,0,0,0,0,0,0,3,0,0,0,6,1,0,0
380638496,-0.4257642,0.15195072,0.42929807,0.0,0.0,0.0,0.0,0.0,0.0,0.0,0.0,0,0,0,0,0,0,0,3,0,0,0,6,1,0,0
380838483,-0.38209608,0.21560575,0.43031538,0.0,0.0,0.0,0.0,0.0,0.0,0.0,0.0,0,0,0,0,0,0,0,3,0,0,0,6,1,0,0
381035843,-0.04585153,0.2402464,0.43031538,0.0,0.0,0.0,0.0,0.0,0.0,0.0,0.0,0,0,0,0,0,0,0,3,0,0,0,6,1,0,0
381248402,0.0,0.3305955,0.43031538,0.0,0.0,0.0,0.0,0.0,0.0,0.0,0.0,0,0,0,0,0,0,0,3,0,0,0,6,1,0,0
381440629,0.0,0.47433266,0.42726347,0.0,0.0,0.0,0.0,0.0,0.0,0.0,0.0,0,0,0,0,0,0,0,3,0,0,0,6,1,0,0
381635518,0.0,0.4681725,0.4262462,0.0,0.0,0.0,0.0,0.0,0.0,0.0,0.0,0,0,0,0,0,0,0,3,0,0,0,6,1,0,0
381830469,-0.013100437,0.4271047,0.4262462,0.0,0.0,0.0,0.0,0.0,0.0,0.0,0.0,0,0,0,0,0,0,0,3,0,0,0,6,1,0,0
382045482,-0.1069869,0.11088296,0.37131232,0.0,0.0,0.0,0.0,0.0,0.0,0.0,0.0,0,0,0,0,0,0,0,3,0,0,0,6,1,0,0
382245423,-0.3624454,0.030800821,0.2726348,0.0,0.0,0.0,0.0,0.0,0.0,0.0,0.0,0,0,0,0,0,0,0,3,0,0,0,6,1,0,0
382448028,-0.3995633,0.0,0.27466938,0.0,0.0,0.0,0.0,0.0,0.0,0.0,0.0,0,0,0,0,0,0,0,3,0,0,0,6,1,0,0
382643498,-0.3951965,0.0,0.27466938,0.0,0.0,0.0,0.0,0.0,0.0,0.0,0.0,0,0,0,0,0,0,0,3,0,0,0,6,1,0,0
382835431,-0.40611354,0.0,0.28280774,0.0,0.0,0.0,0.0,0.0,0.0,0.0,0.0,0,0,0,0,0,0,0,3,0,0,0,6,1,0,0
383033442,-0.33406115,0.02053388,0.29501525,0.0,0.0,0.0,0.0,0.0,0.0,0.0,0.0,0,0,0,0,0,0,0,3,0,0,0,6,1,0,0
383247890,-0.0349345,0.3059548,0.3031536,0.0,0.0,0.0,0.0,0.0,0.0,0.0,0.0,0,0,0,0,0,0,0,3,0,0,0,6,1,0,0
383440102,0.1411043,0.40041068,0.1861648,0.0,0.0,0.0,0.0,0.0,0.0,0.0,0.0,0,0,0,0,0,0,0,3,0,0,0,6,1,0,0
383633085,0.0,0.6858316,0.1861648,0.0,0.0,0.0,0.0,0.0,0.0,0.0,0.0,0,0,0,0,0,0,0,3,0,0,0,6,1,0,0
383847795,0.0,0.7104723,0.1871821,0.0,0.0,0.0,0.0,0.0,0.0,0.0,0.0,0,0,0,0,0,0,0,3,0,0,0,6,1,0,0
384039937,0.030674847,0.45995894,0.1871821,0.0,0.0,0.0,0.0,0.0,0.0,0.0,0.0,0,0,0,0,0,0,0,3,0,0,0,6,1,0,0
384233203,-0.06550218,0.19712526,0.18819939,0.0,0.0,0.0,0.0,0.0,0.0,0.0,0.0,0,0,0,0,0,0,0,3,0,0,0,6,1,0,0
384449939,-0.29694322,0.0,0.21363173,0.0,0.0,0.0,0.0,0.0,0.0,0.0,0.0,0,0,0,0,0,0,0,3,0,0,0,6,1,0,0
384647553,-0.3930131,-0.23234624,0.21566632,0.0,0.0,0.0,0.0,0.0,0.0,0.0,0.0,0,0,0,0,0,0,0,3,0,0,0,6,1,0,0
384844912,-0.6419214,0.0,0.21261445,0.0,0.0,0.0,0.0,0.0,0.0,0.0,0.0,0,0,0,0,0,0,0,3,0,0,0,6,1,0,0
385037483,-0.72707427,0.0,0.21261445,0.0,0.0,0.0,0.0,0.0,0.0,0.0,0.0,0,0,0,0,0,0,0,3,0,0,0,6,1,0,0
385234704,-0.5,0.0,0.21363173,0.0,0.0,0.0,0.0,0.0,0.0,0.0,0.0,0,0,0,0,0,0,0,3,0,0,0,6,1,0,0
385449569,-0.048034936,0.17864476,0.24008138,0.0,0.0,0.0,0.0,0.0,0.0,0.0,0.0,0,0,0,0,0,0,0,3,0,0,0,6,1,0,0
385639567,0.24948876,0.20328543,0.2563581,0.0,0.0,0.0,0.0,0.0,0.0,0.0,0.0,0,0,0,0,0,0,0,3,0,0,0,6,1,0,0
385832763,0.5092025,0.44147843,0.29298067,0.0,0.0,0.0,0.0,0.0,0.0,0.0,0.0,0,0,0,0,0,0,0,3,0,0,0,6,1,0,0
386047192,0.1390593,0.67351127,0.29196337,0.0,0.0,0.0,0.0,0.0,0.0,0.0,0.0,0,0,0,0,0,0,0,3,0,0,0,6,1,0,0
386242745,0.0,1.0,0.29196337,0.0,0.0,0.0,0.0,0.0,0.0,0.0,0.0,0,0,0,0,0,0,0,3,0,0,0,6,1,0,0
386432755,0.0,0.9589322,0.29196337,0.0,0.0,0.0,0.0,0.0,0.0,0.0,0.0,0,0,0,0,0,0,0,3,0,0,0,6,1,0,0
386654428,0.057259712,0.67967147,0.29196337,0.0,0.0,0.0,0.0,0.0,0.0,0.0,0.0,0,0,0,0,0,0,0,3,0,0,0,6,1,0,0
386852492,0.14723927,0.412731,0.29196337,0.0,0.0,0.0,0.0,0.0,0.0,0.0,0.0,0,0,0,0,0,0,0,3,0,0,0,6,1,0,0
387044319,0.19427402,-0.40091115,0.29704985,0.0,0.0,0.0,0.0,0.0,0.0,0.0,0.0,0,0,0,0,0,0,0,3,0,0,0,6,1,0,0
387234221,0.200409,-0.9498861,0.29704985,0.0,0.0,0.0,0.0,0.0,0.0,0.0,0.0,0,0,0,0,0,0,0,3,0,0,0,6,1,0,0
387446864,0.20654397,-1.0,0.29704985,0.0,0.0,0.0,0.0,0.0,0.0,0.0,0.0,0,0,0,0,0,0,0,3,0,0,0,6,1,0,0
387648812,0.14314929,-1.0,0.29704985,0.0,0.0,0.0,0.0,0.0,0.0,0.0,0.0,0,0,0,0,0,0,0,3,0,0,0,6,1,0,0
387836739,0.10633947,-1.0,0.29704985,0.0,0.0,0.0,0.0,0.0,0.0,0.0,0.0,0,0,0,0,0,0,0,3,0,0,0,6,1,0,0
388049083,-0.15938865,-0.77676535,0.29704985,0.0,0.0,0.0,0.0,0.0,0.0,0.0,0.0,0,0,0,0,0,0,0,3,0,0,0,6,1,0,0
388239024,-0.17685589,-0.7289294,0.29704985,0.0,0.0,0.0,0.0,0.0,0.0,0.0,0.0,0,0,0,0,0,0,0,3,0,0,0,6,1,0,0
388436583,-0.11790393,-0.7243736,0.29704985,0.0,0.0,0.0,0.0,0.0,0.0,0.0,0.0,0,0,0,0,0,0,0,3,0,0,0,6,1,0,0
388633840,-0.20960699,-0.71981776,0.29704985,0.0,0.0,0.0,0.0,0.0,0.0,0.0,0.0,0,0,0,0,0,0,0,3,0,0,0,6,1,0,0
388833907,-0.32532752,-0.7312073,0.29704985,0.0,0.0,0.0,0.0,0.0,0.0,0.0,0.0,0,0,0,0,0,0,0,3,0,0,0,6,1,0,0
389048687,-0.5349345,-0.6241458,0.29704985,0.0,0.0,0.0,0.0,0.0,0.0,0.0,0.0,0,0,0,0,0,0,0,3,0,0,0,6,1,0,0
389242246,-0.6331878,-0.3621868,0.29704985,0.0,0.0,0.0,0.0,0.0,0.0,0.0,0.0,0,0,0,0,0,0,0,1,0,0,0,6,1,0,0
389433856,-0.61353713,-0.38041002,0.29704985,0.0,0.0,0.0,0.0,0.0,0.0,0.0,0.0,0,0,0,0,0,0,0,1,0,0,0,6,1,0,0
389648643,-0.41048035,-0.32346243,0.29704985,0.0,0.0,0.0,0.0,0.0,0.0,0.0,0.0,0,0,0,0,0,0,0,1,0,0,0,6,1,0,0
389841774,0.0,0.0,0.29704985,0.0,0.0,0.0,0.0,0.0,0.0,0.0,0.0,0,0,0,0,0,0,0,1,0,0,0,6,1,0,0
390031776,0.0,0.0,0.29704985,0.0,0.0,0.0,0.0,0.0,0.0,0.0,0.0,0,0,0,0,0,0,0,1,0,0,0,6,1,0,0
390246147,0.0,0.0,0.29704985,0.0,0.0,0.0,0.0,0.0,0.0,0.0,0.0,0,0,0,0,0,0,0,1,0,0,0,6,1,0,0
390438414,0.0,0.0,0.29704985,0.0,0.0,0.0,0.0,0.0,0.0,0.0,0.0,0,0,0,0,0,0,0,1,0,0,0,6,1,0,0
390651422,0.0,0.0,0.29704985,0.0,0.0,0.0,0.0,0.0,0.0,0.0,0.0,0,0,0,0,0,0,0,1,0,0,0,6,1,0,0
390843531,0.0,0.0,0.29603255,0.0,0.0,0.0,0.0,0.0,0.0,0.0,0.0,0,0,0,0,0,0,0,1,0,0,0,6,1,0,0
391035936,0.0,0.0,0.29603255,0.0,0.0,0.0,0.0,0.0,0.0,0.0,0.0,0,0,0,0,0,0,0,1,0,0,0,6,1,0,0
391253264,0.0,0.0,0.29806715,0.0,0.0,0.0,0.0,0.0,0.0,0.0,0.0,0,0,0,0,0,0,0,1,0,0,0,6,1,0,0
391446302,0.0,0.0,0.29603255,0.0,0.0,0.0,0.0,0.0,0.0,0.0,0.0,0,0,0,0,0,0,0,1,0,0,0,6,1,0,0
391636340,0.0,0.0,0.29603255,0.0,0.0,0.0,0.0,0.0,0.0,0.0,0.0,0,0,0,0,0,0,0,1,0,0,0,6,1,0,0
391850804,0.0,0.0,0.29704985,0.0,0.0,0.0,0.0,0.0,0.0,0.0,0.0,0,0,0,0,0,0,0,1,0,0,0,6,1,0,0
392040663,0.0,0.0,0.29603255,0.0,0.0,0.0,0.0,0.0,0.0,0.0,0.0,0,0,0,0,0,0,0,1,0,0,0,6,1,0,0
392242695,0.0,0.0,0.29603255,0.0,0.0,0.0,0.0,0.0,0.0,0.0,0.0,0,0,0,0,0,0,0,1,0,0,0,6,1,0,0
392433029,0.0,0.0,0.29603255,0.0,0.0,0.0,0.0,0.0,0.0,0.0,0.0,0,0,0,0,0,0,0,1,0,0,0,6,1,0,0
392647893,0.0,0.0,0.29603255,0.0,0.0,0.0,0.0,0.0,0.0,0.0,0.0,0,0,0,0,0,0,0,1,0,0,0,6,1,0,0
392840549,0.0,0.0,0.29603255,0.0,0.0,0.0,0.0,0.0,0.0,0.0,0.0,0,0,0,0,0,0,0,1,0,0,0,6,1,0,0
393042849,0.0,0.0,0.29603255,0.0,0.0,0.0,0.0,0.0,0.0,0.0,0.0,0,0,0,0,0,0,0,1,0,0,0,6,1,0,0
393248188,0.0,0.0,0.29603255,0.0,0.0,0.0,0.0,0.0,0.0,0.0,0.0,0,0,0,0,0,0,0,1,0,0,0,6,1,0,0
393436224,0.0,0.0,0.29603255,0.0,0.0,0.0,0.0,0.0,0.0,0.0,0.0,0,0,0,0,0,0,0,1,0,0,0,6,1,0,0
393650369,0.0,0.0,0.29603255,0.0,0.0,0.0,0.0,0.0,0.0,0.0,0.0,0,0,0,0,0,0,0,1,0,0,0,6,1,0,0
393842540,0.0,0.0,0.29603255,0.0,0.0,0.0,0.0,0.0,0.0,0.0,0.0,0,0,0,0,0,0,0,1,0,0,0,6,1,0,0
394036328,0.0,0.0,0.29603255,0.0,0.0,0.0,0.0,0.0,0.0,0.0,0.0,0,0,0,0,0,0,0,1,0,0,0,6,1,0,0
394236301,0.0,0.0,0.29603255,0.0,0.0,0.0,0.0,0.0,0.0,0.0,0.0,0,0,0,0,0,0,0,1,0,0,0,6,1,0,0
394450191,0.0,0.0,0.29603255,0.0,0.0,0.0,0.0,0.0,0.0,0.0,0.0,0,0,0,0,0,0,0,1,0,0,0,6,1,0,0
394642415,0.0,0.0,0.29704985,0.0,0.0,0.0,0.0,0.0,0.0,0.0,0.0,0,0,0,0,0,0,0,1,0,0,0,6,1,0,0
394835690,0.0,0.0,0.29704985,0.0,0.0,0.0,0.0,0.0,0.0,0.0,0.0,0,0,0,0,0,0,0,1,0,0,0,6,1,0,0
395050003,0.0,0.0,0.29603255,0.0,0.0,0.0,0.0,0.0,0.0,0.0,0.0,0,0,0,0,0,0,0,1,0,0,0,6,1,0,0
