timestamp,lat,lon,alt,alt_ellipsoid,delta_alt,eph,epv,terrain_alt,lat_lon_reset_counter,alt_reset_counter,terrain_alt_valid,dead_reckoning
258842609,36.204811580582025,138.25291564085737,51.336754,86.740776,-0.0,2.718645,3.9270613,51.236664,2,0,1,0
258852607,36.20481158228877,138.25291563927863,51.336483,86.74051,-0.0,2.718774,3.9271107,51.235973,2,0,1,0
259042573,36.2048116104109,138.25291561774938,51.332993,86.72803,-0.0,2.718639,3.9270096,51.237175,2,0,1,0
259252537,36.20481163956705,138.25291560247993,51.330727,86.716736,-0.0,2.7186017,3.9269767,51.239025,2,0,1,0
259452501,36.20481164280793,138.25291560055243,51.32967,86.70688,-0.0,2.7184408,3.926896,51.237194,2,0,1,0
259652466,36.20481165582292,138.2529155732793,51.32643,86.69495,-0.0,2.7183385,3.9270327,51.230457,2,0,1,0
259852431,36.20481169767673,138.2529155235319,51.321,86.68106,-0.0,2.7182305,3.9269624,51.22516,2,0,1,0
260052395,36.204811728127936,138.25291551044535,51.314835,86.66678,-0.0,2.7182422,3.926915,51.222168,2,0,1,0
260242363,36.20481177680389,138.25291547206626,51.31062,86.65432,-0.0,2.718049,3.92701,51.219296,2,0,1,0
260442327,36.20481181641707,138.2529154026351,51.305363,86.64093,-0.0,2.7180378,3.926959,51.212532,2,0,1,0
260652291,36.20481182388568,138.25291536518174,51.299717,86.6272,-0.0,2.7180674,3.9269402,51.208954,2,0,1,0
260852255,36.204811831176855,138.25291534802662,51.295372,86.614716,-0.0,2.7181082,3.9268992,51.2028,2,0,1,0
261052220,36.20481179326936,138.25291535069016,51.29716,86.608475,-0.0,2.7182393,3.927081,51.202633,2,0,1,0
261252193,36.20481160914425,138.25291538293038,51.33504,86.63814,-0.0,2.7183425,3.9270506,51.201668,2,0,1,0
261452150,36.2048113788899,138.252915385386,51.399277,86.69365,-0.0,2.7182872,3.9269962,51.201668,2,0,1,0
261642118,36.20481125254481,138.25291531319593,51.458725,86.74443,-0.0,2.7181816,3.9271123,51.201668,2,0,1,0
261842085,36.20481115178799,138.25291523603053,51.532516,86.80864,-0.0,2.7187865,3.9271495,51.201668,2,0,1,0
262052046,36.20481103926461,138.25291529850108,51.627254,86.89264,-0.0,2.7196438,3.927234,51.201668,2,0,1,0
262252011,36.204811145743626,138.2529153946225,51.72027,86.97348,-0.0,2.7206233,3.9275022,51.201668,2,0,1,0
262452033,36.20481160349656,138.2529155367878,51.756187,86.99557,-0.0,2.7210476,3.9275062,51.201668,2,0,1,0
262651939,36.20481248244842,138.2529156743442,51.689587,86.915054,-0.0,2.7219539,3.9275453,51.201668,2,0,1,0
262851905,36.204813393275735,138.2529157694509,51.574493,86.78848,-0.0,2.7223713,3.92755,51.201668,2,0,1,0
263051869,36.204813568385234,138.2529156983231,51.524292,86.73035,-0.0,2.7227604,3.927776,51.201668,2,0,1,0
263241836,36.20481272561216,138.2529154782012,51.607605,86.806046,-0.0,2.7227943,3.9277167,51.201668,2,0,1,0
263451800,36.20481148448231,138.2529151610089,51.66596,86.85541,-0.0,2.724569,3.9278526,51.201668,2,0,1,0
263651764,36.20481079314037,138.25291466153462,51.656654,86.837326,-0.0,2.72511,3.9281006,51.201668,2,0,1,0
263851729,36.20481106390092,138.25291406199574,51.657673,86.830505,-0.0,2.7250583,3.9280763,51.201668,2,0,1,0
264051695,36.20481197128957,138.25291385147466,51.67377,86.8392,-0.0,2.7249541,3.9280434,51.201668,2,0,1,0
264251680,36.20481258484553,138.2529145118625,51.700813,86.859665,-0.0,2.724657,3.9282231,51.201668,2,0,1,0
264451625,36.20481250143056,138.25291595681503,51.734444,86.88748,-0.0,2.7245204,3.928176,51.201668,2,0,1,0
264641591,36.20481191454508,138.2529173993315,51.762302,86.909256,-0.0,2.724501,3.9280984,51.201668,2,0,1,0
264851554,36.204811431483094,138.25291835010037,51.78526,86.92644,-0.0,2.7245376,3.928097,51.201668,2,0,1,0
265051519,36.204811357690026,138.25291847225407,51.79953,86.933784,-0.0,2.7236083,3.9281945,51.201668,2,0,1,0
265251484,36.204811477372196,138.25291818634975,51.807087,86.93431,-0.0,2.7233713,3.928116,51.201668,2,0,1,0
265451448,36.20481159867158,138.25291804218026,51.81736,86.93754,-0.0,2.723361,3.92806,51.201668,2,0,1,0
265651414,36.20481164092097,138.25291817489776,51.830894,86.94317,-0.0,2.7232172,3.9279892,0.0,2,0,0,0
265851379,36.20481153371883,138.25291852942644,51.848858,86.95339,-0.0,2.7231917,3.9281628,0.0,2,0,0,0
266051379,36.20481118353787,138.25291902346117,51.86399,86.96103,-0.0,2.722558,3.9280193,0.0,2,0,0,0
266251315,36.20481091314556,138.25291929415545,51.868477,86.95726,-0.0,2.722224,3.9281404,0.0,2,0,0,0
266451273,36.204811028056454,138.25291901622282,51.874115,86.95453,-0.0,2.7217164,3.927999,0.0,2,0,0,0
266651239,36.20481127798822,138.25291853951725,51.867977,86.94017,-0.0,2.7214217,3.927886,0.0,2,0,0,0
266851203,36.20481121682689,138.2529185277962,51.863506,86.928185,-0.0,2.721136,3.9280016,0.0,2,0,0,0
267051168,36.20481105461337,138.25291871448076,51.86272,86.91957,-0.0,2.7209473,3.927902,0.0,2,0,0,0
267251133,36.20481128189754,138.2529186831181,51.864418,86.91379,-0.0,2.720784,3.9278076,0.0,2,0,0,0
267451097,36.204811768192315,138.2529188378289,51.854595,86.89789,-0.0,2.720401,3.927677,0.0,2,0,0,0
267651069,36.20481193785563,138.25291958949038,51.840336,86.87895,-0.0,2.720228,3.9278042,0.0,2,0,0,0
267851033,36.20481154811077,138.25292065764688,51.823143,86.85713,-0.0,2.720113,3.9277205,0.0,2,0,0,0
268050993,36.20481101814658,138.25292127659213,51.797447,86.82848,-0.0,2.7200372,3.9276445,0.0,2,0,0,0
268250958,36.20481091190397,138.2529211445263,51.78407,86.81204,-0.0,2.7199852,3.9275737,0.0,2,0,0,0
268450923,36.20481145723851,138.25292019088795,51.775658,86.800735,-0.0,2.7202168,3.9277728,0.0,2,0,0,0
268650888,36.204812369763566,138.2529186151947,51.75581,86.77786,-0.0,2.72058,3.9277682,0.0,2,0,0,0
268850853,36.20481320599226,138.25291683170076,51.73798,86.75711,-0.0,2.7213483,3.9278204,0.0,2,0,0,0
269050818,36.20481361497816,138.25291558619585,51.744255,86.76108,-0.0,2.7219083,3.9280665,0.0,2,0,0,0
269250783,36.20481357840379,138.25291546821137,51.755054,86.769684,-0.0,2.7224681,3.9280825,0.0,2,0,0,0
269450748,36.20481326175678,138.2529162752994,51.766804,86.78028,-0.0,2.7232451,3.9281206,0.0,2,0,0,0
269650713,36.20481290278052,138.2529171526772,51.77894,86.790436,-0.0,2.7243898,3.9281952,0.0,2,0,0,0
269850677,36.20481272892693,138.2529176588575,51.7874,86.79522,-0.0,2.7241747,3.9283605,0.0,2,0,0,0
270050641,36.20481279322248,138.25291778390192,51.78871,86.79316,-0.0,2.7240603,3.9282968,0.0,2,0,0,0
270250607,36.20481284814541,138.25291782052855,51.78548,86.78557,-0.0,2.723304,3.9281507,0.0,2,0,0,0
270450571,36.20481282091416,138.25291794081554,51.788666,86.784775,-0.0,2.7234397,3.9283466,0.0,2,0,0,0
270650538,36.20481278978379,138.2529180094366,51.794724,86.78641,-0.0,2.723344,3.9282765,0.0,2,0,0,0
270850502,36.20481279283276,138.25291807831871,51.80645,86.79312,-0.0,2.7229347,3.9281657,0.0,2,0,0,0
271050466,36.204812811373756,138.25291820142567,51.816833,86.79736,-0.0,2.7223406,3.928025,0.0,2,0,0,0
271245432,36.204812797181624,138.25291829276074,51.822704,86.79715,-0.0,2.7220623,3.9281287,0.0,2,0,0,0
271445397,36.2048127511226,138.2529183878246,51.833733,86.80118,-0.0,2.7218676,3.9280424,0.0,2,0,0,0
271645381,36.204812648882566,138.25291864422763,51.842506,86.803345,-0.0,2.721357,3.9279063,0.0,2,0,0,0
271845326,36.20481235488313,138.25291922017422,51.844666,86.798645,-0.0,2.7212079,3.9280553,0.0,2,0,0,0
272045291,36.20481197935349,138.2529198248734,51.84113,86.78845,-0.0,2.7210844,3.9279792,0.0,2,0,0,0
272245256,36.204811951254406,138.25291985447632,51.843723,86.7843,-0.0,2.7208183,3.9278798,0.0,2,0,0,0
272445268,36.204812226835564,138.2529194325941,51.84065,86.774796,-0.0,2.7203822,3.9277506,0.0,2,0,0,0
272645187,36.20481247688044,138.2529190776655,51.8416,86.76902,-0.0,2.7202053,3.9278917,0.0,2,0,0,0
272845150,36.20481252814011,138.2529189200577,51.852116,86.77152,-0.0,2.719913,3.9277837,0.0,2,0,0,0
273045115,36.20481245541643,138.2529189699758,51.855556,86.76722,-0.0,2.7198071,3.927711,0.0,2,0,0,0
273245080,36.20481240456042,138.25291903806675,51.865685,86.76871,-0.0,2.7202692,3.9279644,0.0,2,0,0,0
273445049,36.2048123450683,138.25291914763577,51.879467,86.77383,-0.0,2.7205317,3.9279513,0.0,2,0,0,0
273645011,36.20481221742545,138.25291928284307,51.888317,86.773026,-0.0,2.720669,3.9279175,0.0,2,0,0,0
273844974,36.20481210139906,138.2529193547159,51.897808,86.77247,-0.0,2.721174,3.9281723,0.0,2,0,0,0
274044939,36.20481205418273,138.25291937823172,51.906303,86.77083,-0.0,2.721301,3.9281363,0.0,2,0,0,0
274244903,36.204812012547094,138.25291942843415,51.915993,86.770065,-0.0,2.7213643,3.9280908,0.0,2,0,0,0
274444868,36.20481204233791,138.25291948499205,51.928623,86.77225,-0.0,2.7218115,3.9281025,0.0,2,0,0,0
274644838,36.20481213138606,138.25291947880737,51.93372,86.76611,-0.0,2.7223651,3.9283643,0.0,2,0,0,0
274844800,36.20481216511461,138.2529194128661,51.942997,86.76456,-0.0,2.72319,3.9284248,0.0,2,0,0,0
275044762,36.204812162176594,138.2529193913133,51.952053,86.76282,-0.0,2.7231514,3.9283743,0.0,2,0,0,0
275244732,36.204812171965706,138.2529194392611,51.963688,86.76598,-0.0,2.7237277,3.928403,0.0,2,0,0,0
275444691,36.204812179532404,138.25291951344107,51.98066,86.77229,-0.0,2.723762,3.9286087,0.0,2,0,0,0
275644672,36.20481214405208,138.25291963379644,51.99164,86.77305,-0.0,2.7248693,3.9287014,0.0,2,0,0,0
275844620,36.20481211578896,138.25291972360827,52.002483,86.774124,-0.0,2.725961,3.928785,0.0,2,0,0,0
276044588,36.20481214416035,138.252919749034,52.00547,86.76605,-0.0,2.7267525,3.928831,0.0,2,0,0,0
276244550,36.204812061942924,138.25291981669247,52.01496,86.76416,-0.0,2.7282007,3.929194,0.0,2,0,0,0
276444514,36.20481185214053,138.25292001604802,52.023293,86.76106,-0.0,2.7296867,3.9292963,0.0,2,0,0,0
276644479,36.20481172547755,138.25292021314164,52.02956,86.75668,-0.0,2.7315512,3.9294217,0.0,2,0,0,0
276844443,36.2048118017889,138.25292037005724,52.03997,86.756805,-0.0,2.733859,3.9298422,0.0,2,0,0,0
277044434,36.20481234839488,138.25292011971803,52.056572,86.76485,-0.0,2.7363112,3.929989,0.0,2,0,0,0
277244372,36.20481340113335,138.25291931102976,52.06566,86.76494,-0.0,2.7389097,3.9301314,0.0,2,0,0,0
277454334,36.20481453163262,138.25291845266122,52.06765,86.75656,-0.0,2.7422514,3.9303474,0.0,2,0,0,0
277644301,36.20481511955207,138.25291823541716,52.072563,86.74989,-0.0,2.745014,3.9307177,0.0,2,0,0,0
277844266,36.20481538536339,138.25291838800482,52.06947,86.73277,-0.0,2.747559,3.9308252,0.0,2,0,0,0
278044230,36.20481585249216,138.25291830211043,52.069386,86.719444,-0.0,2.7500913,3.9309251,0.0,2,0,0,0
278244194,36.20481657699396,138.25291787802405,52.06244,86.699066,-0.0,2.7523103,3.9313216,0.0,2,0,0,0
278444159,36.204817092577315,138.25291748285133,52.054123,86.6797,-0.0,2.7540727,3.931383,0.0,2,0,0,0
278644123,36.20481711763065,138.25291719400678,52.053036,86.66588,-0.0,2.7547145,3.9313946,0.0,2,0,0,0
278854124,36.20481691124443,138.25291719207596,52.05162,86.64965,-0.0,2.754524,3.9314194,0.0,2,0,0,0
279044052,36.204816645095406,138.25291749820414,52.054592,86.64102,-0.0,2.7529757,3.9315805,0.0,2,0,0,0
279244017,36.20481617321732,138.25291805696145,52.042786,86.61676,-0.0,2.7527757,3.9315274,0.0,2,0,0,0
279443980,36.20481564158069,138.25291888047386,52.02221,86.58479,-0.0,2.7525392,3.9317896,0.0,2,0,0,0
279643945,36.20481531551658,138.2529194204661,52.010002,86.56173,-0.0,2.7517035,3.931679,0.0,2,0,0,0
279843909,36.204815358190515,138.252919497777,51.99742,86.53896,-0.0,2.7511742,3.931577,0.0,2,0,0,0
280043873,36.20481548036418,138.25291941453054,51.972206,86.50405,-0.0,2.7495768,3.9313953,0.0,2,0,0,0
280253836,36.20481572838765,138.25291919384998,51.95452,86.475945,-0.0,2.7473807,3.9311962,0.0,2,0,0,0
280453800,36.20481610202721,138.25291885430812,51.94509,86.45436,-0.0,2.7455566,3.9312658,0.0,2,0,0,0
280643766,36.20481619315785,138.252918993209,51.94323,86.43826,-0.0,2.742929,3.930866,0.0,2,0,0,0
280843729,36.204815909605784,138.25291997056922,51.946323,86.42558,-0.0,2.7409503,3.9305444,0.0,2,0,0,0
281043694,36.204815565779484,138.252921110499,51.916958,86.38107,-0.0,2.7393339,3.930534,0.0,2,0,0,0
281243659,36.204815343620865,138.25292160176554,51.910175,86.3589,-0.0,2.7379575,3.9302382,0.0,2,0,0,0
281443623,36.204815015530606,138.25292120585172,51.920776,86.35341,-0.0,2.7370043,3.9302795,0.0,2,0,0,0
281653625,36.204814675412756,138.2529204747233,51.906017,86.321915,-0.0,2.7363636,3.9301085,0.0,2,0,0,0
281853550,36.20481460022924,138.25292004294946,51.89227,86.29246,-0.0,2.7353187,3.929836,0.0,2,0,0,0
282043516,36.20481467255464,138.25291993954923,51.885944,86.27099,-0.0,2.734278,3.9298017,0.0,2,0,0,0
282243480,36.204814810056824,138.25291996831245,51.88192,86.25175,-0.0,2.7334075,3.9295492,0.0,2,0,0,0
282443446,36.20481499597498,138.2529200320376,51.8818,86.236465,-0.0,2.7325966,3.9293091,0.0,2,0,0,0
282643409,36.20481512739313,138.25292003558036,51.882843,86.221344,-0.0,2.7320259,3.9291205,0.0,2,0,0,0
282843372,36.20481520767868,138.2529199824729,51.87405,86.1973,-0.0,2.731466,3.9291947,0.0,2,0,0,0
283053334,36.20481527479378,138.2529199139462,51.85802,86.16586,-0.0,2.7308886,3.9290316,0.0,2,0,0,0
283253299,36.204815161426154,138.25291995265675,51.846123,86.139114,-0.0,2.730219,3.928822,0.0,2,0,0,0
283453262,36.20481477557352,138.25292020823073,51.83503,86.113174,-0.0,2.7298014,3.9286714,0.0,2,0,0,0
283643228,36.204814486549616,138.2529203752232,51.82187,86.08537,-0.0,2.729318,3.9287271,0.0,2,0,0,0
283843192,36.20481467156832,138.25292004158499,51.8083,86.05661,-0.0,2.7291853,3.9286356,0.0,2,0,0,0
284043157,36.20481516955895,138.2529193914544,51.78609,86.01959,-0.0,2.7290916,3.9285493,0.0,2,0,0,0
284243120,36.20481558295535,138.25291889801824,51.7644,85.983536,-0.0,2.7294495,3.9287944,0.0,2,0,0,0
284453083,36.20481583354965,138.25291867681952,51.747276,85.95242,-0.0,2.729517,3.9287574,0.0,2,0,0,0
284653046,36.204815992987555,138.25291859471434,51.73351,85.925125,-0.0,2.7297852,3.9287238,0.0,2,0,0,0
284853011,36.20481613018206,138.2529184593536,51.72341,85.90097,-0.0,2.7299287,3.9286673,0.0,2,0,0,0
285042976,36.20481613449074,138.25291828984138,51.71929,85.883286,-0.0,2.7298307,3.9287918,0.0,2,0,0,0
285242939,36.20481607641538,138.25291816696293,51.718212,85.86714,-0.0,2.7296863,3.9286904,0.0,2,0,0,0
285442903,36.20481610047809,138.25291826073934,51.71415,85.8482,-0.0,2.7305002,3.9287267,0.0,2,0,0,0
285642869,36.2048162459715,138.2529186331021,51.701256,85.820114,-0.0,2.7317867,3.929058,0.0,2,0,0,0
285852829,36.2048164190108,138.25291912713556,51.683113,85.78696,-0.0,2.733665,3.929214,0.0,2,0,0,0
286052794,36.20481652474416,138.25291943071448,51.667957,85.757385,-0.0,2.7355773,3.9293091,0.0,2,0,0,0
286252760,36.20481658100449,138.25291966676582,51.655922,85.732635,-0.0,2.73782,3.9294107,0.0,2,0,0,0
286452720,36.20481640391056,138.25292006181468,51.63856,85.703384,-0.0,2.7401948,3.9297762,0.0,2,0,0,0
286642686,36.204816014160926,138.25292046822983,51.624275,85.6785,-0.0,2.7425318,3.9298112,0.0,2,0,0,0
286842650,36.20481582445297,138.25292067970437,51.61968,85.66282,-0.0,2.74495,3.9298894,0.0,2,0,0,0
287042613,36.2048161277108,138.25292058882636,51.612938,85.64466,-0.0,2.7467237,3.9302151,0.0,2,0,0,0
287252576,36.20481657165274,138.25292044277424,51.604225,85.626236,-0.0,2.7485068,3.9303052,0.0,2,0,0,0
287452540,36.204816827605256,138.25292051925877,51.604374,85.61643,-0.0,2.74878,3.9302735,0.0,2,0,0,0
287652504,36.20481690471852,138.25292055538188,51.610355,85.61189,-0.0,2.7468176,3.9301162,0.0,2,0,0,0
287852466,36.204816847366814,138.2529204265851,51.623745,85.612175,-0.0,2.7446172,3.9301991,0.0,2,0,0,0
288042459,36.20481692931835,138.25292060342264,51.636665,85.61258,-0.0,2.7419183,3.929877,0.0,2,0,0,0
288242395,36.204817419672516,138.25292095717086,51.64965,85.61253,-0.0,2.740592,3.9296772,0.0,2,0,0,0
288442358,36.204817860881704,138.2529213043218,51.659492,85.607666,-0.0,2.7390192,3.9297078,0.0,2,0,0,0
288652372,36.20481811479299,138.2529213702033,51.662434,85.59648,-0.0,2.737912,3.9295313,0.0,2,0,0,0
288852284,36.20481823812556,138.2529212799072,51.658413,85.57833,-0.0,2.7373831,3.9293776,0.0,2,0,0,0
289052247,36.20481832149655,138.25292116775336,51.65489,85.56085,-0.0,2.7366753,3.929203,0.0,2,0,0,0
289252211,36.20481839980627,138.25292101845673,51.649887,85.54216,-0.0,2.7360299,3.9292955,0.0,2,0,0,0
289452174,36.20481843948269,138.2529210089744,51.63827,85.51724,-0.0,2.735105,3.9290817,0.0,2,0,0,0
289642139,36.20481842792787,138.25292106695855,51.630707,85.49759,-0.0,2.7343175,3.9288542,0.0,2,0,0,0
289842104,36.204818467906605,138.2529210468041,51.619694,85.475006,-0.0,2.7337675,3.928944,0.0,2,0,0,0
290052065,36.204818747607746,138.25292086515634,51.602093,85.446846,-0.0,2.7347815,3.929048,0.0,2,0,0,0
290252035,36.204819175350636,138.2529207323784,51.584595,85.41934,-0.0,2.7358434,3.9291074,0.0,2,0,0,0
290451991,36.20481967099981,138.2529206189279,51.56651,85.38924,-0.0,2.7369583,3.9291563,0.0,2,0,0,0
290651954,36.204820125474896,138.25292033156276,51.551216,85.361115,-0.0,2.7376745,3.929416,0.0,2,0,0,0
290851930,36.20482047058869,138.25291982026528,51.52926,85.32528,-0.0,2.7383542,3.9294062,0.0,2,0,0,0
291051880,36.20482069075218,138.25291934698348,51.503994,85.28596,-0.0,2.7389603,3.9293911,0.0,2,0,0,0
291241846,36.204820810396825,138.25291903911776,51.487137,85.25627,-0.0,2.7385905,3.9295099,0.0,2,0,0,0
291451808,36.20482095816306,138.25291881568697,51.464417,85.22209,-0.0,2.738168,3.9294324,0.0,2,0,0,0
291651771,36.20482111300286,138.2529186524412,51.45158,85.19861,-0.0,2.737404,3.9292784,0.0,2,0,0,0
291851746,36.20482146894566,138.25291844250316,51.473343,85.21109,-0.0,2.7364702,3.9290996,0.0,2,0,0,0
292051696,36.204822021853296,138.25291821844266,51.476807,85.20499,-0.0,2.7356968,3.9291906,0.0,2,0,0,0
292251661,36.204822369958165,138.25291800679403,51.47768,85.19783,-0.0,2.7350552,3.9290352,0.0,2,0,0,0
292451623,36.204822554103124,138.25291778595337,51.482136,85.19299,-0.0,2.7340868,3.9288344,0.0,2,0,0,0
292641588,36.20482280544681,138.25291753177305,51.492588,85.19291,-0.0,2.7331228,3.928849,0.0,2,0,0,0
292851550,36.20482291659311,138.2529175279493,51.502644,85.192535,-0.0,2.7325745,3.9287345,0.0,2,0,0,0
293051547,36.20482271520811,138.25291797921398,51.519653,85.19849,-0.0,2.73178,3.9285502,0.0,2,0,0,0
293251476,36.204822558062254,138.2529187079104,51.534485,85.20215,-0.0,2.7310743,3.9283798,0.0,2,0,0,0
293451438,36.20482268823248,138.25291929121033,51.546402,85.203636,-0.0,2.7304785,3.928465,0.0,2,0,0,0
293651401,36.20482286428754,138.25291927143255,51.5596,85.20563,-0.0,2.73055,3.9284284,0.0,2,0,0,0
293851364,36.204822985308766,138.25291850960974,51.576836,85.2111,-0.0,2.730761,3.9284122,0.0,2,0,0,0
294051328,36.20482319732664,138.25291744580758,51.583023,85.20555,-0.0,2.7314565,3.928463,0.0,2,0,0,0
294251302,36.204823276413634,138.25291682828018,51.593258,85.20439,-0.0,2.7315626,3.9286666,0.0,2,0,0,0
294451252,36.20482298572695,138.25291704138598,51.59936,85.19996,-0.0,2.7318075,3.928645,0.0,2,0,0,0
294651215,36.20482273266257,138.25291745032453,51.604824,85.1958,-0.0,2.7315602,3.9285553,0.0,2,0,0,0
294851178,36.20482297878954,138.2529172879603,51.62681,85.207184,-0.0,2.7307491,3.9283857,0.0,2,0,0,0
295051141,36.20482351312241,138.25291676828485,51.64021,85.20917,-0.0,2.7300296,3.928465,0.0,2,0,0,0
295251103,36.204823654567676,138.25291680073798,51.65781,85.216064,-0.0,2.7297044,3.9283593,0.0,2,0,0,0
295446069,36.20482332488426,138.25291735164754,51.665607,85.212135,-0.0,2.7293348,3.928218,0.0,2,0,0,0
295646030,36.204822989763265,138.25291796539636,51.664333,85.19908,-0.0,2.72913,3.928371,0.0,2,0,0,0
295845993,36.20482293665802,138.25291818195822,51.67482,85.197586,-0.0,2.7289724,3.928293,0.0,2,0,0,0
296045956,36.204822956562175,138.25291818232625,51.679916,85.190186,-0.0,2.7287617,3.928205,0.0,2,0,0,0
296245918,36.20482302234254,138.25291812339813,51.676445,85.17519,-0.0,2.7294655,3.928254,0.0,2,0,0,0
296445881,36.20482324788351,138.25291804550199,51.66795,85.15471,-0.0,2.7305012,3.9285753,0.0,2,0,0,0
296645844,36.20482343637359,138.25291799424932,51.652943,85.12836,-0.0,2.7315893,3.928646,0.0,2,0,0,0
296845806,36.20482353253764,138.25291801785949,51.637363,85.10237,-0.0,2.7327833,3.9287157,0.0,2,0,0,0
297045772,36.20482357334294,138.25291804193537,51.619133,85.07425,-0.0,2.7342954,3.9290588,0.0,2,0,0,0
297245758,36.20482353743486,138.252918024383,51.604874,85.05049,-0.0,2.735411,3.9291067,0.0,2,0,0,0
297445693,36.20482347285736,138.25291797910705,51.593666,85.030975,-0.0,2.7355506,3.9290707,0.0,2,0,0,0
297645656,36.20482358527085,138.25291790750194,51.582638,85.01165,-0.0,2.7354941,3.9290154,0.0,2,0,0,0
297845619,36.204823821892795,138.25291790305508,51.57982,85.00175,-0.0,2.7356493,3.9292355,0.0,2,0,0,0
298045581,36.204823903709254,138.25291800193406,51.57642,84.99121,-0.0,2.7360897,3.92922,0.0,2,0,0,0
298245544,36.20482388039377,138.25291801544543,51.571934,84.97977,-0.0,2.7369318,3.9292374,0.0,2,0,0,0
298445506,36.204823869726624,138.2529179287771,51.564625,84.96565,-0.0,2.737837,3.929258,0.0,2,0,0,0
298645469,36.20482384263316,138.2529178321043,51.55146,84.94528,-0.0,2.7387135,3.9295402,0.0,2,0,0,0
298845434,36.204823795946446,138.2529177838881,51.53994,84.92616,-0.0,2.7397468,3.9295661,0.0,2,0,0,0
299045393,36.204823856450076,138.25291754555522,51.52941,84.90793,-0.0,2.7407663,3.9295886,0.0,2,0,0,0
299245355,36.20482403540512,138.25291719234315,51.51528,84.88643,-0.0,2.7417521,3.929879,0.0,2,0,0,0
299445317,36.20482415567906,138.25291696114024,51.500214,84.864716,-0.0,2.7427666,3.9298944,0.0,2,0,0,0
299645280,36.20482420396318,138.25291686442492,51.48991,84.847824,-0.0,2.7424955,3.9298227,0.0,2,0,0,0
299845242,36.20482424294383,138.25291685382453,51.48659,84.837906,-0.0,2.741269,3.9299538,0.0,2,0,0,0
300045204,36.204824180467575,138.25291695158018,51.49541,84.840256,-0.0,2.7391334,3.9297123,0.0,2,0,0,0
300245167,36.20482396810026,138.2529172629365,51.50517,84.84279,-0.0,2.737745,3.9295108,0.0,2,0,0,0
300445128,36.20482381514516,138.25291766392732,51.50579,84.836044,-0.0,2.7370422,3.929365,0.0,2,0,0,0
300645091,36.20482382742686,138.25291772735682,51.499065,84.82289,-0.0,2.7362525,3.9294703,0.0,2,0,0,0
300845060,36.204824153862965,138.2529170446946,51.497597,84.81566,-0.0,2.735283,3.9292808,0.0,2,0,0,0
301045020,36.20482458909968,138.252916118297,51.49697,84.808464,-0.0,2.734172,3.9290643,0.0,2,0,0,0
301244977,36.20482489123828,138.25291554969593,51.49789,84.8017,-0.0,2.7331958,3.9291084,0.0,2,0,0,0
301444939,36.20482494390932,138.25291536160165,51.51405,84.80994,-0.0,2.7326386,3.9289489,0.0,2,0,0,0
301644902,36.204824843029215,138.2529154955169,51.52941,84.817345,-0.0,2.7320042,3.9287763,0.0,2,0,0,0
301844863,36.20482474896322,138.25291573912477,51.544945,84.82461,-0.0,2.7315578,3.9286332,0.0,2,0,0,0
302044825,36.20482466691089,138.25291594775513,51.558937,84.830345,-0.0,2.7308078,3.9286873,0.0,2,0,0,0
302244787,36.204824624223,138.25291603501535,51.56981,84.83224,-0.0,2.730107,3.9284987,0.0,2,0,0,0
302444752,36.20482462059296,138.25291607294503,51.573666,84.82765,-0.0,2.7294593,3.9283175,0.0,2,0,0,0
302644712,36.20482462817467,138.25291609987778,51.574806,84.82139,-0.0,2.7288518,3.9283793,0.0,2,0,0,0
302844677,36.20482462320667,138.25291608281367,51.582024,84.821396,-0.0,2.7285326,3.9282556,0.0,2,0,0,0
303044634,36.20482463020089,138.25291610250343,51.583977,84.81746,-0.0,2.7288516,3.9282477,0.0,2,0,0,0
303244596,36.204824624085774,138.25291615644196,51.581078,84.80839,-0.0,2.7296798,3.9285486,0.0,2,0,0,0
303444558,36.204824500756416,138.2529162881932,51.580433,84.80238,-0.0,2.730736,3.9286158,0.0,2,0,0,0
303644520,36.204824363803134,138.25291644417084,51.584747,84.8064,-0.0,2.7317636,3.9286585,0.0,2,0,0,0
303844483,36.204824344372845,138.25291659103047,51.5925,84.82117,-0.0,2.7328315,3.9286895,0.0,2,0,0,0
304044443,36.20482431796763,138.25291683104209,51.606445,84.84473,-0.0,2.7342832,3.9289982,0.0,2,0,0,0
304244405,36.20482418129522,138.2529171269526,51.61872,84.868614,-0.0,2.736091,3.9290714,0.0,2,0,0,0
304444379,36.204823933856034,138.25291751344852,51.63109,84.89708,-0.0,2.7381778,3.92915,0.0,2,0,0,0
304644339,36.20482360032493,138.2529178726563,51.642746,84.92581,-0.0,2.7401593,3.9294736,0.0,2,0,0,0
304844296,36.20482326964341,138.2529182286538,51.65992,84.96309,-0.0,2.741859,3.9295127,0.0,2,0,0,0
305044251,36.20482294591321,138.25291884591715,51.678345,85.00221,-0.0,2.7435212,3.9295485,0.0,2,0,0,0
305244213,36.20482258826577,138.25291949770326,51.696964,85.04004,-0.0,2.7450936,3.9295776,0.0,2,0,0,0
305454173,36.20482221131134,138.25292000573037,51.719933,85.08186,-0.0,2.7462468,3.9296308,0.0,2,0,0,0
305644136,36.20482189462575,138.25292037722352,51.739532,85.11664,-0.0,2.7460382,3.9297967,0.0,2,0,0,0
305844097,36.2048217159548,138.2529206424599,51.76043,85.14875,-0.0,2.7447498,3.9296641,0.0,2,0,0,0
306044059,36.20482159571194,138.25292082657032,51.781982,85.17889,-0.0,2.7430081,3.9294858,0.0,2,0,0,0
306244021,36.20482137573287,138.25292107677737,51.800858,85.20443,-0.0,2.7413793,3.9295628,0.0,2,0,0,0
306444023,36.2048213353403,138.25292115777117,51.81786,85.22655,-0.0,2.7396612,3.9293377,0.0,2,0,0,0
306643943,36.20482174628486,138.25292080537355,51.831867,85.24492,-0.0,2.738265,3.9291208,0.0,2,0,0,0
306853903,36.20482234163489,138.25292031181846,51.834274,85.25219,-0.0,2.738015,3.9290495,0.0,2,0,0,0
307053875,36.2048226826362,138.2529199886052,51.82597,85.248405,-0.0,2.737876,3.9292126,0.0,2,0,0,0
307243827,36.204822784918605,138.2529196416835,51.82613,85.25302,-0.0,2.7372217,3.9290233,0.0,2,0,0,0
307443789,36.204822761929044,138.252919388204,51.830544,85.26149,-0.0,2.7369652,3.928912,0.0,2,0,0,0
307643750,36.204822608565514,138.2529193576591,51.8293,85.263405,-0.0,2.7365277,3.9290338,0.0,2,0,0,0
307843711,36.2048223601411,138.252919434018,51.829666,85.26618,-0.0,2.7364902,3.928949,0.0,2,0,0,0
308043720,36.20482219488503,138.25291956977472,51.830536,85.26868,-0.0,2.736026,3.9288127,0.0,2,0,0,0
308253632,36.204822097463435,138.25291979750358,51.829056,85.26881,-0.0,2.736195,3.9287906,0.0,2,0,0,0
308453592,36.204822059652415,138.2529199063578,51.831173,85.27109,-0.0,2.7359264,3.9289339,0.0,2,0,0,0
308643556,36.20482206679029,138.2529197452338,51.833298,85.27305,-0.0,2.7348433,3.9286854,0.0,2,0,0,0
308843517,36.20482207918671,138.25291949811708,51.832283,85.27199,-0.0,2.7342699,3.9285357,0.0,2,0,0,0
309043480,36.20482200693531,138.2529194307416,51.832,85.27072,-0.0,2.7337508,3.9286382,0.0,2,0,0,0
309243440,36.20482187702877,138.25291946253338,51.8345,85.272285,-0.0,2.733005,3.928459,0.0,2,0,0,0
309443400,36.2048217535118,138.2529194487596,51.83063,85.26697,-0.0,2.7323108,3.928286,0.0,2,0,0,0
309653360,36.204821691358276,138.2529192923183,51.8265,85.26134,-0.0,2.7317955,3.9281716,0.0,2,0,0,0
309853320,36.20482161867803,138.2529191416452,51.828133,85.26134,-0.0,2.7311723,3.9282444,0.0,2,0,0,0
310053281,36.204821524222886,138.25291903526153,51.825882,85.257095,-0.0,2.73058,3.9280853,0.0,2,0,0,0
310243248,36.204821446191914,138.25291897791243,51.830753,85.25986,-0.0,2.7298903,3.9278812,0.0,2,0,0,0
310443205,36.20482135697278,138.2529189742036,51.83452,85.26016,-0.0,2.7293582,3.9279613,0.0,2,0,0,0
310643166,36.20482125357115,138.25291901607096,51.83706,85.25931,-0.0,2.7289093,3.927829,0.0,2,0,0,0
310843127,36.20482117113609,138.25291905850762,51.84213,85.26065,-0.0,2.728416,3.927689,0.0,2,0,0,0
311053086,36.204821101425495,138.25291907902277,51.84522,85.25983,-0.0,2.7281244,3.9276156,0.0,2,0,0,0
311253047,36.204821032214475,138.252919102439,51.85067,85.26114,-0.0,2.7277534,3.927502,0.0,2,0,0,0
311453008,36.20482095846752,138.2529191220653,51.85678,85.26278,-0.0,2.7275155,3.9276354,0.0,2,0,0,0
311642970,36.204820870329016,138.25291913410257,51.855446,85.2571,-0.0,2.7278266,3.9278476,0.0,2,0,0,0
311842931,36.20482064151823,138.25291897975382,51.852303,85.24956,-0.0,2.7287433,3.9279442,0.0,2,0,0,0
312042905,36.20482026074405,138.25291865935853,51.848515,85.24132,-0.0,2.7299433,3.9280474,0.0,2,0,0,0
312242852,36.204819947207184,138.25291838491881,51.838062,85.22622,-0.0,2.7314768,3.928158,0.0,2,0,0,0
312452811,36.20481978285702,138.25291833770973,51.82686,85.210236,-0.0,2.7336063,3.9285762,0.0,2,0,0,0
312652772,36.204819665510925,138.25291844163146,51.821186,85.1998,-0.0,2.7359142,3.928705,0.0,2,0,0,0
312852732,36.20481947295233,138.2529185664603,51.814598,85.18849,-0.0,2.7385705,3.9288356,0.0,2,0,0,0
313052693,36.204819159281435,138.25291861822583,51.807953,85.178894,-0.0,2.7414732,3.9289606,0.0,2,0,0,0
313242656,36.20481878186391,138.25291855217625,51.809414,85.178894,-0.0,2.7441592,3.9292731,0.0,2,0,0,0
313442616,36.20481842338993,138.25291852396504,51.806274,85.17552,-0.0,2.7475593,3.9293954,0.0,2,0,0,0
313642576,36.204818206059976,138.2529186424351,51.79465,85.163025,-0.0,2.750474,3.929755,0.0,2,0,0,0
313852576,36.20481810249325,138.25291873243495,51.78511,85.15292,-0.0,2.7534404,3.9298906,0.0,2,0,0,0
314052496,36.2048179830684,138.25291863300328,51.769394,85.13562,-0.0,2.7551887,3.929928,0.0,2,0,0,0
314252456,36.20481779642446,138.25291841014507,51.760063,85.12422,-0.0,2.7562768,3.929938,0.0,2,0,0,0
314452416,36.204817614386144,138.25291833966793,51.757168,85.11867,-0.0,2.7562747,3.9299028,0.0,2,0,0,0
314652386,36.20481753033439,138.25291849526488,51.757877,85.11556,-0.0,2.754885,3.9300818,0.0,2,0,0,0
314842339,36.20481768233637,138.25291883818812,51.75823,85.11089,-0.0,2.752484,3.9298596,0.0,2,0,0,0
315042299,36.20481793150048,138.25291937043397,51.758377,85.10643,-0.0,2.7504668,3.9296768,0.0,2,0,0,0
315252258,36.20481805983746,138.25291990083105,51.75772,85.10121,-0.0,2.748344,3.9297714,0.0,2,0,0,0
315452218,36.20481810214902,138.25292017799373,51.759148,85.098015,-0.0,2.7469335,3.9295712,0.0,2,0,0,0
315652178,36.20481796573283,138.2529204572284,51.76336,85.0974,-0.0,2.745952,3.9293938,0.0,2,0,0,0
315852149,36.204817805769586,138.25292077765022,51.76111,85.08998,-0.0,2.745275,3.9295006,0.0,2,0,0,0
316052099,36.204817912804465,138.25292084345529,51.750893,85.07536,-0.0,2.7449708,3.929371,0.0,2,0,0,0
316242061,36.20481831506844,138.25292047366145,51.749695,85.06903,-0.0,2.744442,3.9291818,0.0,2,0,0,0
316442030,36.204818728658886,138.25291995559468,51.74801,85.06239,-0.0,2.7437637,3.9292717,0.0,2,0,0,0
316651979,36.20481885421174,138.25291973130558,51.76381,85.07301,-0.0,2.743316,3.929158,0.0,2,0,0,0
316851939,36.20481880793026,138.25291980098092,51.78832,85.092255,-0.0,2.742674,3.9289856,0.0,2,0,0,0
317051899,36.20481859996487,138.25292009317621,51.81522,85.112854,-0.0,2.7420638,3.9288163,0.0,2,0,0,0
317251859,36.2048181150053,138.2529207115808,51.838314,85.12883,-0.0,2.7412384,3.9286177,0.0,2,0,0,0
317451820,36.204817607411016,138.252921432144,51.848564,85.13187,-0.0,2.7404692,3.9286714,0.0,2,0,0,0
317651822,36.2048175839701,138.25292161029225,51.85895,85.13614,-0.0,2.7397952,3.9284902,0.0,2,0,0,0
317841746,36.204818007915726,138.2529209755696,51.864838,85.135635,-0.0,2.7390497,3.928272,0.0,2,0,0,0
318051699,36.20481861521621,138.2529199580712,51.855305,85.120575,-0.0,2.7386403,3.928169,0.0,2,0,0,0
318251659,36.20481899709039,138.25291933495336,51.853516,85.11284,-0.0,2.7379804,3.9282336,0.0,2,0,0,0
318451619,36.20481910526277,138.25291913042147,51.865906,85.119125,-0.0,2.737341,3.928067,0.0,2,0,0,0
318651579,36.20481903355918,138.25291915726618,51.88129,85.127716,-0.0,2.7367177,3.9279065,0.0,2,0,0,0
318851542,36.204818993394966,138.25291928257397,51.886265,85.12547,-0.0,2.736108,3.927979,0.0,2,0,0,0
319051499,36.204819124085155,138.2529195648519,51.88833,85.11977,-0.0,2.7355113,3.9278264,0.0,2,0,0,0
319241460,36.20481920810044,138.25291973284882,51.889095,85.112335,-0.0,2.7348871,3.927647,0.0,2,0,0,0
319451446,36.20481904556533,138.25291955852168,51.896545,85.11051,-0.0,2.7344594,3.9275584,0.0,2,0,0,0
319651379,36.20481874893723,138.2529192132607,51.896255,85.099945,-0.0,2.7339802,3.9276588,0.0,2,0,0,0
319851338,36.204818576988224,138.2529189379919,51.89098,85.08406,-0.0,2.7335,3.92754,0.0,2,0,0,0
320051298,36.204818626963004,138.25291876788378,51.891598,85.07333,-0.0,2.7329803,3.9274151,0.0,2,0,0,0
320251257,36.204818845365025,138.25291874481837,51.88246,85.05277,-0.0,2.7325342,3.9273076,0.0,2,0,0,0
320451217,36.20481902840252,138.25291887007373,51.872044,85.031006,-0.0,2.7321155,3.927421,0.0,2,0,0,0
320651176,36.20481913105582,138.25291902771542,51.869057,85.01604,-0.0,2.7316046,3.9273005,0.0,2,0,0,0
320851148,36.20481926333164,138.25291895270837,51.87519,85.011024,-0.0,2.731203,3.9272032,0.0,2,0,0,0
321051096,36.20481943629809,138.25291850525423,51.880383,85.0056,-0.0,2.7308502,3.9273279,0.0,2,0,0,0
321251068,36.20481957428487,138.25291799973553,51.87856,84.99342,-0.0,2.7305868,3.9272578,0.0,2,0,0,0
321451026,36.20481956578977,138.25291771179374,51.87719,84.9826,-0.0,2.7304485,3.9272108,0.0,2,0,0,0
321650974,36.20481951949544,138.25291757939908,51.881912,84.97717,-0.0,2.7300472,3.9271133,0.0,2,0,0,0
321850933,36.20481952859307,138.2529174972029,51.88813,84.97309,-0.0,2.7298205,3.9272602,0.0,2,0,0,0
322050893,36.20481959275675,138.25291740013748,51.890095,84.965,-0.0,2.7294078,3.9271605,0.0,2,0,0,0
322250852,36.20481959368517,138.2529173475226,51.88787,84.953476,-0.0,2.7289824,3.9270597,0.0,2,0,0,0
322450812,36.204819488211236,138.25291738602292,51.891724,84.94826,-0.0,2.7285686,3.9269614,0.0,2,0,0,0
322650771,36.204819295101586,138.25291750038988,51.894676,84.94208,-0.0,2.7281632,3.927072,0.0,2,0,0,0
322850740,36.20481915806682,138.25291760190584,51.899517,84.93717,-0.0,2.7278008,3.9269845,0.0,2,0,0,0
323050691,36.20481915514756,138.25291764313613,51.898697,84.92639,-0.0,2.7274091,3.9268918,0.0,2,0,0,0
323250652,36.20481923639798,138.25291758050247,51.895573,84.91286,-0.0,2.7270699,3.9268103,0.0,2,0,0,0
323445610,36.204819416983646,138.25291736356462,51.895386,84.902115,-0.0,2.726591,3.9268813,0.0,2,0,0,0
323645569,36.20481960799845,138.25291712353112,51.897934,84.89472,-0.0,2.7262328,3.9267952,0.0,2,0,0,0
323845528,36.20481967797063,138.25291703562155,51.902195,84.88877,-0.0,2.7258866,3.9267116,0.0,2,0,0,0
324045487,36.20481968609054,138.25291701621276,51.906425,84.88278,-0.0,2.7256062,3.9268427,0.0,2,0,0,0
324245446,36.20481971323119,138.2529169828645,51.912247,84.87756,-0.0,2.7252803,3.9267619,0.0,2,0,0,0
324445406,36.20481972146687,138.25291689131086,51.92165,84.876144,-0.0,2.7249863,3.9266868,0.0,2,0,0,0
324645365,36.204819769656645,138.2529167984964,51.930485,84.8738,-0.0,2.7246833,3.9266095,0.0,2,0,0,0
324845324,36.20481990909499,138.2529167229054,51.93979,84.87223,-0.0,2.7254164,3.9269228,0.0,2,0,0,0
325045302,36.20482004218452,138.252916546499,51.941967,84.8636,-0.0,2.7262983,3.9270298,0.0,2,0,0,0
325245242,36.20482006015894,138.25291617222237,51.93642,84.847206,-0.0,2.7275198,3.9271593,0.0,2,0,0,0
325445201,36.20481993930395,138.2529157005415,51.933388,84.8339,-0.0,2.7289033,3.9274995,0.0,2,0,0,0
325645160,36.20481977541802,138.2529153090975,51.92482,84.814865,-0.0,2.730509,3.9276292,0.0,2,0,0,0
325845119,36.20481963819244,138.25291507245194,51.906937,84.78853,-0.0,2.7321641,3.9277477,0.0,2,0,0,0
326045078,36.20481948260435,138.25291497130667,51.895657,84.76961,-0.0,2.7336133,3.928071,0.0,2,0,0,0
326245038,36.20481924281444,138.25291496087934,51.88965,84.75682,-0.0,2.734443,3.9281175,0.0,2,0,0,0
326444996,36.20481898721462,138.2529152064914,51.88947,84.74867,-0.0,2.7346315,3.928115,0.0,2,0,0,0
326644954,36.20481874863077,138.25291578007779,51.893227,84.74463,-0.0,2.7341545,3.9280562,0.0,2,0,0,0
326844913,36.20481875465261,138.25291612537362,51.89776,84.741196,-0.0,2.7331495,3.9281733,0.0,2,0,0,0
327044901,36.20481930910081,138.25291556644356,51.907467,84.74335,-0.0,2.7326226,3.9280884,0.0,2,0,0,0
327244830,36.20482007361889,138.25291447819959,51.900806,84.7287,-0.0,2.7317746,3.9279609,0.0,2,0,0,0
327444790,36.20482049641522,138.25291369102595,51.88989,84.7105,-0.0,2.7310386,3.9278352,0.0,2,0,0,0
327644748,36.20482055546833,138.2529132997505,51.891174,84.70552,-0.0,2.730472,3.927949,0.0,2,0,0,0
327844707,36.20482046555877,138.25291320017797,51.895405,84.70413,-0.0,2.730099,3.927852,0.0,2,0,0,0
328044665,36.20482050664818,138.2529134038928,51.897873,84.701035,-0.0,2.7295535,3.9277284,0.0,2,0,0,0
328244624,36.20482072135583,138.2529135911877,51.898388,84.69642,-0.0,2.729057,3.927831,0.0,2,0,0,0
328444582,36.204820830760006,138.25291365491614,51.90115,84.69467,-0.0,2.7287264,3.9277284,0.0,2,0,0,0
328644541,36.204820724472356,138.2529137352275,51.89264,84.680756,-0.0,2.7287939,3.9276865,0.0,2,0,0,0
328844505,36.20482069117049,138.25291362865138,51.87728,84.661285,-0.0,2.7293298,3.9277117,0.0,2,0,0,0
329044460,36.20482074546787,138.252913375305,51.86627,84.64638,-0.0,2.7295425,3.9279156,0.0,2,0,0,0
329244417,36.20482069579114,138.25291319806107,51.848206,84.62462,-0.0,2.7300527,3.927933,0.0,2,0,0,0
329444376,36.20482064921056,138.25291320446925,51.835396,84.60886,-0.0,2.72995,3.9278686,0.0,2,0,0,0
329644334,36.204820646544306,138.25291327996274,51.82831,84.59886,-0.0,2.7304564,3.927882,0.0,2,0,0,0
329844293,36.204820644983364,138.25291337305592,51.825054,84.593285,-0.0,2.7300217,3.9280045,0.0,2,0,0,0
330044252,36.20482068047655,138.2529133780733,51.82824,84.59506,-0.0,2.7294571,3.9278743,0.0,2,0,0,0
330244209,36.20482080103674,138.2529132662338,51.83498,84.60037,-0.0,2.7289443,3.9277465,0.0,2,0,0,0
330444167,36.204820911803516,138.25291317278882,51.83634,84.60022,-0.0,2.7284727,3.9276218,0.0,2,0,0,0
330654159,36.204820948603555,138.25291310520788,51.838535,84.60135,-0.0,2.7281804,3.9277723,0.0,2,0,0,0
330844084,36.204820970829815,138.25291310008075,51.842106,84.603806,-0.0,2.7276251,3.9275987,0.0,2,0,0,0
331044042,36.20482100687725,138.25291312158458,51.846806,84.607315,-0.0,2.7274935,3.9275227,0.0,2,0,0,0
331244001,36.20482101674571,138.252913132853,51.853077,84.61281,-0.0,2.7273629,3.927669,0.0,2,0,0,0
331443959,36.204821023157784,138.25291314847937,51.86082,84.61955,-0.0,2.7269764,3.9275517,0.0,2,0,0,0
331643915,36.20482104921671,138.2529131598116,51.867527,84.62558,-0.0,2.7265954,3.9274354,0.0,2,0,0,0
331843875,36.204821057181164,138.25291317775924,51.87535,84.63252,-0.0,2.7262764,3.9273303,0.0,2,0,0,0
332053831,36.204821013659206,138.2529132036442,51.878666,84.63491,-0.0,2.7261505,3.9272866,0.0,2,0,0,0
332253789,36.2048209908358,138.25291325028402,51.87946,84.63429,-0.0,2.7257898,3.9273913,0.0,2,0,0,0
332443753,36.20482100531203,138.2529132852542,51.881374,84.63484,-0.0,2.725443,3.9272587,0.0,2,0,0,0
332643707,36.204821040972455,138.2529132851329,51.88964,84.64192,-0.0,2.7251785,3.927169,0.0,2,0,0,0
332843666,36.20482107197579,138.25291325655792,51.893715,84.64546,-0.0,2.7248216,3.927276,0.0,2,0,0,0
333043623,36.204821102995204,138.2529132180683,51.90074,84.65221,-0.0,2.7244685,3.9271717,0.0,2,0,0,0
333243581,36.204821095524984,138.2529131786646,51.905735,84.65676,-0.0,2.724124,3.9270697,0.0,2,0,0,0
333453540,36.20482108289595,138.25291315875015,51.914604,84.66539,-0.0,2.723927,3.9270215,0.0,2,0,0,0
333653495,36.2048210892169,138.25291315734066,51.92582,84.67743,-0.0,2.7236485,3.9271395,0.0,2,0,0,0
333843455,36.20482111886941,138.25291317622396,51.936375,84.68969,-0.0,2.7234955,3.9270484,0.0,2,0,0,0
334043413,36.20482116197969,138.25291319237346,51.944588,84.700226,-0.0,2.7232196,3.9269583,0.0,2,0,0,0
334243371,36.204821182379135,138.25291319943506,51.94672,84.705215,-0.0,2.7232769,3.9271395,0.0,2,0,0,0
334443335,36.20482117168841,138.25291324611277,51.9487,84.7099,-0.0,2.723008,3.9270515,0.0,2,0,0,0
334643286,36.20482118729674,138.25291329501533,51.95285,84.71684,-0.0,2.7227108,3.9269595,0.0,2,0,0,0
334853242,36.20482119586584,138.25291334046156,51.95329,84.72039,-0.0,2.7225351,3.9269166,0.0,2,0,0,0
335053200,36.20482114227818,138.25291338437682,51.9527,84.72386,-0.0,2.7223058,3.9268405,0.0,2,0,0,0
335253159,36.20482107064749,138.25291343296857,51.956524,84.73213,-0.0,2.7220187,3.926959,0.0,2,0,0,0
335443118,36.20482094958665,138.25291339613798,51.959423,84.73926,-0.0,2.7216644,3.9268358,0.0,2,0,0,0
335643077,36.2048207653152,138.2529133247402,51.962128,84.74666,-0.0,2.7213776,3.9269526,0.0,2,0,0,0
335843033,36.204820629757755,138.25291333361585,51.969006,84.75751,-0.0,2.7211099,3.926869,0.0,2,0,0,0
336042991,36.2048205535997,138.25291339404126,51.977486,84.77028,-0.0,2.7208312,3.926784,0.0,2,0,0,0
336252946,36.20482048070933,138.2529134825131,51.987637,84.78467,-0.0,2.720716,3.926755,0.0,2,0,0,0
336452912,36.20482035278506,138.2529136436978,52.006485,84.80737,-0.0,2.7204998,3.9268837,0.0,2,0,0,0
336652861,36.204820250718164,138.25291396362354,52.018093,84.82273,-0.0,2.720242,3.9268017,0.0,2,0,0,0
336852819,36.20482023910223,138.25291425743399,52.02505,84.83303,-0.0,2.7199984,3.926722,0.0,2,0,0,0
337042779,36.20482025199072,138.2529143739369,52.02403,84.8355,-0.0,2.7196438,3.9267972,0.0,2,0,0,0
337242741,36.204820191165474,138.25291426955795,52.014668,84.82931,-0.0,2.7194104,3.9267192,0.0,2,0,0,0
337442693,36.204820053238755,138.25291402654167,52.00466,84.82283,-0.0,2.71922,3.9266503,0.0,2,0,0,0
337652649,36.20482000653488,138.25291392356093,51.991383,84.81375,-0.0,2.719242,3.9266446,0.0,2,0,0,0
337852606,36.20482005151486,138.25291385806045,51.979492,84.806816,-0.0,2.7191162,3.9267874,0.0,2,0,0,0
338052566,36.20482018965386,138.25291362877826,51.967598,84.800224,-0.0,2.718977,3.9267275,0.0,2,0,0,0
338252521,36.20482035175266,138.25291335195502,51.955097,84.79276,-0.0,2.7188406,3.9266684,0.0,2,0,0,0
338442481,36.20482034305705,138.25291330627974,51.943886,84.78702,-0.0,2.718504,3.9267473,0.0,2,0,0,0
338642437,36.20482019255704,138.2529133775517,51.936924,84.78491,-0.0,2.718295,3.926674,0.0,2,0,0,0
338842395,36.204820126257786,138.25291328115958,51.929302,84.78237,-0.0,2.718148,3.9266124,0.0,2,0,0,0
339052350,36.20482017423421,138.2529129092386,51.92436,84.78238,-0.0,2.7180672,3.926588,0.0,2,0,0,0
339252307,36.2048201851147,138.2529126099072,51.912537,84.77553,-0.0,2.7178683,3.926716,0.0,2,0,0,0
339452265,36.204820149908834,138.25291248008668,51.90705,84.775375,-0.0,2.717671,3.9266458,0.0,2,0,0,0
339652222,36.204820093519835,138.25291250012103,51.907387,84.78107,-0.0,2.7174802,3.926577,0.0,2,0,0,0
339852179,36.20482006039058,138.25291257865746,51.910046,84.78953,-0.0,2.7172835,3.9265091,0.0,2,0,0,0
340042138,36.20482001040401,138.25291265787425,51.91444,84.79933,-0.0,2.7169714,3.9265926,0.0,2,0,0,0
340242096,36.20481994771336,138.25291269916747,51.914394,84.80473,-0.0,2.7167807,3.9265265,0.0,2,0,0,0
340452091,36.20481990797369,138.2529127049997,51.910828,84.806335,-0.0,2.7167175,3.9265072,0.0,2,0,0,0
340652007,36.20481987344322,138.25291267658986,51.90874,84.80892,-0.0,2.716537,3.9264426,0.0,2,0,0,0
340851964,36.20481984778419,138.252912593973,51.892887,84.79727,-0.0,2.716362,3.9265745,0.0,2,0,0,0
341051921,36.20481974117063,138.2529124572775,51.884926,84.79329,-0.0,2.7162316,3.9265182,0.0,2,0,0,0
341251878,36.20481955134583,138.25291237174486,51.886864,84.79912,-0.0,2.7160625,3.9264543,0.0,2,0,0,0
341451835,36.2048192443797,138.2529126056973,51.887554,84.80291,-0.0,2.715895,3.9265866,0.0,2,0,0,0
341641797,36.20481891880877,138.25291304546113,51.884262,84.802574,-0.0,2.7156136,3.926477,0.0,2,0,0,0
341851787,36.20481890675758,138.25291328653955,51.882324,84.80357,-0.0,2.7155828,3.9266582,0.0,2,0,0,0
342051706,36.204819275390534,138.25291305456193,51.87844,84.80349,-0.0,2.7154226,3.9265904,0.0,2,0,0,0
342251662,36.20481959724243,138.25291270547214,51.8662,84.79502,-0.0,2.7153006,3.9265306,0.0,2,0,0,0
342451619,36.20481973938992,138.25291250112258,51.857292,84.78984,-0.0,2.7151468,3.9264638,0.0,2,0,0,0
342651576,36.20481968055016,138.25291231545881,51.855927,84.792816,-0.0,2.7149985,3.9265943,0.0,2,0,0,0
342851532,36.20481944801925,138.25291211555628,51.853817,84.79445,-0.0,2.714856,3.9265282,0.0,2,0,0,0
343041491,36.2048192638593,138.25291203103458,51.851166,84.79604,-0.0,2.7146032,3.9264166,0.0,2,0,0,0
343251447,36.20481910570681,138.2529120407306,51.85899,84.80905,-0.0,2.714685,3.9264176,0.0,2,0,0,0
343451403,36.20481900973145,138.25291215003804,51.868244,84.82362,-0.0,2.7145555,3.9265482,0.0,2,0,0,0
343651360,36.204819089678224,138.25291233684712,51.878273,84.839325,-0.0,2.7145703,3.9265122,0.0,2,0,0,0
343851316,36.204819219604055,138.25291258064846,51.889477,84.8555,-0.0,2.714446,3.9264476,0.0,2,0,0,0
344051272,36.2048192869325,138.25291269881632,51.901417,84.87222,-0.0,2.7143333,3.9265773,0.0,2,0,0,0
344251229,36.204819262488115,138.2529127122857,51.912296,84.88736,-0.0,2.71422,3.9265113,0.0,2,0,0,0
344451187,36.204819233412366,138.25291270687296,51.91973,84.89853,-0.0,2.7141187,3.9264455,0.0,2,0,0,0
344651143,36.20481924353169,138.25291269237076,51.918304,84.900696,-0.0,2.7141016,3.9265919,0.0,2,0,0,0
344851099,36.2048192729194,138.25291266214353,51.907127,84.893105,-0.0,2.714006,3.9265265,0.0,2,0,0,0
345051057,36.2048193241485,138.25291255375822,51.906876,84.89674,-0.0,2.7139094,3.9264617,0.0,2,0,0,0
345251013,36.20481935709443,138.25291245954267,51.904205,84.8978,-0.0,2.7140045,3.926433,0.0,2,0,0,0
345450969,36.20481931477321,138.25291246753153,51.8992,84.89586,-0.0,2.7139094,3.9265645,0.0,2,0,0,0
345650928,36.204819267058376,138.25291250566528,51.89575,84.8954,-0.0,2.714158,3.9265637,0.0,2,0,0,0
345850881,36.20481927542914,138.25291254700005,51.89375,84.897705,-0.0,2.714684,3.9266078,0.0,2,0,0,0
346050838,36.20481936967416,138.25291252142463,51.895153,84.90735,-0.0,2.715654,3.9267097,0.0,2,0,0,0
346250794,36.20481951946018,138.2529123658076,51.898144,84.92032,-0.0,2.716508,3.9269862,0.0,2,0,0,0
346450750,36.20481955908085,138.2529122456531,51.908485,84.94148,-0.0,2.7175841,3.9270778,0.0,2,0,0,0
346650706,36.204819527466434,138.25291233361182,51.919876,84.96385,-0.0,2.7186966,3.9271638,0.0,2,0,0,0
346850666,36.20481948824029,138.25291248891915,51.92943,84.98443,-0.0,2.7197816,3.9274557,0.0,2,0,0,0
347050619,36.20481945279534,138.25291259099754,51.942417,85.007866,-0.0,2.7208345,3.927526,0.0,2,0,0,0
347250575,36.204819414538356,138.25291269845408,51.95554,85.03025,-0.0,2.7213745,3.9275484,0.0,2,0,0,0
347450536,36.20481941733754,138.2529128405339,51.969524,85.051254,-0.0,2.7216232,3.927543,0.0,2,0,0,0
347645490,36.204819481940774,138.25291302592026,51.97772,85.0661,-0.0,2.7215703,3.9276946,0.0,2,0,0,0
347845445,36.204819530514335,138.25291321747258,51.98755,85.08162,-0.0,2.721494,3.9276547,0.0,2,0,0,0
348045401,36.20481955138549,138.25291333875884,51.999264,85.098404,-0.0,2.721009,3.927567,0.0,2,0,0,0
348245357,36.20481954810816,138.25291333293725,52.00718,85.11124,-0.0,2.7204614,3.9274626,0.0,2,0,0,0
348445313,36.20481949850004,138.25291324475663,52.003777,85.111984,-0.0,2.7199945,3.9275773,0.0,2,0,0,0
348645327,36.20481937268562,138.25291310453426,51.994568,85.10708,-0.0,2.7195907,3.9274716,0.0,2,0,0,0
348845225,36.20481926702514,138.25291305849612,51.993446,85.11032,-0.0,2.719233,3.927367,0.0,2,0,0,0
349045181,36.20481920132731,138.25291315172265,51.992046,85.11283,-0.0,2.7191536,3.9275153,0.0,2,0,0,0
349245138,36.20481928045716,138.25291325087224,51.9813,85.10591,-0.0,2.7190568,3.9274397,0.0,2,0,0,0
349445093,36.20481939812059,138.252913167782,51.97161,85.10014,-0.0,2.7187524,3.9273326,0.0,2,0,0,0
349645049,36.204819372116354,138.25291290414947,51.962162,85.09486,-0.0,2.7186065,3.9274638,0.0,2,0,0,0
349845001,36.20481919554239,138.2529127288484,51.951923,85.088936,-0.0,2.7183204,3.927357,0.0,2,0,0,0
350044961,36.2048191534388,138.25291294810242,51.942673,85.08456,-0.0,2.7180989,3.9272594,0.0,2,0,0,0
350244917,36.2048193511991,138.25291342262918,51.935707,85.08287,-0.0,2.7178864,3.927164,0.0,2,0,0,0
350444872,36.20481960995509,138.2529135034103,51.925343,85.07797,-0.0,2.7176783,3.9272819,0.0,2,0,0,0
350644829,36.20481979548301,138.25291306524733,51.912308,85.07079,-0.0,2.7174666,3.9271843,0.0,2,0,0,0
350844784,36.20481990666362,138.2529126139318,51.893124,85.05709,-0.0,2.7173154,3.927099,0.0,2,0,0,0
351044745,36.2048199146495,138.25291239465116,51.878933,85.04822,-0.0,2.717082,3.9272087,0.0,2,0,0,0
351244742,36.204819814612044,138.25291226018817,51.86969,85.04411,-0.0,2.716858,3.927107,0.0,2,0,0,0
351444651,36.20481967995944,138.2529121130389,51.859524,85.03887,-0.0,2.716641,3.9270074,0.0,2,0,0,0
351644607,36.204819623518986,138.2529120101176,51.856712,85.04117,-0.0,2.7164474,3.9271202,0.0,2,0,0,0
351844563,36.20481966489358,138.2529118820407,51.855293,85.04463,-0.0,2.7162454,3.9270227,0.0,2,0,0,0
352044519,36.20481974715281,138.2529118091897,51.85237,85.045746,-0.0,2.7160707,3.9269316,0.0,2,0,0,0
352244474,36.20481981449412,138.25291182318838,51.85004,85.04697,-0.0,2.7158682,3.9268377,0.0,2,0,0,0
352444429,36.20481984493247,138.25291190045,51.852306,85.052475,-0.0,2.7156649,3.92695,0.0,2,0,0,0
352644385,36.20481989916017,138.2529119673138,51.856815,85.05876,-0.0,2.7154639,3.9268591,0.0,2,0,0,0
352844341,36.20481994526153,138.2529120177823,51.863537,85.06628,-0.0,2.715252,3.9267697,0.0,2,0,0,0
353054294,36.20481998593069,138.25291205239225,51.873623,85.07686,-0.0,2.715153,3.926729,0.0,2,0,0,0
353244251,36.20482003490521,138.25291207368502,51.882744,85.08565,-0.0,2.7148178,3.926798,0.0,2,0,0,0
353444207,36.204820061171056,138.2529120814557,51.888638,85.091095,-0.0,2.7146025,3.9267142,0.0,2,0,0,0
353644163,36.204820078595475,138.25291209122514,51.88769,85.09018,-0.0,2.714391,3.9266317,0.0,2,0,0,0
353844168,36.20482011377026,138.2529121454516,51.890137,85.09224,-0.0,2.7141922,3.926551,0.0,2,0,0,0
354044073,36.20482011103326,138.25291220533026,51.89473,85.096725,-0.0,2.7140007,3.9266698,0.0,2,0,0,0
354244041,36.204820050933805,138.25291227205915,51.89606,85.09728,-0.0,2.7138174,3.9265916,0.0,2,0,0,0
354453982,36.20482006082263,138.25291234470498,51.898838,85.10012,-0.0,2.7137558,3.9265604,0.0,2,0,0,0
354643939,36.20482007782251,138.25291241692446,51.90233,85.10338,-0.0,2.7134714,3.9266357,0.0,2,0,0,0
354843895,36.20482009021678,138.25291243836773,51.907997,85.1087,-0.0,2.7133095,3.9265604,0.0,2,0,0,0
355043850,36.20482011203885,138.25291249015058,51.917564,85.11793,-0.0,2.7131479,3.9264872,0.0,2,0,0,0
355243805,36.20482013848588,138.25291256407186,51.925594,85.12578,-0.0,2.7129922,3.9266105,0.0,2,0,0,0
355443760,36.20482016011177,138.25291262235848,51.927208,85.12706,-0.0,2.7128494,3.9265366,0.0,2,0,0,0
355643715,36.204820169224405,138.2529126712077,51.926926,85.12717,-0.0,2.7127633,3.9264758,0.0,2,0,0,0
355853668,36.20482014779792,138.25291274231688,51.929306,85.12987,-0.0,2.7128408,3.9264696,0.0,2,0,0,0
356053623,36.20482009390899,138.25291284247783,51.93439,85.13612,-0.0,2.7128067,3.926419,0.0,2,0,0,0
356243581,36.20482004634425,138.252913003575,51.941547,85.14424,-0.0,2.7126524,3.9265175,0.0,2,0,0,0
356443536,36.20482003124085,138.2529132231442,51.95355,85.1569,-0.0,2.712576,3.926457,0.0,2,0,0,0
356643491,36.20481996140161,138.25291348093617,51.964268,85.16829,-0.0,2.712607,3.9264174,0.0,2,0,0,0
356843446,36.20481980396312,138.2529136759576,51.972862,85.17728,-0.0,2.712556,3.9265573,0.0,2,0,0,0
357043402,36.2048197258421,138.25291371609825,51.9783,85.18309,-0.0,2.7125337,3.9265068,0.0,2,0,0,0
357253355,36.204819798232876,138.25291366521935,51.98458,85.18985,-0.0,2.7126877,3.9265118,0.0,2,0,0,0
357453309,36.20481990404989,138.25291363656046,51.98453,85.18976,-0.0,2.712571,3.9266367,0.0,2,0,0,0
357653263,36.20481993211252,138.2529136875335,51.98367,85.18889,-0.0,2.7126274,3.926595,0.0,2,0,0,0
357843221,36.204819842444174,138.2529137764176,51.98625,85.191086,-0.0,2.7123907,3.9266746,0.0,2,0,0,0
358043176,36.204819756171084,138.25291392468858,51.98389,85.187965,-0.0,2.7124612,3.9266355,0.0,2,0,0,0
358243132,36.20481979286607,138.2529140743318,51.97171,85.17581,-0.0,2.7125206,3.926596,0.0,2,0,0,0
358443085,36.20481989921911,138.25291413572205,51.95779,85.16223,-0.0,2.7124717,3.9265358,0.0,2,0,0,0
358653038,36.20481998321833,138.25291409742437,51.94203,85.14697,-0.0,2.7126715,3.9265451,0.0,2,0,0,0
358852999,36.20482010166009,138.25291399805496,51.933773,85.14011,-0.0,2.712539,3.9266717,0.0,2,0,0,0
359052950,36.20482022359682,138.25291387666576,51.926517,85.13424,-0.0,2.712548,3.926623,0.0,2,0,0,0
359252902,36.20482030189688,138.2529138265407,51.91893,85.12874,-0.0,2.7124228,3.9265518,0.0,2,0,0,0
359442859,36.20482031145228,138.25291382486097,51.919533,85.13132,-0.0,2.7121778,3.9266305,0.0,2,0,0,0
359642814,36.20482031541682,138.25291381819298,51.921967,85.13646,-0.0,2.7120588,3.9265575,0.0,2,0,0,0
359842768,36.204820402077985,138.2529137710427,51.92496,85.14189,-0.0,2.711943,3.926683,0.0,2,0,0,0
360052724,36.204820519734994,138.25291372214048,51.92535,85.14446,-0.0,2.7119505,3.9266567,0.0,2,0,0,0
360252675,36.20482056353998,138.25291373370843,51.926704,85.14784,-0.0,2.711838,3.926585,0.0,2,0,0,0
360452630,36.204820567444465,138.25291377382482,51.9304,85.153336,-0.0,2.711734,3.926514,0.0,2,0,0,0
360652587,36.204820557530994,138.2529138544121,51.93631,85.16096,-0.0,2.711625,3.9264438,0.0,2,0,0,0
360842542,36.204820523643775,138.25291394971907,51.939056,85.165344,-0.0,2.7113974,3.9265242,0.0,2,0,0,0
361042529,36.20482048853011,138.25291404738135,51.943336,85.170235,-0.0,2.7112916,3.9264545,0.0,2,0,0,0
361242450,36.204820441412416,138.25291412372252,51.945198,85.17202,-0.0,2.7111838,3.9263864,0.0,2,0,0,0
361452403,36.20482045128622,138.25291418455006,51.94911,85.17563,-0.0,2.711199,3.926365,0.0,2,0,0,0
361652357,36.20482048354281,138.25291422664182,51.95285,85.17916,-0.0,2.7110853,3.9264925,0.0,2,0,0,0
361852315,36.20482053118582,138.25291429843944,51.952583,85.1783,-0.0,2.710969,3.9264262,0.0,2,0,0,0
362052266,36.20482058735504,138.25291450282035,51.95027,85.17609,-0.0,2.7108524,3.9263608,0.0,2,0,0,0
362252220,36.20482063425509,138.2529147561723,51.9491,85.17459,-0.0,2.7107353,3.9264898,0.0,2,0,0,0
362442177,36.20482063881569,138.25291488172823,51.94791,85.17289,-0.0,2.7105033,3.9263797,0.0,2,0,0,0
362642137,36.20482065664644,138.25291491487204,51.939243,85.164116,-0.0,2.7103875,3.9263163,0.0,2,0,0,0
362852086,36.204820682933715,138.25291486714102,51.93305,85.15813,-0.0,2.710388,3.9262984,0.0,2,0,0,0
363052038,36.204820716604374,138.25291475283547,51.93331,85.15904,-0.0,2.7102814,3.9264288,0.0,2,0,0,0
363251991,36.204820748668,138.25291469509446,51.928646,85.154434,-0.0,2.710173,3.9263666,0.0,2,0,0,0
363451946,36.20482080728906,138.25291469963568,51.925045,85.15077,-0.0,2.710067,3.926305,0.0,2,0,0,0
363651900,36.204820879649816,138.25291478732868,51.923225,85.149,-0.0,2.7099633,3.9262445,0.0,2,0,0,0
363851854,36.20482094019525,138.2529148788428,51.918243,85.14392,-0.0,2.7098615,3.926376,0.0,2,0,0,0
364041811,36.204820999256924,138.25291492439527,51.91301,85.13835,-0.0,2.7096488,3.9262705,0.0,2,0,0,0
364251762,36.2048210251829,138.25291492708206,51.90961,85.134026,-0.0,2.7096658,3.9262564,0.0,2,0,0,0
364451739,36.20482099595279,138.25291488953835,51.905037,85.12822,-0.0,2.709568,3.9263892,0.0,2,0,0,0
364651670,36.204820935608915,138.2529148004272,51.90439,85.1263,-0.0,2.7094705,3.92633,0.0,2,0,0,0
364851624,36.204820843298975,138.25291470360975,51.899822,85.120514,-0.0,2.7093704,3.926272,0.0,2,0,0,0
365051578,36.20482077405687,138.25291467196357,51.896385,85.11597,-0.0,2.7092695,3.9262135,0.0,2,0,0,0
365251533,36.20482074795721,138.2529147361105,51.89861,85.11665,-0.0,2.7091653,3.9263465,0.0,2,0,0,0
365441489,36.20482071179291,138.25291482113136,51.89906,85.11524,-0.0,2.7089386,3.9262443,0.0,2,0,0,0
365651441,36.20482072815062,138.25291480600453,51.903755,85.11813,-0.0,2.7089443,3.9264205,0.0,2,0,0,0
365851397,36.20482082961822,138.25291469783042,51.91071,85.12276,-0.0,2.7088351,3.926359,0.0,2,0,0,0
366051348,36.204820908892806,138.25291464006068,51.909237,85.11922,-0.0,2.708724,3.9262977,0.0,2,0,0,0
366251302,36.204820932816155,138.2529146696465,51.916187,85.12431,-0.0,2.708612,3.926237,0.0,2,0,0,0
366441321,36.204820913282944,138.25291476687963,51.92689,85.13267,-0.0,2.708386,3.9263232,0.0,2,0,0,0
366646216,36.20482086825151,138.2529149213567,51.9327,85.136,-0.0,2.7082725,3.9262638,0.0,2,0,0,0
366846165,36.20482080304792,138.25291508738462,51.9387,85.139885,-0.0,2.7081647,3.9262059,0.0,2,0,0,0
367046119,36.20482074226233,138.25291523612228,51.944912,85.144394,-0.0,2.7080564,3.926339,0.0,2,0,0,0
367246073,36.20482069618134,138.25291534563416,51.948402,85.14674,-0.0,2.7079475,3.9262812,0.0,2,0,0,0
367446027,36.20482069310877,138.2529153461573,51.946007,85.14339,-0.0,2.707834,3.9262242,0.0,2,0,0,0
367645982,36.20482073493149,138.25291525299338,51.94449,85.14108,-0.0,2.7077277,3.9261677,0.0,2,0,0,0
367845934,36.20482077680566,138.25291515606082,51.93964,85.135574,-0.0,2.7076163,3.926301,0.0,2,0,0,0
368045887,36.204820799463974,138.2529150890567,51.937458,85.1328,-0.0,2.7075083,3.9262443,0.0,2,0,0,0
368245888,36.204820806637215,138.2529150291899,51.93661,85.13179,-0.0,2.707409,3.9261882,0.0,2,0,0,0
368445805,36.20482079681595,138.25291497234903,51.932186,85.12772,-0.0,2.707306,3.9261327,0.0,2,0,0,0
368645748,36.20482078024167,138.252914934048,51.92663,85.122635,-0.0,2.7072053,3.9262652,0.0,2,0,0,0
368845702,36.204820783477196,138.25291489661686,51.917496,85.11452,-0.0,2.7071104,3.9262078,0.0,2,0,0,0
369045658,36.20482080538505,138.2529148399024,51.91265,85.11098,-0.0,2.7070186,3.9263408,0.0,2,0,0,0
369245609,36.20482084167049,138.25291471968748,51.910816,85.11101,-0.0,2.7069318,3.9262831,0.0,2,0,0,0
369445562,36.20482087926388,138.2529146511365,51.906624,85.10897,-0.0,2.7068484,3.9262264,0.0,2,0,0,0
369645516,36.20482087754319,138.25291463693677,51.901455,85.10601,-0.0,2.706769,3.92617,0.0,2,0,0,0
369845469,36.2048208718076,138.25291463070636,51.896935,85.10422,-0.0,2.7066941,3.9263034,0.0,2,0,0,0
370045422,36.204820906451694,138.2529146035453,51.897217,85.10713,-0.0,2.7066293,3.9262474,0.0,2,0,0,0
370245372,36.20482096895795,138.25291462713488,51.895664,85.10832,-0.0,2.706563,3.9261916,0.0,2,0,0,0
370445330,36.20482093458079,138.25291469820792,51.89794,85.11342,-0.0,2.7065065,3.9261363,0.0,2,0,0,0
370645282,36.20482086323421,138.2529147897695,51.901432,85.119675,-0.0,2.7064478,3.9262702,0.0,2,0,0,0
370845236,36.2048208057935,138.2529149226521,51.90793,85.12941,-0.0,2.7064352,3.926223,0.0,2,0,0,0
371045189,36.20482077859925,138.2529150400467,51.91524,85.13966,-0.0,2.7063882,3.9261687,0.0,2,0,0,0
371245142,36.20482074967895,138.25291511151497,51.917915,85.14516,-0.0,2.7063441,3.926115,0.0,2,0,0,0
371445096,36.20482070574854,138.25291517334912,51.91691,85.14732,-0.0,2.7063081,3.9262512,0.0,2,0,0,0
371645049,36.20482069032138,138.25291520930847,51.917324,85.151024,-0.0,2.7062676,3.926197,0.0,2,0,0,0
371845002,36.20482069247839,138.2529151960339,51.921726,85.15849,-0.0,2.706228,3.9261432,0.0,2,0,0,0
372045003,36.204820685607466,138.25291521628435,51.92494,85.16495,-0.0,2.7061834,3.9262786,0.0,2,0,0,0
372244909,36.20482056600464,138.25291540994886,51.92909,85.17175,-0.0,2.7061367,3.9262242,0.0,2,0,0,0
372444862,36.20482037593004,138.2529156764607,51.93185,85.17731,-0.0,2.7060893,3.9261708,0.0,2,0,0,0
372644815,36.204820320416935,138.25291577190487,51.93546,85.18349,-0.0,2.7060409,3.9261174,0.0,2,0,0,0
372844768,36.20482043903666,138.25291565662445,51.931507,85.18191,-0.0,2.7059932,3.926251,0.0,2,0,0,0
373044721,36.20482055736157,138.2529155057411,51.92331,85.176056,-0.0,2.7059455,3.9261959,0.0,2,0,0,0
373244674,36.20482059281187,138.25291542705378,51.92683,85.182434,-0.0,2.7059057,3.9261405,0.0,2,0,0,0
373444628,36.20482059578688,138.25291544431948,51.92943,85.187744,-0.0,2.7058692,3.9262748,0.0,2,0,0,0
373644580,36.20482057631049,138.25291549309102,51.926617,85.18812,-0.0,2.7058356,3.9262204,0.0,2,0,0,0
373844535,36.20482055673762,138.2529155277214,51.927185,85.19183,-0.0,2.7057981,3.9261656,0.0,2,0,0,0
374044531,36.20482055931918,138.25291552648278,51.932796,85.201164,-0.0,2.7058606,3.9261305,0.0,2,0,0,0
374244439,36.20482054735803,138.25291553919533,51.93414,85.206024,-0.0,2.7058349,3.9262657,0.0,2,0,0,0
374444392,36.204820566327335,138.2529155971443,51.934845,85.211136,-0.0,2.7058125,3.926211,0.0,2,0,0,0
374644344,36.20482054866168,138.25291559033315,51.93466,85.21529,-0.0,2.7057948,3.9261575,0.0,2,0,0,0
374844299,36.204820553810855,138.25291557972645,51.938145,85.22325,-0.0,2.7058074,3.9262984,0.0,2,0,0,0
375044251,36.20482057274048,138.25291558855477,51.936222,85.22504,-0.0,2.7058103,3.9262474,0.0,2,0,0,0
375244203,36.2048205573412,138.25291557391444,51.934692,85.22774,-0.0,2.7058527,3.9262056,0.0,2,0,0,0
375454153,36.204820563337314,138.25291557690514,51.943954,85.241,-0.0,2.7061493,3.9262352,0.0,2,0,0,0
375644109,36.20482057535527,138.25291560495788,51.948612,85.248764,-0.0,2.7060115,3.9263268,0.0,2,0,0,0
375844114,36.2048205976287,138.2529156482897,51.95572,85.25871,-0.0,2.7062688,3.926325,0.0,2,0,0,0
376044013,36.204820587859956,138.25291564832094,51.972057,85.27748,-0.0,2.7067325,3.926358,0.0,2,0,0,0
376243969,36.2048206062171,138.25291563102434,51.984768,85.29282,-0.0,2.7076643,3.92646,0.0,2,0,0,0
376443919,36.20482071265268,138.25291577947067,51.98458,85.29396,-0.0,2.708825,3.9267786,0.0,2,0,0,0
376643872,36.20482097448445,138.25291626820234,51.9865,85.30027,-0.0,2.7104044,3.9269295,0.0,2,0,0,0
376853822,36.20482155603897,138.25291665865424,51.989075,85.30902,-0.0,2.7126286,3.9271474,0.0,2,0,0,0
377053816,36.20482231682512,138.2529167122178,51.992302,85.32001,-0.0,2.7151546,3.9275393,0.0,2,0,0,0
377243729,36.204823162677215,138.25291658837816,51.990665,85.32567,-0.0,2.7180395,3.9276726,0.0,2,0,0,0
377443685,36.20482418754545,138.25291625519668,51.98763,85.326904,-0.0,2.721767,3.9278634,0.0,2,0,0,0
377643635,36.20482540809415,138.25291573430755,51.984234,85.32632,-0.0,2.7262273,3.9282935,0.0,2,0,0,0
377843588,36.20482702337655,138.252915399277,51.97936,85.32243,-0.0,2.7314177,3.9284956,0.0,2,0,0,0
378043539,36.204829277819265,138.25291524720595,51.96579,85.31177,-0.0,2.7372723,3.928698,0.0,2,0,0,0
378253490,36.20483183746455,138.2529151545981,51.957253,85.315186,-0.0,2.744289,3.9289608,0.0,2,0,0,0
378453443,36.20483405443611,138.2529149744899,51.948936,85.324585,-0.0,2.7517257,3.929161,0.0,2,0,0,0
378643397,36.20483588733255,138.25291478226632,51.940502,85.33586,-0.0,2.7593913,3.9295626,0.0,2,0,0,0
378843349,36.20483771397022,138.2529147419698,51.927063,85.342514,-0.0,2.7681694,3.9297564,0.0,2,0,0,0
379043301,36.20483941977431,138.2529149229102,51.9239,85.35916,-0.0,2.7776306,3.9299433,0.0,2,0,0,0
379243254,36.20484099648557,138.2529154623072,51.91064,85.366104,-0.0,2.7880762,3.9304163,0.0,2,0,0,0
379443209,36.20484268691609,138.25291649572682,51.896873,85.37233,-0.0,2.79951,3.9305997,0.0,2,0,0,0
379653156,36.20484457358344,138.25291788247168,51.87009,85.36574,-0.0,2.812573,3.9308436,0.0,2,0,0,0
379853108,36.20484630487285,138.2529188761844,51.853825,85.3696,-0.0,2.824671,3.9310017,0.0,2,0,0,0
380053060,36.20484798505007,138.2529189564171,51.843803,85.37957,-0.0,2.8373735,3.931468,0.0,2,0,0,0
380243019,36.204849857947806,138.25291815371324,51.827873,85.38333,-0.0,2.8501601,3.9315417,0.0,2,0,0,0
380442967,36.204852268461096,138.25291685448954,51.801556,85.37721,-0.0,2.8628705,3.9316688,0.0,2,0,0,0
380642919,36.204855041541514,138.25291584732878,51.7722,85.36777,-0.0,2.8760412,3.9321206,0.0,2,0,0,0
380842871,36.20485807490454,138.25291598170094,51.75054,85.36569,-0.0,2.8894165,3.9322283,0.0,2,0,0,0
381052821,36.2048612281941,138.2529173041849,51.73228,85.36749,-0.0,2.9039118,3.9323993,0.0,2,0,0,0
381252774,36.204864125086196,138.25291875769983,51.70935,85.36431,-0.0,2.917218,3.9324818,0.0,2,0,0,0
381452725,36.20486686979513,138.25291981894455,51.694534,85.36972,-0.0,2.9306178,3.9325538,0.0,2,0,0,0
381652679,36.20486964379321,138.25291992034093,51.6928,85.38837,-0.0,2.9439063,3.9329753,0.0,2,0,0,0
381852630,36.20487263720222,138.25291877115018,51.701756,85.41733,-0.0,2.9572442,3.933025,0.0,2,0,0,0
382042584,36.20487576196187,138.25291655989494,51.71095,85.446304,-0.0,2.9693747,3.9329863,0.0,2,0,0,0
382242536,36.20487917522542,138.25291367688152,51.700466,85.455765,-0.0,2.9828563,3.9333882,0.0,2,0,0,0
382452486,36.204883050767606,138.2529112880118,51.608723,85.38388,-0.0,2.997399,3.9334817,0.0,2,0,0,0
382652438,36.2048871312905,138.25291051733456,51.523296,85.318756,-0.0,3.0103757,3.9334872,0.0,2,0,0,0
382852389,36.20489087715449,138.2529112359851,51.46794,85.283295,-0.0,3.0233557,3.9334843,0.0,2,0,0,0
383052342,36.20489405599379,138.25291317133713,51.433582,85.26915,-0.0,3.0362546,3.9338667,0.0,2,0,0,0
383252293,36.20489693368292,138.25291562005972,51.42448,85.280045,-0.0,3.0489757,3.9338555,0.0,2,0,0,0
383442248,36.20489946312777,138.2529176154491,51.41884,85.2944,-0.0,3.059413,3.9337606,0.0,2,0,0,0
383642251,36.20490215882146,138.25291868878833,51.35004,85.245605,-0.0,3.070401,3.9341366,0.0,2,0,0,0
383852149,36.20490551084804,138.25291833887644,51.284714,85.200165,-0.0,3.0837793,3.934197,0.0,2,0,0,0
384052150,36.204909790785514,138.2529167022809,51.289036,85.22461,-0.0,3.0958169,3.9341774,0.0,2,0,0,0
384252052,36.204914250051104,138.2529139988393,51.32468,85.28084,-0.0,3.1076055,3.934155,0.0,2,0,0,0
384452004,36.2049184569159,138.2529106122147,51.334446,85.3106,-0.0,3.1191068,3.934134,0.0,2,0,0,0
384651956,36.20492199635821,138.25290711254462,51.334164,85.32973,-0.0,3.129485,3.9345248,0.0,2,0,0,0
384851907,36.20492482845402,138.25290422358788,51.313137,85.3288,-0.0,3.1399143,3.9345152,0.0,2,0,0,0
385041861,36.20492800974616,138.25290332277623,51.24584,85.281296,-0.0,3.1482954,3.9344347,0.0,2,0,0,0
385251811,36.20493154136677,138.2529042074345,51.188786,85.24425,-0.0,3.1595335,3.9349673,0.0,2,0,0,0
385451781,36.20493439208265,138.25290610079745,51.159405,85.23506,-0.0,3.1687222,3.935013,0.0,2,0,0,0
385651727,36.204937057089396,138.25290840492622,51.16522,85.26138,-0.0,3.1776633,3.9350789,0.0,2,0,0,0
385851666,36.204939581740064,138.25291059808643,51.181084,85.296936,-0.0,3.185458,3.9351609,0.0,2,0,0,0
386051619,36.20494170611223,138.25291232125434,51.20218,85.3378,-0.0,3.1921678,3.9357073,0.0,2,0,0,0
386251569,36.20494299722489,138.25291292333077,51.214687,85.37013,-0.0,3.1923144,3.9358046,0.0,2,0,0,0
386441523,36.20494336030664,138.25291195430822,51.240414,85.41559,-0.0,3.1830592,3.9357855,0.0,2,0,0,0
386651472,36.2049433816709,138.25290888963295,51.272224,85.4581,-0.0,3.1745317,3.9359627,0.0,2,0,0,0
386851423,36.204943187685224,138.25290506526667,51.290947,85.46982,-0.0,3.1656742,3.9365237,0.0,2,0,0,0
387051373,36.20494311155907,138.25290143237925,51.306698,85.46913,-0.0,3.162838,3.9366426,0.0,2,0,0,0
387251326,36.204943797069156,138.25289829880126,51.32037,85.46281,-0.0,3.1647394,3.9367948,0.0,2,0,0,0
387451278,36.204944790959495,138.2528960026715,51.337204,85.459656,-0.0,3.1661222,3.9369545,0.0,2,0,0,0
387651232,36.204944903012645,138.25289518235832,51.359016,85.46144,-0.0,3.1649451,3.9376225,0.0,2,0,0,0
387851180,36.20494382577495,138.25289752328118,51.3845,85.4668,-0.0,3.1676242,3.937814,0.0,2,0,0,0
388051131,36.204942659889696,138.2529023745653,51.392757,85.45476,-0.0,3.167394,3.9380198,0.0,2,0,0,0
388251083,36.20494181542939,138.25290576608592,51.440517,85.48282,-0.0,3.1665418,3.9389157,0.0,2,0,0,0
388451034,36.20494142162635,138.25290756668983,51.559498,85.5818,-0.0,3.1636229,3.9393942,0.0,2,0,0,0
388650986,36.204940833331705,138.25290813813376,51.591557,85.59404,-0.0,3.1569495,3.9399145,0.0,2,0,0,0
388850937,36.204941223935734,138.25290730391598,51.64316,85.62576,-0.0,3.1510637,3.9404638,0.0,2,0,0,0
389050888,36.20494281256202,138.2529068018551,51.639782,85.60269,-0.0,3.1487608,3.9418173,0.0,2,0,0,0
389250865,36.204944446026865,138.25290867373567,51.619926,85.562416,-0.0,3.1491592,3.9426343,0.0,2,0,0,0
389450790,36.204946136731884,138.25290992821564,51.662983,85.58984,-0.0,3.1502795,3.9435318,0.0,2,0,0,0
389650754,36.20494906176388,138.25291019291097,51.66717,85.57438,-0.0,3.1499007,3.9452398,0.0,2,0,0,0
389850692,36.20495135060949,138.2529111884535,51.67595,85.56293,-0.0,3.1452267,3.945972,0.0,2,0,0,0
390050643,36.204952467025414,138.25291265475093,51.6723,85.539764,-0.0,3.1390307,3.9465394,0.0,2,0,0,0
390250594,36.20495265790619,138.25291420332914,51.652912,85.50032,-0.0,3.1301548,3.947785,0.0,2,0,0,0
390450545,36.20495159801002,138.25291592858244,51.640434,85.46745,-0.0,3.1237898,3.948062,0.0,2,0,0,0
390650497,36.20495046562442,138.25291753118304,51.63167,85.43866,-0.0,3.1216052,3.9483995,0.0,2,0,0,0
390850451,36.20494978917085,138.25291834827064,51.637646,85.42505,-0.0,3.1216102,3.9486995,0.0,2,0,0,0
391050399,36.20494952309041,138.252918671501,51.652283,85.419685,-0.0,3.122094,3.9499433,0.0,2,0,0,0
391250349,36.20494941212638,138.25291867886486,51.667957,85.41536,-0.0,3.1180973,3.9498048,0.0,2,0,0,0
391445302,36.20494897056874,138.2529185570657,51.68311,85.41051,-0.0,3.1109788,3.9502976,0.0,2,0,0,0
391645252,36.20494820721714,138.25291808662627,51.696472,85.40405,-0.0,3.1083775,3.9500334,0.0,2,0,0,0
391845203,36.20494750258094,138.2529173317854,51.711826,85.39953,-0.0,3.1050282,3.949657,0.0,2,0,0,0
392045154,36.20494667634572,138.25291652410797,51.72375,85.39115,-0.0,3.1015697,3.9492223,0.0,2,0,0,0
392245118,36.204945621475495,138.25291583475442,51.73954,85.38695,-0.0,3.1010623,3.9499047,0.0,2,0,0,0
392445057,36.20494408458325,138.25291525044906,51.752556,85.37996,-0.0,3.1011837,3.9495053,0.0,2,0,0,0
392645006,36.204942192645525,138.25291469452884,51.76331,85.37071,-0.0,3.100174,3.9490297,0.0,2,0,0,0
392844989,36.20494052586067,138.2529141369148,51.775208,85.36261,-0.0,3.0969143,3.9494648,0.0,2,0,0,0
393044907,36.20493930891845,138.25291351518766,51.784245,85.351326,-0.0,3.0926359,3.948811,0.0,2,0,0,0
393244858,36.20493807815074,138.2529130141129,51.796112,85.343216,-0.0,3.092106,3.9483056,0.0,2,0,0,0
393444809,36.20493653995483,138.25291265331475,51.808796,85.3359,-0.0,3.0915513,3.9478037,0.0,2,0,0,0
393644760,36.204934856625705,138.25291224710406,51.822342,85.329445,-0.0,3.0907912,3.9482682,0.0,2,0,0,0
393844710,36.204933094331835,138.25291186848034,51.834034,85.32114,-0.0,3.090039,3.9477537,0.0,2,0,0,0
394044661,36.20493133042557,138.25291153643113,51.84483,85.31199,-0.0,3.0886037,3.947235,0.0,2,0,0,0
394244611,36.204929618313386,138.25291125579065,51.853794,85.3006,-0.0,3.0860782,3.946704,0.0,2,0,0,0
394444562,36.20492815813879,138.25291107203626,51.857323,85.28432,-0.0,3.080059,3.9469864,0.0,2,0,0,0
394644512,36.20492711460681,138.2529110879277,51.85722,85.26431,-0.0,3.0780857,3.9465055,51.711376,2,0,1,0
394784480,36.204926493961224,138.25291111477745,51.856625,85.24403,-0.0,3.07039,3.9459229,51.705585,2,0,1,0
395054416,36.204925764109774,138.25291023230855,51.857193,85.2247,-0.0,3.0735846,3.9457102,51.7182,2,0,1,0
