timestamp,voltage_v,voltage_filtered_v,current_a,current_filtered_a,average_current_a,discharged_mah,remaining,scale,temperature,cell_count,voltage_cell_v[0],voltage_cell_v[1],voltage_cell_v[2],voltage_cell_v[3],voltage_cell_v[4],voltage_cell_v[5],voltage_cell_v[6],voltage_cell_v[7],voltage_cell_v[8],voltage_cell_v[9],max_cell_voltage_delta,capacity,cycle_count,run_time_to_empty,average_time_to_empty,serial_number,state_of_health,max_error,connected,source,priority,id,is_powering_off,warning
258842134,14.976247,15.084149,0.52739996,0.19135526,0.0,14.7593155,0.41744167,1.1004056,nan,4,3.7710373,3.7710373,3.7710373,3.7710373,0.0,0.0,0.0,0.0,0.0,0.0,0.0,0,0,0,0,0,0,0,1,0,0,1,0,0
258852102,14.9470825,15.082792,0.0,0.18760319,0.0,14.7593155,0.41692,1.1005044,nan,4,3.770698,3.770698,3.770698,3.770698,0.0,0.0,0.0,0.0,0.0,0.0,0.0,0,0,0,0,0,0,0,1,0,0,1,0,0
259152102,14.976247,15.058337,2.1682,1.9840734,0.0,15.125644,0.40751392,1.1022916,nan,4,3.7645843,3.7645843,3.7645843,3.7645843,0.0,0.0,0.0,0.0,0.0,0.0,0.0,0,0,0,0,0,0,0,1,0,0,1,0,0
259452156,15.04916,15.020738,1.2892,1.7261746,0.0,15.244727,0.39305288,1.1050506,nan,4,3.7551844,3.7551844,3.7551844,3.7551844,0.0,0.0,0.0,0.0,0.0,0.0,0.0,0,0,0,0,0,0,0,1,0,0,1,0,0
259742105,14.961665,15.011559,1.3185,1.5873218,0.0,15.358817,0.38952237,1.1057262,nan,4,3.7528896,3.7528896,3.7528896,3.7528896,0.0,0.0,0.0,0.0,0.0,0.0,0.0,0,0,0,0,0,0,0,1,0,0,1,0,0
260052101,15.092908,14.986773,2.9593,1.718364,0.0,15.513364,0.38241082,1.1070898,nan,4,3.7466931,3.7466931,3.7466931,3.7466931,0.0,0.0,0.0,0.0,0.0,0.0,0.0,0,0,0,0,0,0,0,1,0,0,1,0,0
260352102,14.830422,14.964067,5.0396,2.6489017,0.0,15.820854,0.3819111,1.1071857,nan,4,3.7410169,3.7410169,3.7410169,3.7410169,0.0,0.0,0.0,0.0,0.0,0.0,0.0,0,0,0,0,0,0,0,1,0,0,1,0,0
260652100,14.451278,14.932359,8.8779,4.4426146,0.0,16.359901,0.38426906,1.1067331,nan,4,3.7330897,3.7330897,3.7330897,3.7330897,0.0,0.0,0.0,0.0,0.0,0.0,0.0,0,0,0,0,0,0,0,1,0,0,1,0,0
260952146,15.019996,14.893979,12.569699,7.3437943,0.0,17.252012,0.39035589,1.1055666,nan,4,3.7234948,3.7234948,3.7234948,3.7234948,0.0,0.0,0.0,0.0,0.0,0.0,0.0,0,0,0,0,0,0,0,1,0,0,1,0,0
261252100,15.326228,14.804967,14.7671995,10.102298,0.0,18.383774,0.37923127,1.1077005,nan,4,3.7012417,3.7012417,3.7012417,3.7012417,0.0,0.0,0.0,0.0,0.0,0.0,0.0,0,0,0,0,0,0,0,1,0,0,1,0,0
261552160,14.728345,14.758317,9.9913,10.872039,0.0,19.366241,0.3770998,1.1081102,nan,4,3.6895792,3.6895792,3.6895792,3.6895792,0.0,0.0,0.0,0.0,0.0,0.0,0.0,0,0,0,0,0,0,0,1,0,0,1,0,0
261842130,14.670015,14.739975,14.4156,11.743171,0.0,20.390062,0.381903,1.1071873,nan,4,3.6849937,3.6849937,3.6849937,3.6849937,0.0,0.0,0.0,0.0,0.0,0.0,0.0,0,0,0,0,0,0,0,1,0,0,1,0,0
262152129,14.086715,14.694996,8.4677,11.748472,0.0,21.420809,0.37311202,1.1088777,nan,4,3.673749,3.673749,3.673749,3.673749,0.0,0.0,0.0,0.0,0.0,0.0,0.0,0,0,0,0,0,0,0,1,0,0,1,0,0
262452133,14.64085,14.742261,6.6510997,9.799497,0.0,22.05287,0.3907612,1.105489,nan,4,3.6855652,3.6855652,3.6855652,3.6855652,0.0,0.0,0.0,0.0,0.0,0.0,0.0,0,0,0,0,0,0,0,1,0,0,1,0,0
262753137,14.261704,14.740425,9.9913,9.871297,0.0,22.873154,0.3913377,1.1053787,nan,4,3.6851063,3.6851063,3.6851063,3.6851063,0.0,0.0,0.0,0.0,0.0,0.0,0.0,0,0,0,0,0,0,0,1,0,0,1,0,0
263052918,14.58252,14.663707,16.0857,13.474674,0.0,24.319433,0.37574607,1.1083707,nan,4,3.6659267,3.6659267,3.6659267,3.6659267,0.0,0.0,0.0,0.0,0.0,0.0,0.0,0,0,0,0,0,0,0,1,0,0,1,0,0
263352868,14.801258,14.677437,8.2626,11.422634,0.0,25.080973,0.38126975,1.1073089,nan,4,3.6693592,3.6693592,3.6693592,3.6693592,0.0,0.0,0.0,0.0,0.0,0.0,0.0,0,0,0,0,0,0,0,1,0,0,1,0,0
263652999,14.407529,14.672569,13.8882,11.834562,0.0,26.085644,0.38029224,1.1074966,nan,4,3.6681423,3.6681423,3.6681423,3.6681423,0.0,0.0,0.0,0.0,0.0,0.0,0.0,0,0,0,0,0,0,0,1,0,0,1,0,0
263943487,14.9325,14.683642,11.6907,12.068638,0.0,27.097532,0.38719064,1.1061729,nan,4,3.6709106,3.6709106,3.6709106,3.6709106,0.0,0.0,0.0,0.0,0.0,0.0,0.0,0,0,0,0,0,0,0,1,0,0,1,0,0
264252618,14.203374,14.6643,12.6869,11.649688,0.0,28.050127,0.381069,1.1073474,nan,4,3.666075,3.666075,3.666075,3.666075,0.0,0.0,0.0,0.0,0.0,0.0,0.0,0,0,0,0,0,0,0,1,0,0,1,0,0
264552749,14.363782,14.689081,11.661401,11.420047,0.0,28.983582,0.39079458,1.1054827,nan,4,3.6722703,3.6722703,3.6722703,3.6722703,0.0,0.0,0.0,0.0,0.0,0.0,0.0,0,0,0,0,0,0,0,1,0,0,1,0,0
264852691,14.888753,14.701389,12.4232,11.424995,0.0,29.943142,0.39585048,1.1045158,nan,4,3.6753473,3.6753473,3.6753473,3.6753473,0.0,0.0,0.0,0.0,0.0,0.0,0.0,0,0,0,0,0,0,0,1,0,0,1,0,0
265152503,14.451278,14.679432,11.0461,11.388757,0.0,30.883953,0.38767368,1.1060803,nan,4,3.669858,3.669858,3.669858,3.669858,0.0,0.0,0.0,0.0,0.0,0.0,0.0,0,0,0,0,0,0,0,1,0,0,1,0,0
265452598,14.538772,14.662999,11.134,11.596488,0.0,31.86622,0.38208514,1.1071522,nan,4,3.6657498,3.6657498,3.6657498,3.6657498,0.0,0.0,0.0,0.0,0.0,0.0,0.0,0,0,0,0,0,0,0,1,0,0,1,0,0
265752424,14.538772,14.641223,11.6321,11.700087,0.0,32.85177,0.37395602,1.1087152,nan,4,3.6603057,3.6603057,3.6603057,3.6603057,0.0,0.0,0.0,0.0,0.0,0.0,0.0,0,0,0,0,0,0,0,1,0,0,1,0,0
266052474,14.713762,14.645136,10.4894,11.487275,0.0,33.791264,0.3747862,1.1085553,nan,4,3.661284,3.661284,3.661284,3.661284,0.0,0.0,0.0,0.0,0.0,0.0,0.0,0,0,0,0,0,0,0,1,0,0,1,0,0
266352469,14.465859,14.630309,10.577299,11.477462,0.0,34.75228,0.3691743,1.1096365,nan,4,3.6575773,3.6575773,3.6575773,3.6575773,0.0,0.0,0.0,0.0,0.0,0.0,0.0,0,0,0,0,0,0,0,1,0,0,1,0,0
266652291,14.495025,14.637954,10.5187,11.374786,0.0,35.683075,0.37275773,1.1089458,nan,4,3.6594884,3.6594884,3.6594884,3.6594884,0.0,0.0,0.0,0.0,0.0,0.0,0.0,0,0,0,0,0,0,0,1,0,0,1,0,0
266952181,14.801258,14.627371,11.309799,11.596837,0.0,36.663227,0.3692482,1.1096222,nan,4,3.6568427,3.6568427,3.6568427,3.6568427,0.0,0.0,0.0,0.0,0.0,0.0,0.0,0,0,0,0,0,0,0,1,0,0,1,0,0
267252292,14.626267,14.643717,10.3429,11.1648655,0.0,37.554993,0.37518913,1.1084778,nan,4,3.6609292,3.6609292,3.6609292,3.6609292,0.0,0.0,0.0,0.0,0.0,0.0,0.0,0,0,0,0,0,0,0,1,0,0,1,0,0
267552117,14.713762,14.640186,11.5149,11.708752,0.0,38.59383,0.37483627,1.1085458,nan,4,3.6600466,3.6600466,3.6600466,3.6600466,0.0,0.0,0.0,0.0,0.0,0.0,0.0,0,0,0,0,0,0,0,1,0,0,1,0,0
267852171,14.159627,14.625888,10.9581995,11.613679,0.0,39.56512,0.36955005,1.1095641,nan,4,3.656472,3.656472,3.656472,3.656472,0.0,0.0,0.0,0.0,0.0,0.0,0.0,0,0,0,0,0,0,0,1,0,0,1,0,0
268152151,15.136655,14.617091,14.2984,12.113321,0.0,40.624485,0.36660653,1.110132,nan,4,3.6542728,3.6542728,3.6542728,3.6542728,0.0,0.0,0.0,0.0,0.0,0.0,0.0,0,0,0,0,0,0,0,1,0,0,1,0,0
268452144,14.611684,14.587757,11.7786,11.995473,0.0,41.618546,0.35568553,1.112244,nan,4,3.6469393,3.6469393,3.6469393,3.6469393,0.0,0.0,0.0,0.0,0.0,0.0,0.0,0,0,0,0,0,0,0,1,0,0,1,0,0
268752100,14.64085,14.609934,14.386299,11.868176,0.0,42.583267,0.36444932,1.1105486,nan,4,3.6524835,3.6524835,3.6524835,3.6524835,0.0,0.0,0.0,0.0,0.0,0.0,0.0,0,0,0,0,0,0,0,1,0,0,1,0,0
269042138,14.64085,14.6097555,9.932699,11.876705,0.0,43.561035,0.36493522,1.1104547,nan,4,3.6524389,3.6524389,3.6524389,3.6524389,0.0,0.0,0.0,0.0,0.0,0.0,0.0,0,0,0,0,0,0,0,1,0,0,1,0,0
269352151,14.028383,14.601059,10.4307995,11.52381,0.0,44.51862,0.36122257,1.1111722,nan,4,3.6502647,3.6502647,3.6502647,3.6502647,0.0,0.0,0.0,0.0,0.0,0.0,0.0,0,0,0,0,0,0,0,1,0,0,1,0,0
269652100,14.9325,14.623636,11.2805,11.872083,0.0,45.550564,0.36958486,1.1095574,nan,4,3.655909,3.655909,3.655909,3.655909,0.0,0.0,0.0,0.0,0.0,0.0,0.0,0,0,0,0,0,0,0,1,0,0,1,0,0
269952228,14.9325,14.63337,10.196401,11.448324,0.0,46.461952,0.37253934,1.108988,nan,4,3.6583426,3.6583426,3.6583426,3.6583426,0.0,0.0,0.0,0.0,0.0,0.0,0.0,0,0,0,0,0,0,0,1,0,0,1,0,0
270242210,14.509607,14.625743,12.2474,11.384366,0.0,47.3702,0.36978465,1.1095189,nan,4,3.6564357,3.6564357,3.6564357,3.6564357,0.0,0.0,0.0,0.0,0.0,0.0,0.0,0,0,0,0,0,0,0,1,0,0,1,0,0
270552336,14.480442,14.618844,11.134,11.310045,0.0,48.34432,0.36680347,1.110094,nan,4,3.654711,3.654711,3.654711,3.654711,0.0,0.0,0.0,0.0,0.0,0.0,0.0,0,0,0,0,0,0,0,1,0,0,1,0,0
270852203,14.363782,14.624886,10.137799,10.9743595,0.0,49.223724,0.36856252,1.1097546,nan,4,3.6562214,3.6562214,3.6562214,3.6562214,0.0,0.0,0.0,0.0,0.0,0.0,0.0,0,0,0,0,0,0,0,1,0,0,1,0,0
271142117,14.232539,14.616139,10.8996,11.106625,0.0,50.1246,0.36507398,1.110428,nan,4,3.6540349,3.6540349,3.6540349,3.6540349,0.0,0.0,0.0,0.0,0.0,0.0,0.0,0,0,0,0,0,0,0,1,0,0,1,0,0
271452103,14.713762,14.641549,11.0461,11.219663,0.0,51.103504,0.3746403,1.1085835,nan,4,3.6603873,3.6603873,3.6603873,3.6603873,0.0,0.0,0.0,0.0,0.0,0.0,0.0,0,0,0,0,0,0,0,1,0,0,1,0,0
271752107,14.742928,14.640956,13.1264,11.450072,0.0,52.075153,0.3748725,1.1085387,nan,4,3.660239,3.660239,3.660239,3.660239,0.0,0.0,0.0,0.0,0.0,0.0,0.0,0,0,0,0,0,0,0,1,0,0,1,0,0
272052149,14.772092,14.637154,12.2767,11.415132,0.0,53.012802,0.37385112,1.1087353,nan,4,3.6592884,3.6592884,3.6592884,3.6592884,0.0,0.0,0.0,0.0,0.0,0.0,0.0,0,0,0,0,0,0,0,1,0,0,1,0,0
272342103,14.772092,14.631695,9.962,11.073321,0.0,53.873383,0.3711427,1.1092571,nan,4,3.6579237,3.6579237,3.6579237,3.6579237,0.0,0.0,0.0,0.0,0.0,0.0,0.0,0,0,0,0,0,0,0,1,0,0,1,0,0
272652100,14.670015,14.62399,9.5810995,11.362379,0.0,54.88951,0.36906368,1.1096579,nan,4,3.6559975,3.6559975,3.6559975,3.6559975,0.0,0.0,0.0,0.0,0.0,0.0,0.0,0,0,0,0,0,0,0,1,0,0,1,0,0
272952159,14.29087,14.641959,10.841001,11.167454,0.0,55.7916,0.37510663,1.1084937,nan,4,3.6604898,3.6604898,3.6604898,3.6604898,0.0,0.0,0.0,0.0,0.0,0.0,0.0,0,0,0,0,0,0,0,1,0,0,1,0,0
273252113,14.859588,14.667176,10.3136,11.589348,0.0,56.809544,0.38480216,1.1066309,nan,4,3.666794,3.666794,3.666794,3.666794,0.0,0.0,0.0,0.0,0.0,0.0,0.0,0,0,0,0,0,0,0,1,0,0,1,0,0
273552105,14.888753,14.669197,11.309799,11.343795,0.0,57.725677,0.385166,1.1065611,nan,4,3.6672993,3.6672993,3.6672993,3.6672993,0.0,0.0,0.0,0.0,0.0,0.0,0.0,0,0,0,0,0,0,0,1,0,0,1,0,0
273852100,14.626267,14.655942,10.577299,11.205518,0.0,58.64437,0.37966377,1.1076173,nan,4,3.6639855,3.6639855,3.6639855,3.6639855,0.0,0.0,0.0,0.0,0.0,0.0,0.0,0,0,0,0,0,0,0,1,0,0,1,0,0
274152101,14.480442,14.650893,11.5149,11.247174,0.0,59.587025,0.377281,1.1080754,nan,4,3.6627233,3.6627233,3.6627233,3.6627233,0.0,0.0,0.0,0.0,0.0,0.0,0.0,0,0,0,0,0,0,0,1,0,0,1,0,0
274442099,14.742928,14.66475,11.5442,11.053781,0.0,60.455906,0.38270885,1.1070325,nan,4,3.6661875,3.6661875,3.6661875,3.6661875,0.0,0.0,0.0,0.0,0.0,0.0,0.0,0,0,0,0,0,0,0,1,0,0,1,0,0
274752156,14.670015,14.653338,10.841001,11.219622,0.0,61.4437,0.37896138,1.1077523,nan,4,3.6633346,3.6633346,3.6633346,3.6633346,0.0,0.0,0.0,0.0,0.0,0.0,0.0,0,0,0,0,0,0,0,1,0,0,1,0,0
275052098,14.58252,14.627771,11.9544,11.224288,0.0,62.374542,0.36921912,1.109628,nan,4,3.6569428,3.6569428,3.6569428,3.6569428,0.0,0.0,0.0,0.0,0.0,0.0,0.0,0,0,0,0,0,0,0,1,0,0,1,0,0
275352100,14.553354,14.646261,10.0792,11.233144,0.0,63.31663,0.37634307,1.1082557,nan,4,3.6615653,3.6615653,3.6615653,3.6615653,0.0,0.0,0.0,0.0,0.0,0.0,0.0,0,0,0,0,0,0,0,1,0,0,1,0,0
275652103,14.69918,14.644659,10.870299,11.214289,0.0,64.24394,0.37584525,1.1083516,nan,4,3.6611648,3.6611648,3.6611648,3.6611648,0.0,0.0,0.0,0.0,0.0,0.0,0.0,0,0,0,0,0,0,0,1,0,0,1,0,0
275952131,14.407529,14.647971,11.72,11.156254,0.0,65.1662,0.37727815,1.1080759,nan,4,3.6619928,3.6619928,3.6619928,3.6619928,0.0,0.0,0.0,0.0,0.0,0.0,0.0,0,0,0,0,0,0,0,1,0,0,1,0,0
276252151,14.567937,14.634644,10.9581995,11.367465,0.0,66.14314,0.37251073,1.1089935,nan,4,3.658661,3.658661,3.658661,3.658661,0.0,0.0,0.0,0.0,0.0,0.0,0.0,0,0,0,0,0,0,0,1,0,0,1,0,0
276542103,14.320034,14.635197,11.7786,11.321664,0.0,67.05051,0.37309295,1.1088814,nan,4,3.6587992,3.6587992,3.6587992,3.6587992,0.0,0.0,0.0,0.0,0.0,0.0,0.0,0,0,0,0,0,0,0,1,0,0,1,0,0
276852197,13.984636,14.615927,12.745501,11.696236,0.0,68.0887,0.3659714,1.1102546,nan,4,3.6539817,3.6539817,3.6539817,3.6539817,0.0,0.0,0.0,0.0,0.0,0.0,0.0,0,0,0,0,0,0,0,1,0,0,1,0,0
277152226,14.538772,14.590547,12.5404005,11.604353,0.0,69.04692,0.35587674,1.1122069,nan,4,3.6476367,3.6476367,3.6476367,3.6476367,0.0,0.0,0.0,0.0,0.0,0.0,0.0,0,0,0,0,0,0,0,1,0,0,1,0,0
277452326,14.028383,14.58018,12.1888,12.041929,0.0,70.088745,0.3528512,1.1127934,nan,4,3.645045,3.645045,3.645045,3.645045,0.0,0.0,0.0,0.0,0.0,0.0,0.0,0,0,0,0,0,0,0,1,0,0,1,0,0
277752230,14.451278,14.5889845,12.306,11.870507,0.0,71.067375,0.35609895,1.1121639,nan,4,3.6472461,3.6472461,3.6472461,3.6472461,0.0,0.0,0.0,0.0,0.0,0.0,0.0,0,0,0,0,0,0,0,1,0,0,1,0,0
278052101,14.64085,14.579813,9.9034,11.865007,0.0,72.06744,0.35293704,1.1127768,nan,4,3.6449533,3.6449533,3.6449533,3.6449533,0.0,0.0,0.0,0.0,0.0,0.0,0.0,0,0,0,0,0,0,0,1,0,0,1,0,0
278352104,14.392946,14.570848,12.599,11.952874,0.0,73.07086,0.34966928,1.113411,nan,4,3.642712,3.642712,3.642712,3.642712,0.0,0.0,0.0,0.0,0.0,0.0,0.0,0,0,0,0,0,0,0,1,0,0,1,0,0
278642107,14.9470825,14.584738,11.0754,11.731848,0.0,74.00064,0.3550604,1.1123652,nan,4,3.6461844,3.6461844,3.6461844,3.6461844,0.0,0.0,0.0,0.0,0.0,0.0,0.0,0,0,0,0,0,0,0,1,0,0,1,0,0
278952129,14.976247,14.58393,12.2767,11.785525,0.0,75.01961,0.35435325,1.1125022,nan,4,3.6459825,3.6459825,3.6459825,3.6459825,0.0,0.0,0.0,0.0,0.0,0.0,0.0,0,0,0,0,0,0,0,1,0,0,1,0,0
279252099,14.859588,14.5409,15.1481,11.426413,0.0,75.91161,0.33669406,1.115936,nan,4,3.635225,3.635225,3.635225,3.635225,0.0,0.0,0.0,0.0,0.0,0.0,0.0,0,0,0,0,0,0,0,1,0,0,1,0,0
279552105,14.553354,14.568781,11.1633,11.459684,0.0,76.869705,0.3479336,1.1137481,nan,4,3.6421952,3.6421952,3.6421952,3.6421952,0.0,0.0,0.0,0.0,0.0,0.0,0.0,0,0,0,0,0,0,0,1,0,0,1,0,0
279852114,14.567937,14.583284,12.3646,11.292156,0.0,77.79041,0.3526681,1.112829,nan,4,3.645821,3.645821,3.645821,3.645821,0.0,0.0,0.0,0.0,0.0,0.0,0.0,0,0,0,0,0,0,0,1,0,0,1,0,0
280152099,14.495025,14.584777,11.2512,12.010268,0.0,78.87333,0.35415918,1.1125399,nan,4,3.6461942,3.6461942,3.6461942,3.6461942,0.0,0.0,0.0,0.0,0.0,0.0,0.0,0,0,0,0,0,0,0,1,0,0,1,0,0
280452101,14.567937,14.594359,11.8372,11.811741,0.0,79.83855,0.35746747,1.1118989,nan,4,3.6485898,3.6485898,3.6485898,3.6485898,0.0,0.0,0.0,0.0,0.0,0.0,0.0,0,0,0,0,0,0,0,1,0,0,1,0,0
280742099,14.801258,14.576085,10.870299,11.505501,0.0,80.737,0.3502429,1.1132996,nan,4,3.6440213,3.6440213,3.6440213,3.6440213,0.0,0.0,0.0,0.0,0.0,0.0,0.0,0,0,0,0,0,0,0,1,0,0,1,0,0
281052103,13.8971405,14.541417,13.2436,11.97481,0.0,81.786934,0.3369344,1.1158892,nan,4,3.6353543,3.6353543,3.6353543,3.6353543,0.0,0.0,0.0,0.0,0.0,0.0,0.0,0,0,0,0,0,0,0,1,0,0,1,0,0
281352105,14.553354,14.542707,8.5849,11.550299,0.0,82.73086,0.3381446,1.1156532,nan,4,3.6356769,3.6356769,3.6356769,3.6356769,0.0,0.0,0.0,0.0,0.0,0.0,0.0,0,0,0,0,0,0,0,1,0,0,1,0,0
281652155,14.597102,14.547781,11.6321,11.613253,0.0,83.69161,0.33960134,1.1153693,nan,4,3.6369452,3.6369452,3.6369452,3.6369452,0.0,0.0,0.0,0.0,0.0,0.0,0.0,0,0,0,0,0,0,0,1,0,0,1,0,0
281952103,14.203374,14.572319,11.4563,11.635574,0.0,84.6604,0.3490365,1.1135339,nan,4,3.6430798,3.6430798,3.6430798,3.6430798,0.0,0.0,0.0,0.0,0.0,0.0,0.0,0,0,0,0,0,0,0,1,0,0,1,0,0
282252102,14.101296,14.580039,12.569699,11.756787,0.0,85.650856,0.35184032,1.1129895,nan,4,3.6450098,3.6450098,3.6450098,3.6450098,0.0,0.0,0.0,0.0,0.0,0.0,0.0,0,0,0,0,0,0,0,1,0,0,1,0,0
282552100,14.276287,14.595468,9.376,11.632818,0.0,86.605774,0.35799962,1.1117958,nan,4,3.648867,3.648867,3.648867,3.648867,0.0,0.0,0.0,0.0,0.0,0.0,0.0,0,0,0,0,0,0,0,1,0,0,1,0,0
282842162,14.830422,14.585447,10.6359005,11.275043,0.0,87.47223,0.35412532,1.1125464,nan,4,3.6463618,3.6463618,3.6463618,3.6463618,0.0,0.0,0.0,0.0,0.0,0.0,0.0,0,0,0,0,0,0,0,1,0,0,1,0,0
283152190,14.436695,14.582723,11.427,11.273951,0.0,88.443085,0.35384113,1.1126015,nan,4,3.6456807,3.6456807,3.6456807,3.6456807,0.0,0.0,0.0,0.0,0.0,0.0,0.0,0,0,0,0,0,0,0,1,0,0,1,0,0
283452114,14.509607,14.575665,12.3939,11.254662,0.0,89.37858,0.35121232,1.1131115,nan,4,3.6439164,3.6439164,3.6439164,3.6439164,0.0,0.0,0.0,0.0,0.0,0.0,0.0,0,0,0,0,0,0,0,1,0,0,1,0,0
283752101,14.655433,14.552677,11.6321,11.484333,0.0,90.35968,0.34246856,1.114811,nan,4,3.6381693,3.6381693,3.6381693,3.6381693,0.0,0.0,0.0,0.0,0.0,0.0,0.0,0,0,0,0,0,0,0,1,0,0,1,0,0
284052289,14.626267,14.563753,10.870299,11.364264,0.0,91.28843,0.3460968,1.1141051,nan,4,3.6409383,3.6409383,3.6409383,3.6409383,0.0,0.0,0.0,0.0,0.0,0.0,0.0,0,0,0,0,0,0,0,1,0,0,1,0,0
284352338,14.888753,14.575696,11.9251,11.495771,0.0,92.26123,0.3507493,1.1132013,nan,4,3.643924,3.643924,3.643924,3.643924,0.0,0.0,0.0,0.0,0.0,0.0,0.0,0,0,0,0,0,0,0,1,0,0,1,0,0
284652317,14.597102,14.610061,10.841001,11.857169,0.0,93.28202,0.3636263,1.1107075,nan,4,3.6525152,3.6525152,3.6525152,3.6525152,0.0,0.0,0.0,0.0,0.0,0.0,0.0,0,0,0,0,0,0,0,1,0,0,1,0,0
284942208,14.801258,14.603996,12.3939,11.57845,0.0,94.17945,0.3611663,1.111183,nan,4,3.650999,3.650999,3.650999,3.650999,0.0,0.0,0.0,0.0,0.0,0.0,0.0,0,0,0,0,0,0,0,1,0,0,1,0,0
285252103,14.728345,14.6024685,13.0385,11.644722,0.0,95.19817,0.36019164,1.1113716,nan,4,3.6506171,3.6506171,3.6506171,3.6506171,0.0,0.0,0.0,0.0,0.0,0.0,0.0,0,0,0,0,0,0,0,1,0,0,1,0,0
285552159,14.757509,14.593032,10.6066,11.567523,0.0,96.149864,0.35666066,1.1120552,nan,4,3.648258,3.648258,3.648258,3.648258,0.0,0.0,0.0,0.0,0.0,0.0,0.0,0,0,0,0,0,0,0,1,0,0,1,0,0
285852143,14.670015,14.577904,11.661401,11.485871,0.0,97.10042,0.35100108,1.1131524,nan,4,3.644476,3.644476,3.644476,3.644476,0.0,0.0,0.0,0.0,0.0,0.0,0.0,0,0,0,0,0,0,0,1,0,0,1,0,0
286152104,14.772092,14.554289,10.8117,11.447107,0.0,98.053955,0.34182054,1.1149371,nan,4,3.6385722,3.6385722,3.6385722,3.6385722,0.0,0.0,0.0,0.0,0.0,0.0,0.0,0,0,0,0,0,0,0,1,0,0,1,0,0
286452108,14.801258,14.563914,12.2767,11.314135,0.0,98.98007,0.3456605,1.1141899,nan,4,3.6409786,3.6409786,3.6409786,3.6409786,0.0,0.0,0.0,0.0,0.0,0.0,0.0,0,0,0,0,0,0,0,1,0,0,1,0,0
286752185,14.611684,14.569737,11.0168,11.554809,0.0,99.97091,0.34874564,1.1135904,nan,4,3.6424344,3.6424344,3.6424344,3.6424344,0.0,0.0,0.0,0.0,0.0,0.0,0.0,0,0,0,0,0,0,0,1,0,0,1,0,0
287042099,14.130462,14.584431,12.1888,11.297578,0.0,100.847115,0.35380632,1.1126083,nan,4,3.6461077,3.6461077,3.6461077,3.6461077,0.0,0.0,0.0,0.0,0.0,0.0,0.0,0,0,0,0,0,0,0,1,0,0,1,0,0
287352100,14.772092,14.573337,11.8079,11.466605,0.0,101.85791,0.34973937,1.1133974,nan,4,3.6433342,3.6433342,3.6433342,3.6433342,0.0,0.0,0.0,0.0,0.0,0.0,0.0,0,0,0,0,0,0,0,1,0,0,1,0,0
287652104,14.363782,14.548839,10.3136,11.514896,0.0,102.83257,0.3398984,1.1153114,nan,4,3.6372097,3.6372097,3.6372097,3.6372097,0.0,0.0,0.0,0.0,0.0,0.0,0.0,0,0,0,0,0,0,0,1,0,0,1,0,0
287952126,14.961665,14.5411,10.6945,11.381136,0.0,103.75737,0.33657914,1.1159585,nan,4,3.635275,3.635275,3.635275,3.635275,0.0,0.0,0.0,0.0,0.0,0.0,0.0,0,0,0,0,0,0,0,1,0,0,1,0,0
288252101,14.247121,14.551726,11.5442,11.313644,0.0,104.69881,0.34084636,1.1151267,nan,4,3.6379316,3.6379316,3.6379316,3.6379316,0.0,0.0,0.0,0.0,0.0,0.0,0.0,0,0,0,0,0,0,0,1,0,0,1,0,0
288552158,14.334617,14.556856,9.7276,11.35102,0.0,105.639496,0.34230167,1.1148434,nan,4,3.639214,3.639214,3.639214,3.639214,0.0,0.0,0.0,0.0,0.0,0.0,0.0,0,0,0,0,0,0,0,1,0,0,1,0,0
288852100,14.363782,14.570392,12.5111,11.284532,0.0,106.568985,0.3476408,1.113805,nan,4,3.642598,3.642598,3.642598,3.642598,0.0,0.0,0.0,0.0,0.0,0.0,0.0,0,0,0,0,0,0,0,1,0,0,1,0,0
289142100,14.99083,14.575578,11.1926,11.001067,0.0,107.43341,0.34939796,1.1134636,nan,4,3.6438944,3.6438944,3.6438944,3.6438944,0.0,0.0,0.0,0.0,0.0,0.0,0.0,0,0,0,0,0,0,0,1,0,0,1,0,0
289452101,14.684597,14.579848,11.1926,11.268183,0.0,108.433876,0.35107166,1.1131388,nan,4,3.644962,3.644962,3.644962,3.644962,0.0,0.0,0.0,0.0,0.0,0.0,0.0,0,0,0,0,0,0,0,1,0,0,1,0,0
289752099,14.611684,14.576153,10.8117,11.130789,0.0,109.34673,0.34972173,1.1134008,nan,4,3.6440382,3.6440382,3.6440382,3.6440382,0.0,0.0,0.0,0.0,0.0,0.0,0.0,0,0,0,0,0,0,0,1,0,0,1,0,0
290052155,14.392946,14.581105,11.3391,11.070413,0.0,110.2649,0.35174638,1.1130079,nan,4,3.6452763,3.6452763,3.6452763,3.6452763,0.0,0.0,0.0,0.0,0.0,0.0,0.0,0,0,0,0,0,0,0,1,0,0,1,0,0
290352115,14.888753,14.592488,13.272901,11.466715,0.0,111.248825,0.35625154,1.1121343,nan,4,3.648122,3.648122,3.648122,3.648122,0.0,0.0,0.0,0.0,0.0,0.0,0.0,0,0,0,0,0,0,0,1,0,0,1,0,0
290652101,14.69918,14.587669,9.6397,11.382893,0.0,112.19004,0.35391647,1.1125869,nan,4,3.6469173,3.6469173,3.6469173,3.6469173,0.0,0.0,0.0,0.0,0.0,0.0,0.0,0,0,0,0,0,0,0,1,0,0,1,0,0
290952915,14.4221115,14.611423,13.1557,11.530931,0.0,113.15982,0.36347848,1.1107361,nan,4,3.6528556,3.6528556,3.6528556,3.6528556,0.0,0.0,0.0,0.0,0.0,0.0,0.0,0,0,0,0,0,0,0,1,0,0,1,0,0
291243030,14.174209,14.590718,12.6283,11.4473295,0.0,114.07898,0.35565025,1.1122508,nan,4,3.6476796,3.6476796,3.6476796,3.6476796,0.0,0.0,0.0,0.0,0.0,0.0,0.0,0,0,0,0,0,0,0,1,0,0,1,0,0
291553127,14.4221115,14.563262,16.1736,11.7738905,0.0,115.10613,0.34613687,1.1140972,nan,4,3.6408155,3.6408155,3.6408155,3.6408155,0.0,0.0,0.0,0.0,0.0,0.0,0.0,0,0,0,0,0,0,0,1,0,0,1,0,0
291852809,14.392946,14.554981,9.669,11.742229,0.0,116.11377,0.3433035,1.1146483,nan,4,3.6387453,3.6387453,3.6387453,3.6387453,0.0,0.0,0.0,0.0,0.0,0.0,0.0,0,0,0,0,0,0,0,1,0,0,1,0,0
292152719,14.961665,14.566781,10.665199,11.428385,0.0,117.034454,0.34741622,1.1138487,nan,4,3.6416953,3.6416953,3.6416953,3.6416953,0.0,0.0,0.0,0.0,0.0,0.0,0.0,0,0,0,0,0,0,0,1,0,0,1,0,0
292452744,14.58252,14.589742,11.3391,11.659397,0.0,118.03428,0.3566497,1.1120573,nan,4,3.6474354,3.6474354,3.6474354,3.6474354,0.0,0.0,0.0,0.0,0.0,0.0,0.0,0,0,0,0,0,0,0,1,0,0,1,0,0
292752540,14.276287,14.582466,12.6283,11.472231,0.0,118.97003,0.3538521,1.1125994,nan,4,3.6456165,3.6456165,3.6456165,3.6456165,0.0,0.0,0.0,0.0,0.0,0.0,0.0,0,0,0,0,0,0,0,1,0,0,1,0,0
293052593,14.378365,14.573121,10.577299,11.37045,0.0,119.91221,0.35032254,1.1132841,nan,4,3.6432803,3.6432803,3.6432803,3.6432803,0.0,0.0,0.0,0.0,0.0,0.0,0.0,0,0,0,0,0,0,0,1,0,0,1,0,0
293342745,14.495025,14.535478,11.9544,11.812729,0.0,120.911385,0.3365324,1.1159675,nan,4,3.6338694,3.6338694,3.6338694,3.6338694,0.0,0.0,0.0,0.0,0.0,0.0,0.0,0,0,0,0,0,0,0,1,0,0,1,0,0
293652439,14.407529,14.561061,12.5111,12.0611,0.0,121.96837,0.34699374,1.1139307,nan,4,3.6402652,3.6402652,3.6402652,3.6402652,0.0,0.0,0.0,0.0,0.0,0.0,0.0,0,0,0,0,0,0,0,1,0,0,1,0,0
293952655,14.87417,14.54584,13.6245,11.732527,0.0,122.912415,0.3403924,1.1152152,nan,4,3.63646,3.63646,3.63646,3.63646,0.0,0.0,0.0,0.0,0.0,0.0,0.0,0,0,0,0,0,0,0,1,0,0,1,0,0
294252454,14.349199,14.538298,10.548,12.029286,0.0,123.9496,0.33816606,1.1156491,nan,4,3.6345744,3.6345744,3.6345744,3.6345744,0.0,0.0,0.0,0.0,0.0,0.0,0.0,0,0,0,0,0,0,0,1,0,0,1,0,0
294552237,14.611684,14.545044,10.928901,11.898387,0.0,124.91476,0.3406356,1.1151679,nan,4,3.636261,3.636261,3.636261,3.636261,0.0,0.0,0.0,0.0,0.0,0.0,0.0,0,0,0,0,0,0,0,1,0,0,1,0,0
294852508,14.611684,14.554055,9.756901,11.899569,0.0,125.92235,0.34391052,1.1145302,nan,4,3.6385138,3.6385138,3.6385138,3.6385138,0.0,0.0,0.0,0.0,0.0,0.0,0.0,0,0,0,0,0,0,0,1,0,0,1,0,0
295152343,14.597102,14.521368,13.214299,12.008029,0.0,126.924774,0.3314603,1.1169578,nan,4,3.630342,3.630342,3.630342,3.630342,0.0,0.0,0.0,0.0,0.0,0.0,0.0,0,0,0,0,0,0,0,1,0,0,1,0,0
295442151,14.611684,14.561293,13.2436,11.411087,0.0,127.777794,0.3451994,1.1142796,nan,4,3.6403232,3.6403232,3.6403232,3.6403232,0.0,0.0,0.0,0.0,0.0,0.0,0.0,0,0,0,0,0,0,0,1,0,0,1,0,0
295752100,14.480442,14.555432,12.6576,11.573226,0.0,128.79874,0.3432668,1.1146555,nan,4,3.638858,3.638858,3.638858,3.638858,0.0,0.0,0.0,0.0,0.0,0.0,0.0,0,0,0,0,0,0,0,1,0,0,1,0,0
296052099,14.553354,14.551538,10.6359005,11.449036,0.0,129.74402,0.34170276,1.11496,nan,4,3.6378846,3.6378846,3.6378846,3.6378846,0.0,0.0,0.0,0.0,0.0,0.0,0.0,0,0,0,0,0,0,0,1,0,0,1,0,0
296352118,14.247121,14.516948,10.7238,11.31848,0.0,130.67421,0.32837373,1.1175612,nan,4,3.629237,3.629237,3.629237,3.629237,0.0,0.0,0.0,0.0,0.0,0.0,0.0,0,0,0,0,0,0,0,1,0,0,1,0,0
296652165,14.101296,14.476264,9.844799,11.571988,0.0,131.66241,0.31267768,1.1206402,nan,4,3.619066,3.619066,3.619066,3.619066,0.0,0.0,0.0,0.0,0.0,0.0,0.0,0,0,0,0,0,0,0,1,0,0,1,0,0
296952137,14.772092,14.489285,10.4601,11.409062,0.0,132.58917,0.31805497,1.1195835,nan,4,3.6223214,3.6223214,3.6223214,3.6223214,0.0,0.0,0.0,0.0,0.0,0.0,0.0,0,0,0,0,0,0,0,1,0,0,1,0,0
297252101,14.538772,14.502336,12.3939,11.590373,0.0,133.58183,0.32311898,1.1185901,nan,4,3.625584,3.625584,3.625584,3.625584,0.0,0.0,0.0,0.0,0.0,0.0,0.0,0,0,0,0,0,0,0,1,0,0,1,0,0
297542247,13.357589,14.516055,12.9506,11.554286,0.0,134.51523,0.32836992,1.117562,nan,4,3.6290138,3.6290138,3.6290138,3.6290138,0.0,0.0,0.0,0.0,0.0,0.0,0.0,0,0,0,0,0,0,0,1,0,0,1,0,0
297852203,14.538772,14.508447,11.9837,11.841456,0.0,135.57004,0.32561475,1.1181012,nan,4,3.6271117,3.6271117,3.6271117,3.6271117,0.0,0.0,0.0,0.0,0.0,0.0,0.0,0,0,0,0,0,0,0,1,0,0,1,0,0
298152266,14.757509,14.532069,10.7824,11.997221,0.0,136.59724,0.3344558,1.1163728,nan,4,3.6330173,3.6330173,3.6330173,3.6330173,0.0,0.0,0.0,0.0,0.0,0.0,0.0,0,0,0,0,0,0,0,1,0,0,1,0,0
298452304,14.553354,14.5480175,10.1671,11.549989,0.0,137.5129,0.34043723,1.1152065,nan,4,3.6370044,3.6370044,3.6370044,3.6370044,0.0,0.0,0.0,0.0,0.0,0.0,0.0,0,0,0,0,0,0,0,1,0,0,1,0,0
298752163,13.459665,14.528291,12.4232,11.837567,0.0,138.52286,0.33297235,1.1166624,nan,4,3.6320727,3.6320727,3.6320727,3.6320727,0.0,0.0,0.0,0.0,0.0,0.0,0.0,0,0,0,0,0,0,0,1,0,0,1,0,0
299052101,14.655433,14.52907,12.892,12.304522,0.0,139.60014,0.33340245,1.1165785,nan,4,3.6322675,3.6322675,3.6322675,3.6322675,0.0,0.0,0.0,0.0,0.0,0.0,0.0,0,0,0,0,0,0,0,1,0,0,1,0,0
299352230,14.495025,14.534646,10.8996,11.873707,0.0,140.54887,0.3356231,1.1161449,nan,4,3.6336615,3.6336615,3.6336615,3.6336615,0.0,0.0,0.0,0.0,0.0,0.0,0.0,0,0,0,0,0,0,0,1,0,0,1,0,0
299642111,14.684597,14.543381,10.6066,11.480454,0.0,141.43564,0.33906728,1.1154734,nan,4,3.6358452,3.6358452,3.6358452,3.6358452,0.0,0.0,0.0,0.0,0.0,0.0,0.0,0,0,0,0,0,0,0,1,0,0,1,0,0
299952108,14.509607,14.555473,11.1047,11.549722,0.0,142.43886,0.343674,1.1145762,nan,4,3.6388683,3.6388683,3.6388683,3.6388683,0.0,0.0,0.0,0.0,0.0,0.0,0.0,0,0,0,0,0,0,0,1,0,0,1,0,0
300252105,15.034578,14.569964,11.427,11.586243,0.0,143.41066,0.34935743,1.1134715,nan,4,3.642491,3.642491,3.642491,3.642491,0.0,0.0,0.0,0.0,0.0,0.0,0.0,0,0,0,0,0,0,0,1,0,0,1,0,0
300552103,14.495025,14.575276,12.1888,11.775588,0.0,144.40266,0.35179025,1.1129993,nan,4,3.643819,3.643819,3.643819,3.643819,0.0,0.0,0.0,0.0,0.0,0.0,0.0,0,0,0,0,0,0,0,1,0,0,1,0,0
300852159,15.04916,14.52157,11.8958,12.002999,0.0,145.43515,0.33082324,1.1170824,nan,4,3.6303926,3.6303926,3.6303926,3.6303926,0.0,0.0,0.0,0.0,0.0,0.0,0.0,0,0,0,0,0,0,0,1,0,0,1,0,0
301152100,14.363782,14.537154,10.6359005,11.805562,0.0,146.3921,0.33720523,1.1158364,nan,4,3.6342885,3.6342885,3.6342885,3.6342885,0.0,0.0,0.0,0.0,0.0,0.0,0.0,0,0,0,0,0,0,0,1,0,0,1,0,0
301452104,14.611684,14.534993,11.6321,11.618475,0.0,147.35062,0.33626062,1.1160206,nan,4,3.6337483,3.6337483,3.6337483,3.6337483,0.0,0.0,0.0,0.0,0.0,0.0,0.0,0,0,0,0,0,0,0,1,0,0,1,0,0
301742103,14.495025,14.543092,11.1926,11.738397,0.0,148.31093,0.33922464,1.1154428,nan,4,3.635773,3.635773,3.635773,3.635773,0.0,0.0,0.0,0.0,0.0,0.0,0.0,0,0,0,0,0,0,0,1,0,0,1,0,0
302052101,14.042966,14.522631,11.7786,11.943336,0.0,149.35155,0.33132583,1.1169841,nan,4,3.6306577,3.6306577,3.6306577,3.6306577,0.0,0.0,0.0,0.0,0.0,0.0,0.0,0,0,0,0,0,0,0,1,0,0,1,0,0
302352110,14.815841,14.5258875,11.368401,11.862753,0.0,150.32463,0.33238298,1.1167775,nan,4,3.6314719,3.6314719,3.6314719,3.6314719,0.0,0.0,0.0,0.0,0.0,0.0,0.0,0,0,0,0,0,0,0,1,0,0,1,0,0
302652100,14.670015,14.50175,10.6066,12.082228,0.0,151.34386,0.32315046,1.118584,nan,4,3.6254375,3.6254375,3.6254375,3.6254375,0.0,0.0,0.0,0.0,0.0,0.0,0.0,0,0,0,0,0,0,0,1,0,0,1,0,0
302952105,14.436695,14.501939,10.548,11.903774,0.0,152.3096,0.32329732,1.1185552,nan,4,3.6254847,3.6254847,3.6254847,3.6254847,0.0,0.0,0.0,0.0,0.0,0.0,0.0,0,0,0,0,0,0,0,1,0,0,1,0,0
303252140,14.4221115,14.503787,12.1888,11.947963,0.0,153.30678,0.3241871,1.1183808,nan,4,3.6259468,3.6259468,3.6259468,3.6259468,0.0,0.0,0.0,0.0,0.0,0.0,0.0,0,0,0,0,0,0,0,1,0,0,1,0,0
303552148,14.028383,14.514262,11.427,11.812555,0.0,154.29556,0.32848102,1.1175404,nan,4,3.6285655,3.6285655,3.6285655,3.6285655,0.0,0.0,0.0,0.0,0.0,0.0,0.0,0,0,0,0,0,0,0,1,0,0,1,0,0
303842101,14.670015,14.5191,12.0716,11.666517,0.0,155.22464,0.33033353,1.1171781,nan,4,3.629775,3.629775,3.629775,3.629775,0.0,0.0,0.0,0.0,0.0,0.0,0.0,0,0,0,0,0,0,0,1,0,0,1,0,0
304152259,14.961665,14.539604,15.6462,11.982919,0.0,156.2862,0.3381694,1.1156484,nan,4,3.634901,3.634901,3.634901,3.634901,0.0,0.0,0.0,0.0,0.0,0.0,0.0,0,0,0,0,0,0,0,1,0,0,1,0,0
304452237,14.64085,14.550154,12.306,11.864178,0.0,157.27261,0.3420666,1.1148891,nan,4,3.6375384,3.6375384,3.6375384,3.6375384,0.0,0.0,0.0,0.0,0.0,0.0,0.0,0,0,0,0,0,0,0,1,0,0,1,0,0
304752183,14.407529,14.553104,10.9581995,11.730354,0.0,158.23294,0.34335262,1.1146388,nan,4,3.638276,3.638276,3.638276,3.638276,0.0,0.0,0.0,0.0,0.0,0.0,0.0,0,0,0,0,0,0,0,1,0,0,1,0,0
305052285,15.04916,14.548797,12.306,11.627852,0.0,159.18347,0.34180194,1.1149406,nan,4,3.6371992,3.6371992,3.6371992,3.6371992,0.0,0.0,0.0,0.0,0.0,0.0,0.0,0,0,0,0,0,0,0,1,0,0,1,0,0
305352207,14.52419,14.511993,9.5225,11.662138,0.0,160.16983,0.32751113,1.11773,nan,4,3.6279984,3.6279984,3.6279984,3.6279984,0.0,0.0,0.0,0.0,0.0,0.0,0.0,0,0,0,0,0,0,0,1,0,0,1,0,0
305652099,14.203374,14.509971,9.493199,11.590698,0.0,161.12495,0.3268531,1.1178588,nan,4,3.6274927,3.6274927,3.6274927,3.6274927,0.0,0.0,0.0,0.0,0.0,0.0,0.0,0,0,0,0,0,0,0,1,0,0,1,0,0
305942162,14.392946,14.503007,11.2219,11.462052,0.0,162.03261,0.32446367,1.1183267,nan,4,3.6257517,3.6257517,3.6257517,3.6257517,0.0,0.0,0.0,0.0,0.0,0.0,0.0,0,0,0,0,0,0,0,1,0,0,1,0,0
306252210,14.509607,14.483497,12.8626995,11.818344,0.0,163.085,0.31705505,1.1197798,nan,4,3.6208742,3.6208742,3.6208742,3.6208742,0.0,0.0,0.0,0.0,0.0,0.0,0.0,0,0,0,0,0,0,0,1,0,0,1,0,0
306552100,14.436695,14.499518,11.749299,12.007847,0.0,164.10901,0.3229602,1.1186212,nan,4,3.6248796,3.6248796,3.6248796,3.6248796,0.0,0.0,0.0,0.0,0.0,0.0,0.0,0,0,0,0,0,0,0,1,0,0,1,0,0
306852101,14.451278,14.484133,12.042299,11.870383,0.0,165.08575,0.31717807,1.1197556,nan,4,3.6210332,3.6210332,3.6210332,3.6210332,0.0,0.0,0.0,0.0,0.0,0.0,0.0,0,0,0,0,0,0,0,1,0,0,1,0,0
307152107,14.597102,14.505011,11.0754,11.63678,0.0,166.03468,0.3257497,1.1180748,nan,4,3.6262527,3.6262527,3.6262527,3.6262527,0.0,0.0,0.0,0.0,0.0,0.0,0.0,0,0,0,0,0,0,0,1,0,0,1,0,0
307452100,14.378365,14.509966,12.3352995,11.574639,0.0,166.99263,0.32720453,1.1177901,nan,4,3.6274915,3.6274915,3.6274915,3.6274915,0.0,0.0,0.0,0.0,0.0,0.0,0.0,0,0,0,0,0,0,0,1,0,0,1,0,0
307752140,14.465859,14.511013,14.650001,11.732469,0.0,167.97632,0.3275898,1.1177146,nan,4,3.6277533,3.6277533,3.6277533,3.6277533,0.0,0.0,0.0,0.0,0.0,0.0,0.0,0,0,0,0,0,0,0,1,0,0,1,0,0
308042100,14.772092,14.508016,12.9799,12.08833,0.0,168.98732,0.32653457,1.1179211,nan,4,3.627004,3.627004,3.627004,3.627004,0.0,0.0,0.0,0.0,0.0,0.0,0.0,0,0,0,0,0,0,0,1,0,0,1,0,0
308352099,14.655433,14.504309,11.134,11.92477,0.0,170.00256,0.32518512,1.1181854,nan,4,3.6260772,3.6260772,3.6260772,3.6260772,0.0,0.0,0.0,0.0,0.0,0.0,0.0,0,0,0,0,0,0,0,1,0,0,1,0,0
308652100,14.728345,14.50696,10.928901,11.640807,0.0,170.94896,0.32575685,1.1180735,nan,4,3.62674,3.62674,3.62674,3.62674,0.0,0.0,0.0,0.0,0.0,0.0,0.0,0,0,0,0,0,0,0,1,0,0,1,0,0
308952100,14.713762,14.511376,10.5187,11.698255,0.0,171.93617,0.3276952,1.117694,nan,4,3.627844,3.627844,3.627844,3.627844,0.0,0.0,0.0,0.0,0.0,0.0,0.0,0,0,0,0,0,0,0,1,0,0,1,0,0
309252159,14.392946,14.53655,10.6945,11.413011,0.0,172.86546,0.3368495,1.1159058,nan,4,3.6341374,3.6341374,3.6341374,3.6341374,0.0,0.0,0.0,0.0,0.0,0.0,0.0,0,0,0,0,0,0,0,1,0,0,1,0,0
309552099,14.247121,14.523388,11.7786,11.79972,0.0,173.88937,0.33196527,1.1168592,nan,4,3.630847,3.630847,3.630847,3.630847,0.0,0.0,0.0,0.0,0.0,0.0,0.0,0,0,0,0,0,0,0,1,0,0,1,0,0
309852131,14.436695,14.496611,10.7238,11.409881,0.0,174.8079,0.32138807,1.1189295,nan,4,3.6241527,3.6241527,3.6241527,3.6241527,0.0,0.0,0.0,0.0,0.0,0.0,0.0,0,0,0,0,0,0,0,1,0,0,1,0,0
310142120,14.305452,14.475782,14.7086,11.671172,0.0,175.7757,0.31380016,1.1204194,nan,4,3.6189456,3.6189456,3.6189456,3.6189456,0.0,0.0,0.0,0.0,0.0,0.0,0.0,0,0,0,0,0,0,0,1,0,0,1,0,0
310452107,15.28248,14.496087,13.4194,11.5917225,0.0,176.76309,0.3215745,1.1188929,nan,4,3.6240218,3.6240218,3.6240218,3.6240218,0.0,0.0,0.0,0.0,0.0,0.0,0.0,0,0,0,0,0,0,0,1,0,0,1,0,0
310752237,14.349199,14.501619,11.8958,12.00297,0.0,177.80408,0.32379752,1.1184572,nan,4,3.6254048,3.6254048,3.6254048,3.6254048,0.0,0.0,0.0,0.0,0.0,0.0,0.0,0,0,0,0,0,0,0,1,0,0,1,0,0
311052211,14.597102,14.499267,13.3608,11.715057,0.0,178.7417,0.32294732,1.1186237,nan,4,3.6248167,3.6248167,3.6248167,3.6248167,0.0,0.0,0.0,0.0,0.0,0.0,0.0,0,0,0,0,0,0,0,1,0,0,1,0,0
311352251,14.247121,14.5040865,11.2512,11.594563,0.0,179.70154,0.32424718,1.1183691,nan,4,3.6260216,3.6260216,3.6260216,3.6260216,0.0,0.0,0.0,0.0,0.0,0.0,0.0,0,0,0,0,0,0,0,1,0,0,1,0,0
311652288,14.757509,14.517357,13.0385,12.041773,0.0,180.746,0.32983333,1.1172758,nan,4,3.6293392,3.6293392,3.6293392,3.6293392,0.0,0.0,0.0,0.0,0.0,0.0,0.0,0,0,0,0,0,0,0,1,0,0,1,0,0
311952156,14.509607,14.49252,12.9799,11.90516,0.0,181.7321,0.3202265,1.1191573,nan,4,3.62313,3.62313,3.62313,3.62313,0.0,0.0,0.0,0.0,0.0,0.0,0.0,0,0,0,0,0,0,0,1,0,0,1,0,0
312242131,14.509607,14.499798,12.1595,11.802885,0.0,182.67387,0.32314903,1.1185843,nan,4,3.6249495,3.6249495,3.6249495,3.6249495,0.0,0.0,0.0,0.0,0.0,0.0,0.0,0,0,0,0,0,0,0,1,0,0,1,0,0
312552102,14.670015,14.470622,11.309799,11.743211,0.0,183.69197,0.31207734,1.1207583,nan,4,3.6176555,3.6176555,3.6176555,3.6176555,0.0,0.0,0.0,0.0,0.0,0.0,0.0,0,0,0,0,0,0,0,1,0,0,1,0,0
312852107,14.436695,14.488278,11.309799,11.689573,0.0,184.66287,0.31885177,1.1194271,nan,4,3.6220696,3.6220696,3.6220696,3.6220696,0.0,0.0,0.0,0.0,0.0,0.0,0.0,0,0,0,0,0,0,0,1,0,0,1,0,0
313152165,14.728345,14.49924,11.3391,11.425384,0.0,185.59398,0.3227294,1.1186665,nan,4,3.62481,3.62481,3.62481,3.62481,0.0,0.0,0.0,0.0,0.0,0.0,0.0,0,0,0,0,0,0,0,1,0,0,1,0,0
313452101,14.276287,14.521169,10.870299,11.393841,0.0,186.54657,0.33064777,1.1171167,nan,4,3.6302922,3.6302922,3.6302922,3.6302922,0.0,0.0,0.0,0.0,0.0,0.0,0.0,0,0,0,0,0,0,0,1,0,0,1,0,0
313752102,14.815841,14.513101,8.614201,11.190242,0.0,187.46376,0.32711297,1.117808,nan,4,3.6282752,3.6282752,3.6282752,3.6282752,0.0,0.0,0.0,0.0,0.0,0.0,0.0,0,0,0,0,0,0,0,1,0,0,1,0,0
314052101,14.392946,14.514449,13.3315,11.414053,0.0,188.41443,0.3271368,1.1178033,nan,4,3.6286123,3.6286123,3.6286123,3.6286123,0.0,0.0,0.0,0.0,0.0,0.0,0.0,0,0,0,0,0,0,0,1,0,0,1,0,0
314342103,14.465859,14.513544,11.4563,11.704148,0.0,189.39162,0.3269375,1.1178423,nan,4,3.628386,3.628386,3.628386,3.628386,0.0,0.0,0.0,0.0,0.0,0.0,0.0,0,0,0,0,0,0,0,1,0,0,1,0,0
314652099,14.772092,14.516436,11.1926,11.377427,0.0,190.33766,0.3279112,1.1176517,nan,4,3.629109,3.629109,3.629109,3.629109,0.0,0.0,0.0,0.0,0.0,0.0,0.0,0,0,0,0,0,0,0,1,0,0,1,0,0
314952101,14.276287,14.516755,10.4894,11.495908,0.0,191.30501,0.32811338,1.1176122,nan,4,3.6291888,3.6291888,3.6291888,3.6291888,0.0,0.0,0.0,0.0,0.0,0.0,0.0,0,0,0,0,0,0,0,1,0,0,1,0,0
315252099,14.349199,14.525537,10.8117,11.814835,0.0,192.32617,0.33152562,1.116945,nan,4,3.6313841,3.6313841,3.6313841,3.6313841,0.0,0.0,0.0,0.0,0.0,0.0,0.0,0,0,0,0,0,0,0,1,0,0,1,0,0
315552103,14.553354,14.535476,10.4307995,11.712901,0.0,193.29997,0.33525115,1.1162175,nan,4,3.633869,3.633869,3.633869,3.633869,0.0,0.0,0.0,0.0,0.0,0.0,0.0,0,0,0,0,0,0,0,1,0,0,1,0,0
315852222,14.217957,14.54505,12.2767,11.693369,0.0,194.27153,0.33885938,1.1155138,nan,4,3.6362624,3.6362624,3.6362624,3.6362624,0.0,0.0,0.0,0.0,0.0,0.0,0.0,0,0,0,0,0,0,0,1,0,0,1,0,0
316152129,14.757509,14.504645,11.0754,11.850962,0.0,195.28499,0.32387477,1.118442,nan,4,3.6261613,3.6261613,3.6261613,3.6261613,0.0,0.0,0.0,0.0,0.0,0.0,0.0,0,0,0,0,0,0,0,1,0,0,1,0,0
316442127,14.52419,14.498776,12.599,12.322778,0.0,196.31807,0.322532,1.1187053,nan,4,3.624694,3.624694,3.624694,3.624694,0.0,0.0,0.0,0.0,0.0,0.0,0.0,0,0,0,0,0,0,0,1,0,0,1,0,0
316752101,14.815841,14.516603,11.397699,12.215029,0.0,197.37065,0.32925683,1.1173886,nan,4,3.6291509,3.6291509,3.6291509,3.6291509,0.0,0.0,0.0,0.0,0.0,0.0,0.0,0,0,0,0,0,0,0,1,0,0,1,0,0
317052909,14.451278,14.528605,13.214299,12.291656,0.0,198.40564,0.33347255,1.1165648,nan,4,3.6321514,3.6321514,3.6321514,3.6321514,0.0,0.0,0.0,0.0,0.0,0.0,0.0,0,0,0,0,0,0,0,1,0,0,1,0,0
317353118,14.597102,14.5311,10.841001,12.010395,0.0,199.37973,0.33434087,1.1163952,nan,4,3.632775,3.632775,3.632775,3.632775,0.0,0.0,0.0,0.0,0.0,0.0,0.0,0,0,0,0,0,0,0,1,0,0,1,0,0
317653057,15.092908,14.5507765,14.064,12.006176,0.0,200.38062,0.34215385,1.1148722,nan,4,3.6376941,3.6376941,3.6376941,3.6376941,0.0,0.0,0.0,0.0,0.0,0.0,0.0,0,0,0,0,0,0,0,1,0,0,1,0,0
317952897,14.903335,14.54065,12.2767,11.704726,0.0,201.31508,0.33767825,1.1157441,nan,4,3.6351626,3.6351626,3.6351626,3.6351626,0.0,0.0,0.0,0.0,0.0,0.0,0.0,0,0,0,0,0,0,0,1,0,0,1,0,0
318252848,14.87417,14.554321,12.0716,11.910135,0.0,202.34268,0.34372598,1.1145662,nan,4,3.6385803,3.6385803,3.6385803,3.6385803,0.0,0.0,0.0,0.0,0.0,0.0,0.0,0,0,0,0,0,0,0,1,0,0,1,0,0
318543268,14.801258,14.558129,10.8996,11.601386,0.0,203.24974,0.34446126,1.1144232,nan,4,3.6395323,3.6395323,3.6395323,3.6395323,0.0,0.0,0.0,0.0,0.0,0.0,0.0,0,0,0,0,0,0,0,1,0,0,1,0,0
318852677,14.086715,14.53987,11.9544,11.438244,0.0,204.21678,0.33718854,1.1158396,nan,4,3.6349676,3.6349676,3.6349676,3.6349676,0.0,0.0,0.0,0.0,0.0,0.0,0.0,0,0,0,0,0,0,0,1,0,0,1,0,0
319152776,14.859588,14.535503,12.2181,11.647479,0.0,205.20544,0.3359273,1.1160856,nan,4,3.6338758,3.6338758,3.6338758,3.6338758,0.0,0.0,0.0,0.0,0.0,0.0,0.0,0,0,0,0,0,0,0,1,0,0,1,0,0
319452582,14.4221115,14.536981,10.5187,11.674786,0.0,206.1887,0.33630735,1.1160115,nan,4,3.6342452,3.6342452,3.6342452,3.6342452,0.0,0.0,0.0,0.0,0.0,0.0,0.0,0,0,0,0,0,0,0,1,0,0,1,0,0
319752518,14.247121,14.51447,9.5225,11.638835,0.0,207.15102,0.32767755,1.1176975,nan,4,3.6286175,3.6286175,3.6286175,3.6286175,0.0,0.0,0.0,0.0,0.0,0.0,0.0,0,0,0,0,0,0,0,1,0,0,1,0,0
320052441,14.69918,14.529508,9.9913,11.21288,0.0,208.04218,0.33273202,1.1167094,nan,4,3.632377,3.632377,3.632377,3.632377,0.0,0.0,0.0,0.0,0.0,0.0,0.0,0,0,0,0,0,0,0,1,0,0,1,0,0
320352263,14.188791,14.521082,11.749299,11.351596,0.0,209.00508,0.3302191,1.1172004,nan,4,3.6302705,3.6302705,3.6302705,3.6302705,0.0,0.0,0.0,0.0,0.0,0.0,0.0,0,0,0,0,0,0,0,1,0,0,1,0,0
320652213,14.29087,14.5203,10.7824,11.195986,0.0,209.92607,0.32990485,1.1172619,nan,4,3.630075,3.630075,3.630075,3.630075,0.0,0.0,0.0,0.0,0.0,0.0,0.0,0,0,0,0,0,0,0,1,0,0,1,0,0
320952432,14.29087,14.532235,11.749299,11.365022,0.0,210.88968,0.33401948,1.1164579,nan,4,3.6330588,3.6330588,3.6330588,3.6330588,0.0,0.0,0.0,0.0,0.0,0.0,0.0,0,0,0,0,0,0,0,1,0,0,1,0,0
321252160,14.626267,14.533672,11.8665,11.312052,0.0,211.82693,0.3347314,1.116319,nan,4,3.633418,3.633418,3.633418,3.633418,0.0,0.0,0.0,0.0,0.0,0.0,0.0,0,0,0,0,0,0,0,1,0,0,1,0,0
321552102,15.107491,14.534593,12.599,11.363556,0.0,212.78632,0.33528978,1.11621,nan,4,3.6336482,3.6336482,3.6336482,3.6336482,0.0,0.0,0.0,0.0,0.0,0.0,0.0,0,0,0,0,0,0,0,1,0,0,1,0,0
321852115,14.509607,14.539691,11.0168,11.443672,0.0,213.75314,0.3369344,1.1158892,nan,4,3.6349227,3.6349227,3.6349227,3.6349227,0.0,0.0,0.0,0.0,0.0,0.0,0.0,0,0,0,0,0,0,0,1,0,0,1,0,0
322152100,14.086715,14.548248,11.427,11.338435,0.0,214.6844,0.34042007,1.1152097,nan,4,3.637062,3.637062,3.637062,3.637062,0.0,0.0,0.0,0.0,0.0,0.0,0.0,0,0,0,0,0,0,0,1,0,0,1,0,0
322452138,14.845005,14.5378685,11.4855995,11.556994,0.0,215.66945,0.33681375,1.1159127,nan,4,3.6344671,3.6344671,3.6344671,3.6344671,0.0,0.0,0.0,0.0,0.0,0.0,0.0,0,0,0,0,0,0,0,1,0,0,1,0,0
322742130,14.451278,14.539978,10.7824,11.438609,0.0,216.58446,0.33750516,1.1157779,nan,4,3.6349945,3.6349945,3.6349945,3.6349945,0.0,0.0,0.0,0.0,0.0,0.0,0.0,0,0,0,0,0,0,0,1,0,0,1,0,0
323052101,14.145044,14.525323,11.3391,11.594566,0.0,217.5949,0.33145267,1.1169593,nan,4,3.6313307,3.6313307,3.6313307,3.6313307,0.0,0.0,0.0,0.0,0.0,0.0,0.0,0,0,0,0,0,0,0,1,0,0,1,0,0
323352288,14.247121,14.547186,10.4015,11.672421,0.0,218.5838,0.34017354,1.1152579,nan,4,3.6367965,3.6367965,3.6367965,3.6367965,0.0,0.0,0.0,0.0,0.0,0.0,0.0,0,0,0,0,0,0,0,1,0,0,1,0,0
323652202,13.722152,14.535582,11.8665,11.654513,0.0,219.5514,0.33595973,1.1160793,nan,4,3.6338954,3.6338954,3.6338954,3.6338954,0.0,0.0,0.0,0.0,0.0,0.0,0.0,0,0,0,0,0,0,0,1,0,0,1,0,0
323952203,14.305452,14.531135,10.0499,11.715908,0.0,220.54338,0.33437282,1.116389,nan,4,3.6327837,3.6327837,3.6327837,3.6327837,0.0,0.0,0.0,0.0,0.0,0.0,0.0,0,0,0,0,0,0,0,1,0,0,1,0,0
324252106,13.853394,14.560724,10.196401,11.636901,0.0,221.49937,0.3461507,1.1140946,nan,4,3.640181,3.640181,3.640181,3.640181,0.0,0.0,0.0,0.0,0.0,0.0,0.0,0,0,0,0,0,0,0,1,0,0,1,0,0
324552101,14.961665,14.552993,12.745501,11.560159,0.0,222.45018,0.34311277,1.1146854,nan,4,3.6382482,3.6382482,3.6382482,3.6382482,0.0,0.0,0.0,0.0,0.0,0.0,0.0,0,0,0,0,0,0,0,1,0,0,1,0,0
324842113,14.626267,14.547804,11.661401,11.46762,0.0,223.36444,0.34095937,1.1151047,nan,4,3.636951,3.636951,3.636951,3.636951,0.0,0.0,0.0,0.0,0.0,0.0,0.0,0,0,0,0,0,0,0,1,0,0,1,0,0
325152105,14.29087,14.55359,13.478,11.633429,0.0,224.3815,0.34321624,1.1146654,nan,4,3.6383975,3.6383975,3.6383975,3.6383975,0.0,0.0,0.0,0.0,0.0,0.0,0.0,0,0,0,0,0,0,0,1,0,0,1,0,0
325452224,14.4221115,14.524625,11.1633,11.411672,0.0,225.31683,0.33224374,1.1168048,nan,4,3.6311562,3.6311562,3.6311562,3.6311562,0.0,0.0,0.0,0.0,0.0,0.0,0.0,0,0,0,0,0,0,0,1,0,0,1,0,0
325752101,14.597102,14.510335,12.4525,11.352238,0.0,226.25114,0.32627374,1.1179723,nan,4,3.6275837,3.6275837,3.6275837,3.6275837,0.0,0.0,0.0,0.0,0.0,0.0,0.0,0,0,0,0,0,0,0,1,0,0,1,0,0
326052103,14.626267,14.508099,15.2946,11.694868,0.0,227.25351,0.32537395,1.1181484,nan,4,3.6270247,3.6270247,3.6270247,3.6270247,0.0,0.0,0.0,0.0,0.0,0.0,0.0,0,0,0,0,0,0,0,1,0,0,1,0,0
326352102,14.261704,14.506389,14.2984,11.596348,0.0,228.20389,0.32464725,1.1182908,nan,4,3.6265972,3.6265972,3.6265972,3.6265972,0.0,0.0,0.0,0.0,0.0,0.0,0.0,0,0,0,0,0,0,0,1,0,0,1,0,0
326652159,14.378365,14.512873,11.0461,11.403396,0.0,229.13797,0.32728082,1.1177751,nan,4,3.6282182,3.6282182,3.6282182,3.6282182,0.0,0.0,0.0,0.0,0.0,0.0,0.0,0,0,0,0,0,0,0,1,0,0,1,0,0
326942099,14.597102,14.537232,13.185,11.857323,0.0,230.13383,0.33721238,1.115835,nan,4,3.634308,3.634308,3.634308,3.634308,0.0,0.0,0.0,0.0,0.0,0.0,0.0,0,0,0,0,0,0,0,1,0,0,1,0,0
327252101,14.436695,14.546163,10.665199,11.588588,0.0,231.10304,0.33997804,1.1152959,nan,4,3.6365407,3.6365407,3.6365407,3.6365407,0.0,0.0,0.0,0.0,0.0,0.0,0.0,0,0,0,0,0,0,0,1,0,0,1,0,0
327552101,14.495025,14.54003,10.928901,11.67715,0.0,232.09196,0.33791,1.1156989,nan,4,3.6350074,3.6350074,3.6350074,3.6350074,0.0,0.0,0.0,0.0,0.0,0.0,0.0,0,0,0,0,0,0,0,1,0,0,1,0,0
327852108,14.276287,14.529721,11.0754,11.622454,0.0,233.04938,0.33380157,1.1165005,nan,4,3.6324303,3.6324303,3.6324303,3.6324303,0.0,0.0,0.0,0.0,0.0,0.0,0.0,0,0,0,0,0,0,0,1,0,0,1,0,0
328152100,14.52419,14.512539,11.1633,11.594415,0.0,234.01387,0.32694083,1.1178417,nan,4,3.6281347,3.6281347,3.6281347,3.6281347,0.0,0.0,0.0,0.0,0.0,0.0,0.0,0,0,0,0,0,0,0,1,0,0,1,0,0
328452130,14.567937,14.522181,10.4307995,11.6909,0.0,235.00754,0.33098346,1.117051,nan,4,3.6305451,3.6305451,3.6305451,3.6305451,0.0,0.0,0.0,0.0,0.0,0.0,0.0,0,0,0,0,0,0,0,1,0,0,1,0,0
328752122,14.451278,14.50118,16.0857,11.95896,0.0,236.01625,0.3232506,1.1185644,nan,4,3.625295,3.625295,3.625295,3.625295,0.0,0.0,0.0,0.0,0.0,0.0,0.0,0,0,0,0,0,0,0,1,0,0,1,0,0
329042101,14.465859,14.50668,11.368401,11.681044,0.0,236.93083,0.32501823,1.1182181,nan,4,3.62667,3.62667,3.62667,3.62667,0.0,0.0,0.0,0.0,0.0,0.0,0.0,0,0,0,0,0,0,0,1,0,0,1,0,0
329352245,14.553354,14.505016,12.7162,11.795872,0.0,237.96123,0.324755,1.1182696,nan,4,3.626254,3.626254,3.626254,3.626254,0.0,0.0,0.0,0.0,0.0,0.0,0.0,0,0,0,0,0,0,0,1,0,0,1,0,0
329652242,14.684597,14.512273,10.8117,12.051547,0.0,238.98819,0.32744104,1.1177437,nan,4,3.6280682,3.6280682,3.6280682,3.6280682,0.0,0.0,0.0,0.0,0.0,0.0,0.0,0,0,0,0,0,0,0,1,0,0,1,0,0
329952107,14.4221115,14.497719,11.5442,11.948421,0.0,239.9716,0.32186347,1.1188363,nan,4,3.6244297,3.6244297,3.6244297,3.6244297,0.0,0.0,0.0,0.0,0.0,0.0,0.0,0,0,0,0,0,0,0,1,0,0,1,0,0
330252106,14.655433,14.517511,11.309799,11.786139,0.0,240.93713,0.3288439,1.1174693,nan,4,3.6293778,3.6293778,3.6293778,3.6293778,0.0,0.0,0.0,0.0,0.0,0.0,0.0,0,0,0,0,0,0,0,1,0,0,1,0,0
330552102,14.480442,14.499131,11.8372,11.820822,0.0,241.93275,0.32185537,1.1188378,nan,4,3.6247828,3.6247828,3.6247828,3.6247828,0.0,0.0,0.0,0.0,0.0,0.0,0.0,0,0,0,0,0,0,0,1,0,0,1,0,0
330852123,13.911724,14.513084,11.6907,11.681359,0.0,242.89201,0.32741958,1.117748,nan,4,3.628271,3.628271,3.628271,3.628271,0.0,0.0,0.0,0.0,0.0,0.0,0.0,0,0,0,0,0,0,0,1,0,0,1,0,0
331142098,14.553354,14.484385,12.3352995,12.096119,0.0,243.90477,0.3167742,1.119835,nan,4,3.6210961,3.6210961,3.6210961,3.6210961,0.0,0.0,0.0,0.0,0.0,0.0,0.0,0,0,0,0,0,0,0,1,0,0,1,0,0
331452104,14.451278,14.515127,13.5366,11.971763,0.0,244.9158,0.32872277,1.117493,nan,4,3.6287818,3.6287818,3.6287818,3.6287818,0.0,0.0,0.0,0.0,0.0,0.0,0.0,0,0,0,0,0,0,0,1,0,0,1,0,0
331752102,14.349199,14.480504,11.1633,11.707466,0.0,245.86736,0.3155535,1.1200747,nan,4,3.620126,3.620126,3.620126,3.620126,0.0,0.0,0.0,0.0,0.0,0.0,0.0,0,0,0,0,0,0,0,1,0,0,1,0,0
332052235,14.684597,14.495059,12.306,11.621911,0.0,246.82166,0.32111675,1.1189827,nan,4,3.6237648,3.6237648,3.6237648,3.6237648,0.0,0.0,0.0,0.0,0.0,0.0,0.0,0,0,0,0,0,0,0,1,0,0,1,0,0
332352102,14.203374,14.491557,11.4855995,11.940905,0.0,247.8454,0.3200863,1.1191847,nan,4,3.6228893,3.6228893,3.6228893,3.6228893,0.0,0.0,0.0,0.0,0.0,0.0,0.0,0,0,0,0,0,0,0,1,0,0,1,0,0
332652157,14.042966,14.484882,10.3429,11.837458,0.0,248.8215,0.31705457,1.11978,nan,4,3.6212206,3.6212206,3.6212206,3.6212206,0.0,0.0,0.0,0.0,0.0,0.0,0.0,0,0,0,0,0,0,0,1,0,0,1,0,0
332952099,14.7866745,14.503041,10.3722,11.691579,0.0,249.77528,0.32394248,1.1184288,nan,4,3.6257603,3.6257603,3.6257603,3.6257603,0.0,0.0,0.0,0.0,0.0,0.0,0.0,0,0,0,0,0,0,0,1,0,0,1,0,0
333242100,15.078325,14.49387,13.507299,11.84503,0.0,250.73895,0.31997186,1.1192073,nan,4,3.6234674,3.6234674,3.6234674,3.6234674,0.0,0.0,0.0,0.0,0.0,0.0,0.0,0,0,0,0,0,0,0,1,0,0,1,0,0
333552104,14.392946,14.501672,10.6945,11.428546,0.0,251.68533,0.32280904,1.1186509,nan,4,3.625418,3.625418,3.625418,3.625418,0.0,0.0,0.0,0.0,0.0,0.0,0.0,0,0,0,0,0,0,0,1,0,0,1,0,0
333852100,14.349199,14.507231,10.1085005,11.514017,0.0,252.6475,0.32444745,1.1183299,nan,4,3.6268077,3.6268077,3.6268077,3.6268077,0.0,0.0,0.0,0.0,0.0,0.0,0.0,0,0,0,0,0,0,0,1,0,0,1,0,0
334152098,14.392946,14.497924,13.3608,11.71324,0.0,253.63876,0.32032377,1.1191382,nan,4,3.624481,3.624481,3.624481,3.624481,0.0,0.0,0.0,0.0,0.0,0.0,0.0,0,0,0,0,0,0,0,1,0,0,1,0,0
334452176,15.034578,14.493107,11.427,11.492487,0.0,254.57277,0.31858093,1.1194801,nan,4,3.6232767,3.6232767,3.6232767,3.6232767,0.0,0.0,0.0,0.0,0.0,0.0,0.0,0,0,0,0,0,0,0,1,0,0,1,0,0
334752122,14.378365,14.486728,9.962,11.545295,0.0,255.54333,0.3158844,1.1200098,nan,4,3.621682,3.621682,3.621682,3.621682,0.0,0.0,0.0,0.0,0.0,0.0,0.0,0,0,0,0,0,0,0,1,0,0,1,0,0
335052103,14.655433,14.436198,10.3136,11.765517,0.0,256.56073,0.2964552,1.1238402,nan,4,3.6090496,3.6090496,3.6090496,3.6090496,0.0,0.0,0.0,0.0,0.0,0.0,0.0,0,0,0,0,0,0,0,1,0,0,1,0,0
335342334,14.436695,14.437498,14.2105,11.632699,0.0,257.47922,0.29682952,1.1237662,nan,4,3.6093745,3.6093745,3.6093745,3.6093745,0.0,0.0,0.0,0.0,0.0,0.0,0.0,0,0,0,0,0,0,0,1,0,0,1,0,0
335652199,14.742928,14.455608,11.72,11.618696,0.0,258.4834,0.3041337,1.1223233,nan,4,3.613902,3.613902,3.613902,3.613902,0.0,0.0,0.0,0.0,0.0,0.0,0.0,0,0,0,0,0,0,0,1,0,0,1,0,0
335952241,14.99083,14.457321,11.427,11.401735,0.0,259.40964,0.30495626,1.122161,nan,4,3.6143303,3.6143303,3.6143303,3.6143303,0.0,0.0,0.0,0.0,0.0,0.0,0.0,0,0,0,0,0,0,0,1,0,0,1,0,0
336252167,13.824228,14.483992,11.368401,11.666551,0.0,260.41647,0.31527692,1.1201291,nan,4,3.620998,3.620998,3.620998,3.620998,0.0,0.0,0.0,0.0,0.0,0.0,0.0,0,0,0,0,0,0,0,1,0,0,1,0,0
336552101,14.976247,14.489594,12.5404005,11.551531,0.0,261.37,0.31742698,1.1197067,nan,4,3.6223986,3.6223986,3.6223986,3.6223986,0.0,0.0,0.0,0.0,0.0,0.0,0.0,0,0,0,0,0,0,0,1,0,0,1,0,0
336852103,14.553354,14.488656,10.0792,11.580833,0.0,262.34024,0.3171757,1.1197561,nan,4,3.622164,3.622164,3.622164,3.622164,0.0,0.0,0.0,0.0,0.0,0.0,0.0,0,0,0,0,0,0,0,1,0,0,1,0,0
337152109,14.917917,14.487761,11.5442,11.701477,0.0,263.31888,0.31722003,1.1197474,nan,4,3.6219401,3.6219401,3.6219401,3.6219401,0.0,0.0,0.0,0.0,0.0,0.0,0.0,0,0,0,0,0,0,0,1,0,0,1,0,0
337442166,14.465859,14.489468,13.214299,11.662642,0.0,264.25366,0.31818658,1.1195576,nan,4,3.622367,3.622367,3.622367,3.622367,0.0,0.0,0.0,0.0,0.0,0.0,0.0,0,0,0,0,0,0,0,1,0,0,1,0,0
337752156,14.349199,14.476643,11.6321,12.043209,0.0,265.33585,0.3133939,1.1204994,nan,4,3.6191607,3.6191607,3.6191607,3.6191607,0.0,0.0,0.0,0.0,0.0,0.0,0.0,0,0,0,0,0,0,0,1,0,0,1,0,0
338052100,14.145044,14.495543,10.6066,11.744958,0.0,266.28162,0.32057887,1.1190882,nan,4,3.6238856,3.6238856,3.6238856,3.6238856,0.0,0.0,0.0,0.0,0.0,0.0,0.0,0,0,0,0,0,0,0,1,0,0,1,0,0
338352099,14.772092,14.507136,11.3391,11.614664,0.0,267.2348,0.3254283,1.1181377,nan,4,3.626784,3.626784,3.626784,3.626784,0.0,0.0,0.0,0.0,0.0,0.0,0.0,0,0,0,0,0,0,0,1,0,0,1,0,0
338652102,14.392946,14.506228,12.2181,11.601415,0.0,268.19965,0.32529956,1.118163,nan,4,3.626557,3.626557,3.626557,3.626557,0.0,0.0,0.0,0.0,0.0,0.0,0.0,0,0,0,0,0,0,0,1,0,0,1,0,0
338952100,14.58252,14.504995,11.602799,11.641146,0.0,269.17682,0.32449085,1.1183213,nan,4,3.6262488,3.6262488,3.6262488,3.6262488,0.0,0.0,0.0,0.0,0.0,0.0,0.0,0,0,0,0,0,0,0,1,0,0,1,0,0
339252101,14.611684,14.522871,12.100901,11.817425,0.0,270.17487,0.33147365,1.1169552,nan,4,3.6307178,3.6307178,3.6307178,3.6307178,0.0,0.0,0.0,0.0,0.0,0.0,0.0,0,0,0,0,0,0,0,1,0,0,1,0,0
339542156,14.407529,14.504371,10.0792,11.580963,0.0,271.08484,0.32451802,1.118316,nan,4,3.6260927,3.6260927,3.6260927,3.6260927,0.0,0.0,0.0,0.0,0.0,0.0,0.0,0,0,0,0,0,0,0,1,0,0,1,0,0
339852100,14.567937,14.502827,9.5810995,11.675602,0.0,272.10336,0.3238228,1.1184523,nan,4,3.6257067,3.6257067,3.6257067,3.6257067,0.0,0.0,0.0,0.0,0.0,0.0,0.0,0,0,0,0,0,0,0,1,0,0,1,0,0
340152159,14.9325,14.492934,11.5442,11.449469,0.0,273.0322,0.3195184,1.1192963,nan,4,3.6232336,3.6232336,3.6232336,3.6232336,0.0,0.0,0.0,0.0,0.0,0.0,0.0,0,0,0,0,0,0,0,1,0,0,1,0,0
340452176,14.52419,14.512279,10.1671,11.527415,0.0,274.0048,0.32707196,1.117816,nan,4,3.6280696,3.6280696,3.6280696,3.6280696,0.0,0.0,0.0,0.0,0.0,0.0,0.0,0,0,0,0,0,0,0,1,0,0,1,0,0
340752100,14.69918,14.514572,11.8372,11.259806,0.0,274.91214,0.32723838,1.1177834,nan,4,3.628643,3.628643,3.628643,3.628643,0.0,0.0,0.0,0.0,0.0,0.0,0.0,0,0,0,0,0,0,0,1,0,0,1,0,0
341052858,14.0575485,14.511685,11.9544,11.631433,0.0,275.91556,0.3267067,1.1178875,nan,4,3.6279213,3.6279213,3.6279213,3.6279213,0.0,0.0,0.0,0.0,0.0,0.0,0.0,0,0,0,0,0,0,0,1,0,0,1,0,0
341353073,14.217957,14.498962,12.2767,11.955546,0.0,276.94247,0.3217495,1.1188586,nan,4,3.6247406,3.6247406,3.6247406,3.6247406,0.0,0.0,0.0,0.0,0.0,0.0,0.0,0,0,0,0,0,0,0,1,0,0,1,0,0
341643191,14.58252,14.501773,13.272901,12.215489,0.0,277.94296,0.32316667,1.1185808,nan,4,3.6254432,3.6254432,3.6254432,3.6254432,0.0,0.0,0.0,0.0,0.0,0.0,0.0,0,0,0,0,0,0,0,1,0,0,1,0,0
341952740,14.276287,14.460589,10.3136,11.951335,0.0,278.957,0.30734903,1.1216893,nan,4,3.6151474,3.6151474,3.6151474,3.6151474,0.0,0.0,0.0,0.0,0.0,0.0,0.0,0,0,0,0,0,0,0,1,0,0,1,0,0
342252829,14.538772,14.478338,11.1047,11.664232,0.0,279.90308,0.31454593,1.1202728,nan,4,3.6195846,3.6195846,3.6195846,3.6195846,0.0,0.0,0.0,0.0,0.0,0.0,0.0,0,0,0,0,0,0,0,1,0,0,1,0,0
342552939,14.9470825,14.489208,13.507299,11.839681,0.0,280.9019,0.31890994,1.1194156,nan,4,3.622302,3.622302,3.622302,3.622302,0.0,0.0,0.0,0.0,0.0,0.0,0.0,0,0,0,0,0,0,0,1,0,0,1,0,0
342852533,14.115879,14.48434,11.368401,11.958468,0.0,281.90598,0.3168562,1.1198189,nan,4,3.621085,3.621085,3.621085,3.621085,0.0,0.0,0.0,0.0,0.0,0.0,0.0,0,0,0,0,0,0,0,1,0,0,1,0,0
343152613,14.567937,14.511707,12.569699,12.290409,0.0,282.95578,0.32777292,1.1176788,nan,4,3.6279268,3.6279268,3.6279268,3.6279268,0.0,0.0,0.0,0.0,0.0,0.0,0.0,0,0,0,0,0,0,0,1,0,0,1,0,0
343452714,14.261704,14.508103,11.0168,11.940302,0.0,283.90753,0.32627517,1.117972,nan,4,3.6270258,3.6270258,3.6270258,3.6270258,0.0,0.0,0.0,0.0,0.0,0.0,0.0,0,0,0,0,0,0,0,1,0,0,1,0,0
343752285,14.976247,14.493873,11.8372,11.710371,0.0,284.86398,0.32103997,1.1189977,nan,4,3.6234682,3.6234682,3.6234682,3.6234682,0.0,0.0,0.0,0.0,0.0,0.0,0.0,0,0,0,0,0,0,0,1,0,0,1,0,0
344052440,14.305452,14.490339,9.405299,11.763405,0.0,285.86227,0.31935912,1.1193275,nan,4,3.6225848,3.6225848,3.6225848,3.6225848,0.0,0.0,0.0,0.0,0.0,0.0,0.0,0,0,0,0,0,0,0,1,0,0,1,0,0
344352388,14.52419,14.515403,10.548,11.852266,0.0,286.85422,0.32850868,1.1175349,nan,4,3.6288507,3.6288507,3.6288507,3.6288507,0.0,0.0,0.0,0.0,0.0,0.0,0.0,0,0,0,0,0,0,0,1,0,0,1,0,0
344652132,14.801258,14.488106,13.9175005,11.264238,0.0,287.73404,0.3172701,1.1197376,nan,4,3.6220264,3.6220264,3.6220264,3.6220264,0.0,0.0,0.0,0.0,0.0,0.0,0.0,0,0,0,0,0,0,0,1,0,0,1,0,0
344952240,14.495025,14.44141,11.602799,11.982305,0.0,288.80908,0.3001321,1.1231133,nan,4,3.6103525,3.6103525,3.6103525,3.6103525,0.0,0.0,0.0,0.0,0.0,0.0,0.0,0,0,0,0,0,0,0,1,0,0,1,0,0
345252643,14.58252,14.407565,11.427,11.891214,0.0,289.79178,0.2870329,1.1257073,nan,4,3.6018913,3.6018913,3.6018913,3.6018913,0.0,0.0,0.0,0.0,0.0,0.0,0.0,0,0,0,0,0,0,0,1,0,0,1,0,0
345552167,14.509607,14.42752,11.4563,12.206781,0.0,290.8388,0.2950204,1.124124,nan,4,3.60688,3.60688,3.60688,3.60688,0.0,0.0,0.0,0.0,0.0,0.0,0.0,0,0,0,0,0,0,0,1,0,0,1,0,0
345852274,13.751316,14.433161,11.8079,12.06865,0.0,291.82297,0.29741603,1.1236502,nan,4,3.6082902,3.6082902,3.6082902,3.6082902,0.0,0.0,0.0,0.0,0.0,0.0,0.0,0,0,0,0,0,0,0,1,0,0,1,0,0
346152145,14.728345,14.418964,14.6207,12.219457,0.0,292.8444,0.29212934,1.1246966,nan,4,3.604741,3.604741,3.604741,3.604741,0.0,0.0,0.0,0.0,0.0,0.0,0.0,0,0,0,0,0,0,0,1,0,0,1,0,0
346452114,14.334617,14.436575,11.0168,12.100803,0.0,293.8425,0.29888755,1.1233592,nan,4,3.6091437,3.6091437,3.6091437,3.6091437,0.0,0.0,0.0,0.0,0.0,0.0,0.0,0,0,0,0,0,0,0,1,0,0,1,0,0
346752255,14.713762,14.470869,12.100901,11.866403,0.0,294.79828,0.3124283,1.1206892,nan,4,3.6177173,3.6177173,3.6177173,3.6177173,0.0,0.0,0.0,0.0,0.0,0.0,0.0,0,0,0,0,0,0,0,1,0,0,1,0,0
347052229,14.436695,14.455534,12.9799,11.600815,0.0,295.73007,0.3063286,1.1218904,nan,4,3.6138835,3.6138835,3.6138835,3.6138835,0.0,0.0,0.0,0.0,0.0,0.0,0.0,0,0,0,0,0,0,0,1,0,0,1,0,0
347352191,14.757509,14.431059,10.8117,11.493898,0.0,296.676,0.2966774,1.1237962,nan,4,3.6077647,3.6077647,3.6077647,3.6077647,0.0,0.0,0.0,0.0,0.0,0.0,0.0,0,0,0,0,0,0,0,1,0,0,1,0,0
347652103,14.684597,14.423899,11.602799,11.556766,0.0,297.64438,0.29387885,1.1243501,nan,4,3.6059747,3.6059747,3.6059747,3.6059747,0.0,0.0,0.0,0.0,0.0,0.0,0.0,0,0,0,0,0,0,0,1,0,0,1,0,0
347942239,14.130462,14.4332,10.225699,11.630081,0.0,298.59186,0.2974661,1.1236403,nan,4,3.6083,3.6083,3.6083,3.6083,0.0,0.0,0.0,0.0,0.0,0.0,0.0,0,0,0,0,0,0,0,1,0,0,1,0,0
348252107,13.853394,14.448472,9.493199,11.310626,0.0,299.5396,0.30285484,1.1225756,nan,4,3.612118,3.612118,3.612118,3.612118,0.0,0.0,0.0,0.0,0.0,0.0,0.0,0,0,0,0,0,0,0,1,0,0,1,0,0
348552107,14.87417,14.458166,12.599,11.316672,0.0,300.4853,0.30678874,1.1217997,nan,4,3.6145415,3.6145415,3.6145415,3.6145415,0.0,0.0,0.0,0.0,0.0,0.0,0.0,0,0,0,0,0,0,0,1,0,0,1,0,0
348852106,14.52419,14.4751005,11.8665,11.3067875,0.0,301.43033,0.31356317,1.120466,nan,4,3.6187751,3.6187751,3.6187751,3.6187751,0.0,0.0,0.0,0.0,0.0,0.0,0.0,0,0,0,0,0,0,0,1,0,0,1,0,0
349152156,14.465859,14.474939,11.602799,11.34718,0.0,302.38766,0.3140238,1.1203755,nan,4,3.6187348,3.6187348,3.6187348,3.6187348,0.0,0.0,0.0,0.0,0.0,0.0,0.0,0,0,0,0,0,0,0,1,0,0,1,0,0
349452156,14.728345,14.487534,12.5111,11.549282,0.0,303.37128,0.31913263,1.1193719,nan,4,3.6218834,3.6218834,3.6218834,3.6218834,0.0,0.0,0.0,0.0,0.0,0.0,0.0,0,0,0,0,0,0,0,1,0,0,1,0,0
349752166,14.028383,14.4864645,11.1633,11.390858,0.0,304.30814,0.31877118,1.1194429,nan,4,3.6216161,3.6216161,3.6216161,3.6216161,0.0,0.0,0.0,0.0,0.0,0.0,0.0,0,0,0,0,0,0,0,1,0,0,1,0,0
350042102,14.757509,14.48482,12.9799,11.73047,0.0,305.28528,0.31855947,1.1194844,nan,4,3.621205,3.621205,3.621205,3.621205,0.0,0.0,0.0,0.0,0.0,0.0,0.0,0,0,0,0,0,0,0,1,0,0,1,0,0
350352099,13.984636,14.496378,11.1633,11.63351,0.0,306.27274,0.3227628,1.11866,nan,4,3.6240945,3.6240945,3.6240945,3.6240945,0.0,0.0,0.0,0.0,0.0,0.0,0.0,0,0,0,0,0,0,0,1,0,0,1,0,0
350652102,14.495025,14.518052,11.9544,11.4799,0.0,307.2044,0.3308857,1.1170701,nan,4,3.629513,3.629513,3.629513,3.629513,0.0,0.0,0.0,0.0,0.0,0.0,0.0,0,0,0,0,0,0,0,1,0,0,1,0,0
350952099,14.276287,14.511555,10.4894,11.4778595,0.0,308.16473,0.32850534,1.1175356,nan,4,3.6278887,3.6278887,3.6278887,3.6278887,0.0,0.0,0.0,0.0,0.0,0.0,0.0,0,0,0,0,0,0,0,1,0,0,1,0,0
351252105,14.509607,14.509045,9.5225,11.260366,0.0,309.0823,0.32708722,1.117813,nan,4,3.6272612,3.6272612,3.6272612,3.6272612,0.0,0.0,0.0,0.0,0.0,0.0,0.0,0,0,0,0,0,0,0,1,0,0,1,0,0
351552113,14.655433,14.515579,9.756901,11.297119,0.0,310.0281,0.3294857,1.1173438,nan,4,3.6288948,3.6288948,3.6288948,3.6288948,0.0,0.0,0.0,0.0,0.0,0.0,0.0,0,0,0,0,0,0,0,1,0,0,1,0,0
351852130,14.58252,14.515497,10.577299,11.342579,0.0,310.97913,0.32902128,1.1174346,nan,4,3.6288743,3.6288743,3.6288743,3.6288743,0.0,0.0,0.0,0.0,0.0,0.0,0.0,0,0,0,0,0,0,0,1,0,0,1,0,0
352142103,14.626267,14.491348,12.892,11.567504,0.0,311.9244,0.31996852,1.1192079,nan,4,3.622837,3.622837,3.622837,3.622837,0.0,0.0,0.0,0.0,0.0,0.0,0.0,0,0,0,0,0,0,0,1,0,0,1,0,0
352452248,14.538772,14.486015,12.7162,11.66196,0.0,312.9389,0.317653,1.1196624,nan,4,3.6215038,3.6215038,3.6215038,3.6215038,0.0,0.0,0.0,0.0,0.0,0.0,0.0,0,0,0,0,0,0,0,1,0,0,1,0,0
352752193,13.955471,14.49026,10.3429,11.693194,0.0,313.9251,0.31885844,1.1194258,nan,4,3.622565,3.622565,3.622565,3.622565,0.0,0.0,0.0,0.0,0.0,0.0,0.0,0,0,0,0,0,0,0,1,0,0,1,0,0
353052190,15.384559,14.501565,11.8079,11.538123,0.0,314.8734,0.32289153,1.1186347,nan,4,3.6253912,3.6253912,3.6253912,3.6253912,0.0,0.0,0.0,0.0,0.0,0.0,0.0,0,0,0,0,0,0,0,1,0,0,1,0,0
353352193,14.815841,14.5117855,11.72,11.394316,0.0,315.80927,0.32643586,1.1179405,nan,4,3.6279464,3.6279464,3.6279464,3.6279464,0.0,0.0,0.0,0.0,0.0,0.0,0.0,0,0,0,0,0,0,0,1,0,0,1,0,0
353652118,14.407529,14.511279,10.1671,11.079703,0.0,316.69797,0.32608157,1.1180098,nan,4,3.6278198,3.6278198,3.6278198,3.6278198,0.0,0.0,0.0,0.0,0.0,0.0,0.0,0,0,0,0,0,0,0,1,0,0,1,0,0
353952101,14.728345,14.521766,11.1926,11.209053,0.0,317.647,0.33003742,1.117236,nan,4,3.6304414,3.6304414,3.6304414,3.6304414,0.0,0.0,0.0,0.0,0.0,0.0,0.0,0,0,0,0,0,0,0,1,0,0,1,0,0
354242164,14.728345,14.524138,12.5111,11.214636,0.0,318.54886,0.331322,1.1169848,nan,4,3.6310346,3.6310346,3.6310346,3.6310346,0.0,0.0,0.0,0.0,0.0,0.0,0.0,0,0,0,0,0,0,0,1,0,0,1,0,0
354552101,14.495025,14.5041065,13.565901,11.378623,0.0,319.53754,0.3237465,1.1184672,nan,4,3.6260266,3.6260266,3.6260266,3.6260266,0.0,0.0,0.0,0.0,0.0,0.0,0.0,0,0,0,0,0,0,0,1,0,0,1,0,0
354852104,14.261704,14.530395,10.196401,11.5374,0.0,320.51877,0.3337763,1.1165054,nan,4,3.6325986,3.6325986,3.6325986,3.6325986,0.0,0.0,0.0,0.0,0.0,0.0,0.0,0,0,0,0,0,0,0,1,0,0,1,0,0
355152101,14.801258,14.507769,10.577299,11.381403,0.0,321.4525,0.32446176,1.1183271,nan,4,3.6269422,3.6269422,3.6269422,3.6269422,0.0,0.0,0.0,0.0,0.0,0.0,0.0,0,0,0,0,0,0,0,1,0,0,1,0,0
355452105,13.926307,14.501011,10.196401,11.2830105,0.0,322.37927,0.32186633,1.1188357,nan,4,3.6252527,3.6252527,3.6252527,3.6252527,0.0,0.0,0.0,0.0,0.0,0.0,0.0,0,0,0,0,0,0,0,1,0,0,1,0,0
355752154,14.553354,14.495371,10.3429,11.1669,0.0,323.29764,0.31996566,1.1192085,nan,4,3.6238427,3.6238427,3.6238427,3.6238427,0.0,0.0,0.0,0.0,0.0,0.0,0.0,0,0,0,0,0,0,0,1,0,0,1,0,0
356052156,14.495025,14.477698,11.397699,11.690689,0.0,324.31674,0.31328088,1.1205215,nan,4,3.6194246,3.6194246,3.6194246,3.6194246,0.0,0.0,0.0,0.0,0.0,0.0,0.0,0,0,0,0,0,0,0,1,0,0,1,0,0
356342101,14.4221115,14.475599,11.5442,11.537361,0.0,325.2301,0.31271726,1.1206324,nan,4,3.6188998,3.6188998,3.6188998,3.6188998,0.0,0.0,0.0,0.0,0.0,0.0,0.0,0,0,0,0,0,0,0,1,0,0,1,0,0
356652127,14.378365,14.46649,10.9581995,11.759156,0.0,326.26593,0.30927068,1.1213107,nan,4,3.6166224,3.6166224,3.6166224,3.6166224,0.0,0.0,0.0,0.0,0.0,0.0,0.0,0,0,0,0,0,0,0,1,0,0,1,0,0
356952101,14.436695,14.4537525,12.3352995,11.620036,0.0,327.22293,0.30444795,1.1222613,nan,4,3.6134381,3.6134381,3.6134381,3.6134381,0.0,0.0,0.0,0.0,0.0,0.0,0.0,0,0,0,0,0,0,0,1,0,0,1,0,0
357252134,14.232539,14.456841,13.0385,11.697302,0.0,328.20343,0.30522615,1.1221079,nan,4,3.6142104,3.6142104,3.6142104,3.6142104,0.0,0.0,0.0,0.0,0.0,0.0,0.0,0,0,0,0,0,0,0,1,0,0,1,0,0
357552136,14.64085,14.46318,12.6283,11.840821,0.0,329.19986,0.30759937,1.12164,nan,4,3.615795,3.615795,3.615795,3.615795,0.0,0.0,0.0,0.0,0.0,0.0,0.0,0,0,0,0,0,0,0,1,0,0,1,0,0
357852103,14.903335,14.476915,11.7786,11.880198,0.0,330.1945,0.31266147,1.1206434,nan,4,3.6192288,3.6192288,3.6192288,3.6192288,0.0,0.0,0.0,0.0,0.0,0.0,0.0,0,0,0,0,0,0,0,1,0,0,1,0,0
358152314,14.553354,14.465736,12.5111,11.759578,0.0,331.16248,0.30815393,1.1215308,nan,4,3.616434,3.616434,3.616434,3.616434,0.0,0.0,0.0,0.0,0.0,0.0,0.0,0,0,0,0,0,0,0,1,0,0,1,0,0
358442214,14.145044,14.484993,11.602799,11.69808,0.0,332.09933,0.31559926,1.1200658,nan,4,3.6212482,3.6212482,3.6212482,3.6212482,0.0,0.0,0.0,0.0,0.0,0.0,0.0,0,0,0,0,0,0,0,1,0,0,1,0,0
358752303,14.567937,14.485061,10.6945,11.558783,0.0,333.0868,0.3157614,1.1200339,nan,4,3.6212652,3.6212652,3.6212652,3.6212652,0.0,0.0,0.0,0.0,0.0,0.0,0.0,0,0,0,0,0,0,0,1,0,0,1,0,0
359052235,14.465859,14.481315,12.4525,11.123642,0.0,333.96738,0.31397945,1.1203841,nan,4,3.6203287,3.6203287,3.6203287,3.6203287,0.0,0.0,0.0,0.0,0.0,0.0,0.0,0,0,0,0,0,0,0,1,0,0,1,0,0
359352103,14.509607,14.461328,9.5518,11.275889,0.0,334.93832,0.30668575,1.12182,nan,4,3.615332,3.615332,3.615332,3.615332,0.0,0.0,0.0,0.0,0.0,0.0,0.0,0,0,0,0,0,0,0,1,0,0,1,0,0
359652109,14.261704,14.476884,10.928901,11.483485,0.0,335.9249,0.3128112,1.1206139,nan,4,3.619221,3.619221,3.619221,3.619221,0.0,0.0,0.0,0.0,0.0,0.0,0.0,0,0,0,0,0,0,0,1,0,0,1,0,0
359952106,14.538772,14.478588,11.5442,11.318444,0.0,336.85168,0.3135584,1.120467,nan,4,3.619647,3.619647,3.619647,3.619647,0.0,0.0,0.0,0.0,0.0,0.0,0.0,0,0,0,0,0,0,0,1,0,0,1,0,0
360252102,14.9470825,14.500142,11.8958,11.504807,0.0,337.83017,0.32209998,1.1187899,nan,4,3.6250355,3.6250355,3.6250355,3.6250355,0.0,0.0,0.0,0.0,0.0,0.0,0.0,0,0,0,0,0,0,0,1,0,0,1,0,0
360542157,13.561744,14.503766,11.8958,11.690796,0.0,338.78445,0.32375222,1.118466,nan,4,3.6259415,3.6259415,3.6259415,3.6259415,0.0,0.0,0.0,0.0,0.0,0.0,0.0,0,0,0,0,0,0,0,1,0,0,1,0,0
360852102,14.407529,14.505633,12.7162,11.745917,0.0,339.79642,0.3246954,1.1182814,nan,4,3.6264083,3.6264083,3.6264083,3.6264083,0.0,0.0,0.0,0.0,0.0,0.0,0.0,0,0,0,0,0,0,0,1,0,0,1,0,0
361152100,14.232539,14.495671,10.4015,11.610497,0.0,340.7498,0.32096845,1.1190118,nan,4,3.6239178,3.6239178,3.6239178,3.6239178,0.0,0.0,0.0,0.0,0.0,0.0,0.0,0,0,0,0,0,0,0,1,0,0,1,0,0
361452123,14.597102,14.508565,10.841001,11.8639555,0.0,341.76288,0.32625657,1.1179756,nan,4,3.6271412,3.6271412,3.6271412,3.6271412,0.0,0.0,0.0,0.0,0.0,0.0,0.0,0,0,0,0,0,0,0,1,0,0,1,0,0
361752105,14.4221115,14.486232,11.8958,11.692386,0.0,342.7133,0.31768686,1.1196557,nan,4,3.621558,3.621558,3.621558,3.621558,0.0,0.0,0.0,0.0,0.0,0.0,0.0,0,0,0,0,0,0,0,1,0,0,1,0,0
362052099,14.305452,14.505174,12.042299,11.985904,0.0,343.73834,0.325239,1.1181749,nan,4,3.6262934,3.6262934,3.6262934,3.6262934,0.0,0.0,0.0,0.0,0.0,0.0,0.0,0,0,0,0,0,0,0,1,0,0,1,0,0
362352104,14.305452,14.498704,11.8665,11.708379,0.0,344.69504,0.32258636,1.1186945,nan,4,3.624676,3.624676,3.624676,3.624676,0.0,0.0,0.0,0.0,0.0,0.0,0.0,0,0,0,0,0,0,0,1,0,0,1,0,0
362642217,14.611684,14.503958,12.7162,11.888484,0.0,345.6741,0.324992,1.1182232,nan,4,3.6259894,3.6259894,3.6259894,3.6259894,0.0,0.0,0.0,0.0,0.0,0.0,0.0,0,0,0,0,0,0,0,1,0,0,1,0,0
362952133,14.320034,14.496284,10.4307995,11.705917,0.0,346.67233,0.3216322,1.1188816,nan,4,3.624071,3.624071,3.624071,3.624071,0.0,0.0,0.0,0.0,0.0,0.0,0.0,0,0,0,0,0,0,0,1,0,0,1,0,0
363252102,14.626267,14.529987,11.368401,11.682018,0.0,347.6391,0.3343318,1.116397,nan,4,3.6324968,3.6324968,3.6324968,3.6324968,0.0,0.0,0.0,0.0,0.0,0.0,0.0,0,0,0,0,0,0,0,1,0,0,1,0,0
363552105,14.378365,14.521405,9.844799,11.65003,0.0,348.61368,0.3307932,1.1170882,nan,4,3.6303513,3.6303513,3.6303513,3.6303513,0.0,0.0,0.0,0.0,0.0,0.0,0.0,0,0,0,0,0,0,0,1,0,0,1,0,0
363852994,14.130462,14.535687,12.5404005,11.753044,0.0,349.59943,0.3361376,1.1160446,nan,4,3.6339219,3.6339219,3.6339219,3.6339219,0.0,0.0,0.0,0.0,0.0,0.0,0.0,0,0,0,0,0,0,0,1,0,0,1,0,0
364152769,13.780481,14.518228,12.042299,11.982199,0.0,350.62125,0.32951337,1.1173384,nan,4,3.629557,3.629557,3.629557,3.629557,0.0,0.0,0.0,0.0,0.0,0.0,0.0,0,0,0,0,0,0,0,1,0,0,1,0,0
364452893,14.407529,14.499575,10.1671,11.6658745,0.0,351.5675,0.3221634,1.1187775,nan,4,3.6248937,3.6248937,3.6248937,3.6248937,0.0,0.0,0.0,0.0,0.0,0.0,0.0,0,0,0,0,0,0,0,1,0,0,1,0,0
364742982,14.363782,14.488925,11.8665,11.646212,0.0,352.50766,0.31738883,1.1197143,nan,4,3.6222312,3.6222312,3.6222312,3.6222312,0.0,0.0,0.0,0.0,0.0,0.0,0.0,0,0,0,0,0,0,0,1,0,0,1,0,0
365052708,14.976247,14.509886,11.749299,11.750023,0.0,353.52524,0.32615787,1.1179949,nan,4,3.6274714,3.6274714,3.6274714,3.6274714,0.0,0.0,0.0,0.0,0.0,0.0,0.0,0,0,0,0,0,0,0,1,0,0,1,0,0
365352722,14.961665,14.520386,11.1047,11.704391,0.0,354.4961,0.33004218,1.1172351,nan,4,3.6300964,3.6300964,3.6300964,3.6300964,0.0,0.0,0.0,0.0,0.0,0.0,0.0,0,0,0,0,0,0,0,1,0,0,1,0,0
365652629,14.261704,14.474129,13.3901,12.005863,0.0,355.52762,0.31227714,1.120719,nan,4,3.6185322,3.6185322,3.6185322,3.6185322,0.0,0.0,0.0,0.0,0.0,0.0,0.0,0,0,0,0,0,0,0,1,0,0,1,0,0
365952425,14.378365,14.476293,15.7634,11.95536,0.0,356.49905,0.31295186,1.1205863,nan,4,3.6190732,3.6190732,3.6190732,3.6190732,0.0,0.0,0.0,0.0,0.0,0.0,0.0,0,0,0,0,0,0,0,1,0,0,1,0,0
366252928,15.472054,14.500151,12.599,11.933637,0.0,357.4954,0.32236034,1.1187389,nan,4,3.6250377,3.6250377,3.6250377,3.6250377,0.0,0.0,0.0,0.0,0.0,0.0,0.0,0,0,0,0,0,0,0,1,0,0,1,0,0
366552099,13.459665,14.489953,11.0754,11.906491,0.0,358.479,0.3182128,1.1195525,nan,4,3.6224883,3.6224883,3.6224883,3.6224883,0.0,0.0,0.0,0.0,0.0,0.0,0.0,0,0,0,0,0,0,0,1,0,0,1,0,0
366842125,14.495025,14.463429,15.236,12.234564,0.0,359.50183,0.3083132,1.1214993,nan,4,3.6158574,3.6158574,3.6158574,3.6158574,0.0,0.0,0.0,0.0,0.0,0.0,0.0,0,0,0,0,0,0,0,1,0,0,1,0,0
367152102,14.407529,14.466056,12.892,12.156896,0.0,360.54446,0.30911237,1.121342,nan,4,3.616514,3.616514,3.616514,3.616514,0.0,0.0,0.0,0.0,0.0,0.0,0.0,0,0,0,0,0,0,0,1,0,0,1,0,0
367452100,14.845005,14.492382,13.185,11.79582,0.0,361.49454,0.3191827,1.1193621,nan,4,3.6230955,3.6230955,3.6230955,3.6230955,0.0,0.0,0.0,0.0,0.0,0.0,0.0,0,0,0,0,0,0,0,1,0,0,1,0,0
367752100,14.4221115,14.490079,11.9544,11.510571,0.0,362.42776,0.31812173,1.1195704,nan,4,3.6225197,3.6225197,3.6225197,3.6225197,0.0,0.0,0.0,0.0,0.0,0.0,0.0,0,0,0,0,0,0,0,1,0,0,1,0,0
368052213,14.232539,14.500632,10.255,11.532816,0.0,363.39365,0.32200843,1.1188078,nan,4,3.625158,3.625158,3.625158,3.625158,0.0,0.0,0.0,0.0,0.0,0.0,0.0,0,0,0,0,0,0,0,1,0,0,1,0,0
368352130,14.728345,14.525231,12.306,11.578419,0.0,364.35638,0.33116227,1.1170161,nan,4,3.6313078,3.6313078,3.6313078,3.6313078,0.0,0.0,0.0,0.0,0.0,0.0,0.0,0,0,0,0,0,0,0,1,0,0,1,0,0
368652106,14.320034,14.521123,11.1047,11.429043,0.0,365.29364,0.3293622,1.117368,nan,4,3.6302807,3.6302807,3.6302807,3.6302807,0.0,0.0,0.0,0.0,0.0,0.0,0.0,0,0,0,0,0,0,0,1,0,0,1,0,0
368942260,14.392946,14.526131,11.5442,11.616646,0.0,366.25986,0.33174306,1.1169026,nan,4,3.6315327,3.6315327,3.6315327,3.6315327,0.0,0.0,0.0,0.0,0.0,0.0,0.0,0,0,0,0,0,0,0,1,0,0,1,0,0
369252274,14.859588,14.538205,11.661401,11.483789,0.0,367.24118,0.33634883,1.1160034,nan,4,3.6345513,3.6345513,3.6345513,3.6345513,0.0,0.0,0.0,0.0,0.0,0.0,0.0,0,0,0,0,0,0,0,1,0,0,1,0,0
369552174,14.4221115,14.54756,11.309799,11.57763,0.0,368.21616,0.34011966,1.1152682,nan,4,3.63689,3.63689,3.63689,3.63689,0.0,0.0,0.0,0.0,0.0,0.0,0.0,0,0,0,0,0,0,0,1,0,0,1,0,0
369852180,14.276287,14.533135,13.0971,11.556147,0.0,369.16983,0.33470947,1.1163232,nan,4,3.6332839,3.6332839,3.6332839,3.6332839,0.0,0.0,0.0,0.0,0.0,0.0,0.0,0,0,0,0,0,0,0,1,0,0,1,0,0
370152102,14.378365,14.518646,9.9034,11.432864,0.0,370.11877,0.32892686,1.1174531,nan,4,3.6296616,3.6296616,3.6296616,3.6296616,0.0,0.0,0.0,0.0,0.0,0.0,0.0,0,0,0,0,0,0,0,1,0,0,1,0,0
370452133,14.465859,14.479987,10.577299,11.404636,0.0,371.0792,0.3140872,1.120363,nan,4,3.6199968,3.6199968,3.6199968,3.6199968,0.0,0.0,0.0,0.0,0.0,0.0,0.0,0,0,0,0,0,0,0,1,0,0,1,0,0
370752122,14.815841,14.489768,13.771,11.730201,0.0,372.08936,0.3177088,1.1196514,nan,4,3.622442,3.622442,3.622442,3.622442,0.0,0.0,0.0,0.0,0.0,0.0,0.0,0,0,0,0,0,0,0,1,0,0,1,0,0
371042110,14.188791,14.487032,9.463901,11.5152235,0.0,372.9993,0.31632692,1.1199229,nan,4,3.621758,3.621758,3.621758,3.621758,0.0,0.0,0.0,0.0,0.0,0.0,0.0,0,0,0,0,0,0,0,1,0,0,1,0,0
371352099,14.655433,14.486258,10.3136,11.210984,0.0,373.9462,0.3155802,1.1200695,nan,4,3.6215644,3.6215644,3.6215644,3.6215644,0.0,0.0,0.0,0.0,0.0,0.0,0.0,0,0,0,0,0,0,0,1,0,0,1,0,0
371652101,14.436695,14.478598,12.1595,11.708296,0.0,374.98392,0.3133567,1.1205066,nan,4,3.6196494,3.6196494,3.6196494,3.6196494,0.0,0.0,0.0,0.0,0.0,0.0,0.0,0,0,0,0,0,0,0,1,0,0,1,0,0
371952220,14.845005,14.502805,12.599,11.497968,0.0,375.92047,0.3226102,1.1186899,nan,4,3.6257012,3.6257012,3.6257012,3.6257012,0.0,0.0,0.0,0.0,0.0,0.0,0.0,0,0,0,0,0,0,0,1,0,0,1,0,0
372252102,13.343005,14.510077,11.427,11.526622,0.0,376.88678,0.32535106,1.1181529,nan,4,3.6275194,3.6275194,3.6275194,3.6275194,0.0,0.0,0.0,0.0,0.0,0.0,0.0,0,0,0,0,0,0,0,1,0,0,1,0,0
372552102,14.9325,14.511979,11.602799,11.653404,0.0,377.87595,0.32583934,1.1180573,nan,4,3.6279948,3.6279948,3.6279948,3.6279948,0.0,0.0,0.0,0.0,0.0,0.0,0.0,0,0,0,0,0,0,0,1,0,0,1,0,0
372852101,14.29087,14.512214,12.7162,11.49144,0.0,378.81555,0.32579786,1.1180654,nan,4,3.6280534,3.6280534,3.6280534,3.6280534,0.0,0.0,0.0,0.0,0.0,0.0,0.0,0,0,0,0,0,0,0,1,0,0,1,0,0
373142101,14.159627,14.4933,11.1633,11.476704,0.0,379.739,0.31868201,1.1194603,nan,4,3.623325,3.623325,3.623325,3.623325,0.0,0.0,0.0,0.0,0.0,0.0,0.0,0,0,0,0,0,0,0,1,0,0,1,0,0
373452180,14.29087,14.491825,10.7238,11.307108,0.0,380.68924,0.31782132,1.1196293,nan,4,3.6229563,3.6229563,3.6229563,3.6229563,0.0,0.0,0.0,0.0,0.0,0.0,0.0,0,0,0,0,0,0,0,1,0,0,1,0,0
373752153,14.086715,14.496199,10.8117,11.362615,0.0,381.63864,0.3201669,1.119169,nan,4,3.6240497,3.6240497,3.6240497,3.6240497,0.0,0.0,0.0,0.0,0.0,0.0,0.0,0,0,0,0,0,0,0,1,0,0,1,0,0
374052104,14.728345,14.498086,10.4015,11.286016,0.0,382.5757,0.3208893,1.1190273,nan,4,3.6245215,3.6245215,3.6245215,3.6245215,0.0,0.0,0.0,0.0,0.0,0.0,0.0,0,0,0,0,0,0,0,1,0,0,1,0,0
374352290,14.611684,14.523614,11.2512,11.239921,0.0,383.51266,0.33058053,1.1171298,nan,4,3.6309035,3.6309035,3.6309035,3.6309035,0.0,0.0,0.0,0.0,0.0,0.0,0.0,0,0,0,0,0,0,0,1,0,0,1,0,0
374652242,14.553354,14.521026,12.9799,11.215068,0.0,384.44208,0.3299659,1.11725,nan,4,3.6302564,3.6302564,3.6302564,3.6302564,0.0,0.0,0.0,0.0,0.0,0.0,0.0,0,0,0,0,0,0,0,1,0,0,1,0,0
374952170,14.115879,14.512486,10.6066,11.176114,0.0,385.36813,0.32659894,1.1179086,nan,4,3.6281216,3.6281216,3.6281216,3.6281216,0.0,0.0,0.0,0.0,0.0,0.0,0.0,0,0,0,0,0,0,0,1,0,0,1,0,0
375242145,14.407529,14.497614,11.749299,11.438465,0.0,386.31342,0.32144004,1.1189194,nan,4,3.6244035,3.6244035,3.6244035,3.6244035,0.0,0.0,0.0,0.0,0.0,0.0,0.0,0,0,0,0,0,0,0,1,0,0,1,0,0
375552100,14.509607,14.498261,10.577299,11.218136,0.0,387.25528,0.3214882,1.1189098,nan,4,3.6245654,3.6245654,3.6245654,3.6245654,0.0,0.0,0.0,0.0,0.0,0.0,0.0,0,0,0,0,0,0,0,1,0,0,1,0,0
375852164,14.69918,14.502183,14.005401,11.392801,0.0,388.22433,0.3232029,1.1185738,nan,4,3.6255457,3.6255457,3.6255457,3.6255457,0.0,0.0,0.0,0.0,0.0,0.0,0.0,0,0,0,0,0,0,0,1,0,0,1,0,0
376152098,14.64085,14.5014715,10.1085005,11.187236,0.0,389.14432,0.32219535,1.1187712,nan,4,3.6253679,3.6253679,3.6253679,3.6253679,0.0,0.0,0.0,0.0,0.0,0.0,0.0,0,0,0,0,0,0,0,1,0,0,1,0,0
376452101,14.261704,14.486941,12.306,11.248236,0.0,390.08496,0.31704265,1.1197822,nan,4,3.6217353,3.6217353,3.6217353,3.6217353,0.0,0.0,0.0,0.0,0.0,0.0,0.0,0,0,0,0,0,0,0,1,0,0,1,0,0
376752101,14.480442,14.50596,10.0792,11.142507,0.0,391.00845,0.3242758,1.1183635,nan,4,3.62649,3.62649,3.62649,3.62649,0.0,0.0,0.0,0.0,0.0,0.0,0.0,0,0,0,0,0,0,0,1,0,0,1,0,0
377052100,14.320034,14.495303,10.7238,11.317559,0.0,391.97562,0.32030612,1.1191417,nan,4,3.6238258,3.6238258,3.6238258,3.6238258,0.0,0.0,0.0,0.0,0.0,0.0,0.0,0,0,0,0,0,0,0,1,0,0,1,0,0
377342105,14.378365,14.498388,9.5518,11.425062,0.0,392.90628,0.32164603,1.1188788,nan,4,3.624597,3.624597,3.624597,3.624597,0.0,0.0,0.0,0.0,0.0,0.0,0.0,0,0,0,0,0,0,0,1,0,0,1,0,0
377652100,13.999219,14.467385,11.2512,11.385833,0.0,393.87885,0.31009322,1.1211487,nan,4,3.6168463,3.6168463,3.6168463,3.6168463,0.0,0.0,0.0,0.0,0.0,0.0,0.0,0,0,0,0,0,0,0,1,0,0,1,0,0
377952102,14.597102,14.485811,11.6321,11.495685,0.0,394.84833,0.3174036,1.1197114,nan,4,3.6214528,3.6214528,3.6214528,3.6214528,0.0,0.0,0.0,0.0,0.0,0.0,0.0,0,0,0,0,0,0,0,1,0,0,1,0,0
378252100,14.392946,14.477036,12.599,11.675468,0.0,395.844,0.31473762,1.1202351,nan,4,3.619259,3.619259,3.619259,3.619259,0.0,0.0,0.0,0.0,0.0,0.0,0.0,0,0,0,0,0,0,0,1,0,0,1,0,0
378552231,14.363782,14.474826,11.427,11.595325,0.0,396.8001,0.31388408,1.1204029,nan,4,3.6187065,3.6187065,3.6187065,3.6187065,0.0,0.0,0.0,0.0,0.0,0.0,0.0,0,0,0,0,0,0,0,1,0,0,1,0,0
378852133,14.436695,14.476165,10.3136,11.558136,0.0,397.7643,0.31474096,1.1202345,nan,4,3.6190412,3.6190412,3.6190412,3.6190412,0.0,0.0,0.0,0.0,0.0,0.0,0.0,0,0,0,0,0,0,0,1,0,0,1,0,0
379152134,14.801258,14.494311,11.5735,11.473891,0.0,398.70248,0.321245,1.1189575,nan,4,3.6235778,3.6235778,3.6235778,3.6235778,0.0,0.0,0.0,0.0,0.0,0.0,0.0,0,0,0,0,0,0,0,1,0,0,1,0,0
379442103,15.005413,14.486599,13.1264,11.712253,0.0,399.6741,0.31860667,1.1194751,nan,4,3.6216497,3.6216497,3.6216497,3.6216497,0.0,0.0,0.0,0.0,0.0,0.0,0.0,0,0,0,0,0,0,0,1,0,0,1,0,0
379752287,14.655433,14.5081415,13.771,12.31514,0.0,400.79346,0.32841474,1.1175534,nan,4,3.6270354,3.6270354,3.6270354,3.6270354,0.0,0.0,0.0,0.0,0.0,0.0,0.0,0,0,0,0,0,0,0,1,0,0,1,0,0
380052274,14.378365,14.482853,12.892,12.245485,0.0,401.8065,0.31964427,1.1192715,nan,4,3.6207132,3.6207132,3.6207132,3.6207132,0.0,0.0,0.0,0.0,0.0,0.0,0.0,0,0,0,0,0,0,0,1,0,0,1,0,0
380352122,15.034578,14.493016,13.0678,12.6738405,0.0,402.90424,0.32467824,1.1182846,nan,4,3.623254,3.623254,3.623254,3.623254,0.0,0.0,0.0,0.0,0.0,0.0,0.0,0,0,0,0,0,0,0,1,0,0,1,0,0
380652103,15.034578,14.480587,17.140501,13.286423,0.0,404.0671,0.32244045,1.1187232,nan,4,3.6201468,3.6201468,3.6201468,3.6201468,0.0,0.0,0.0,0.0,0.0,0.0,0.0,0,0,0,0,0,0,0,1,0,0,1,0,0
380952105,14.305452,14.437403,13.946799,13.778662,0.0,405.27457,0.30725747,1.1217073,nan,4,3.6093507,3.6093507,3.6093507,3.6093507,0.0,0.0,0.0,0.0,0.0,0.0,0.0,0,0,0,0,0,0,0,1,0,0,1,0,0
381252100,14.451278,14.421953,12.6576,13.416144,0.0,406.35455,0.3014229,1.1228583,nan,4,3.6054883,3.6054883,3.6054883,3.6054883,0.0,0.0,0.0,0.0,0.0,0.0,0.0,0,0,0,0,0,0,0,1,0,0,1,0,0
381542108,14.145044,14.413496,13.185,12.867121,0.0,407.3381,0.29815418,1.1235042,nan,4,3.603374,3.603374,3.603374,3.603374,0.0,0.0,0.0,0.0,0.0,0.0,0.0,0,0,0,0,0,0,0,1,0,0,1,0,0
381852107,14.509607,14.423815,10.7238,12.881027,0.0,408.45844,0.30241328,1.1226628,nan,4,3.6059537,3.6059537,3.6059537,3.6059537,0.0,0.0,0.0,0.0,0.0,0.0,0.0,0,0,0,0,0,0,0,1,0,0,1,0,0
382152102,14.801258,14.429393,9.2588,12.263582,0.0,409.42688,0.30280858,1.1225848,nan,4,3.6073482,3.6073482,3.6073482,3.6073482,0.0,0.0,0.0,0.0,0.0,0.0,0.0,0,0,0,0,0,0,0,1,0,0,1,0,0
382452182,14.495025,14.402938,20.9788,14.553669,0.0,410.80734,0.29606134,1.1239182,nan,4,3.6007345,3.6007345,3.6007345,3.6007345,0.0,0.0,0.0,0.0,0.0,0.0,0.0,0,0,0,0,0,0,0,1,0,0,1,0,0
382752104,13.751316,14.360165,19.4259,16.90025,0.0,412.46613,0.28588182,1.1259358,nan,4,3.5900412,3.5900412,3.5900412,3.5900412,0.0,0.0,0.0,0.0,0.0,0.0,0.0,0,0,0,0,0,0,0,1,0,0,1,0,0
383052103,14.028383,14.333547,14.5914,17.458754,0.0,413.98404,0.27791196,1.1275204,nan,4,3.5833867,3.5833867,3.5833867,3.5833867,0.0,0.0,0.0,0.0,0.0,0.0,0.0,0,0,0,0,0,0,0,1,0,0,1,0,0
383352099,14.52419,14.365234,9.844799,15.638887,0.0,415.1087,0.28651696,1.1258097,nan,4,3.5913086,3.5913086,3.5913086,3.5913086,0.0,0.0,0.0,0.0,0.0,0.0,0.0,0,0,0,0,0,0,0,1,0,0,1,0,0
383642100,14.028383,14.386011,19.8947,14.619619,0.0,416.1237,0.28947622,1.1252226,nan,4,3.5965028,3.5965028,3.5965028,3.5965028,0.0,0.0,0.0,0.0,0.0,0.0,0.0,0,0,0,0,0,0,0,1,0,0,1,0,0
383952098,15.092908,14.362446,18.810598,16.938414,0.0,417.82602,0.28315097,1.1264782,nan,4,3.5906115,3.5906115,3.5906115,3.5906115,0.0,0.0,0.0,0.0,0.0,0.0,0.0,0,0,0,0,0,0,0,1,0,0,1,0,0
384252132,14.509607,14.370289,13.0092,15.393497,0.0,418.96844,0.27886134,1.1273315,nan,4,3.5925722,3.5925722,3.5925722,3.5925722,0.0,0.0,0.0,0.0,0.0,0.0,0.0,0,0,0,0,0,0,0,1,0,0,1,0,0
384552129,14.174209,14.353075,10.6359005,14.180854,0.0,420.04092,0.26880294,1.1293372,nan,4,3.5882688,3.5882688,3.5882688,3.5882688,0.0,0.0,0.0,0.0,0.0,0.0,0.0,0,0,0,0,0,0,0,1,0,0,1,0,0
384852984,13.751316,14.3608675,20.1584,13.594575,0.0,421.09866,0.2705496,1.1289884,nan,4,3.5902169,3.5902169,3.5902169,3.5902169,0.0,0.0,0.0,0.0,0.0,0.0,0.0,0,0,0,0,0,0,0,1,0,0,1,0,0
385153214,14.086715,14.337676,19.543098,15.846257,0.0,422.66196,0.2674659,1.1296043,nan,4,3.584419,3.584419,3.584419,3.584419,0.0,0.0,0.0,0.0,0.0,0.0,0.0,0,0,0,0,0,0,0,1,0,0,1,0,0
385452809,14.378365,14.353634,14.8258,16.277313,0.0,424.07773,0.2768405,1.1277338,nan,4,3.5884085,3.5884085,3.5884085,3.5884085,0.0,0.0,0.0,0.0,0.0,0.0,0.0,0,0,0,0,0,0,0,1,0,0,1,0,0
385743042,14.115879,14.334347,16.6424,15.237482,0.0,425.20163,0.26828605,1.1294404,nan,4,3.5835867,3.5835867,3.5835867,3.5835867,0.0,0.0,0.0,0.0,0.0,0.0,0.0,0,0,0,0,0,0,0,1,0,0,1,0,0
386052778,14.407529,14.322803,14.4449005,14.315598,0.0,426.3494,0.26158553,1.1307808,nan,4,3.5807006,3.5807006,3.5807006,3.5807006,0.0,0.0,0.0,0.0,0.0,0.0,0.0,0,0,0,0,0,0,0,1,0,0,1,0,0
386352584,14.480442,14.353795,17.6386,14.237223,0.0,427.51935,0.27272254,1.1285547,nan,4,3.5884488,3.5884488,3.5884488,3.5884488,0.0,0.0,0.0,0.0,0.0,0.0,0.0,0,0,0,0,0,0,0,1,0,0,1,0,0
386652593,14.597102,14.379191,16.0271,14.641824,0.0,428.78415,0.28431684,1.1262466,nan,4,3.5947978,3.5947978,3.5947978,3.5947978,0.0,0.0,0.0,0.0,0.0,0.0,0.0,0,0,0,0,0,0,0,1,0,0,1,0,0
386952604,13.853394,14.370353,13.3315,14.47654,0.0,429.97476,0.2821229,1.1266826,nan,4,3.5925882,3.5925882,3.5925882,3.5925882,0.0,0.0,0.0,0.0,0.0,0.0,0.0,0,0,0,0,0,0,0,1,0,0,1,0,0
387252439,15.107491,14.343607,13.302199,14.149578,0.0,431.12454,0.26870567,1.1293566,nan,4,3.5859017,3.5859017,3.5859017,3.5859017,0.0,0.0,0.0,0.0,0.0,0.0,0.0,0,0,0,0,0,0,0,1,0,0,1,0,0
387552295,14.99083,14.352678,13.7417,13.509826,0.0,432.18027,0.26855928,1.1293858,nan,4,3.5881696,3.5881696,3.5881696,3.5881696,0.0,0.0,0.0,0.0,0.0,0.0,0.0,0,0,0,0,0,0,0,1,0,0,1,0,0
387852310,14.086715,14.335774,22.062899,16.787146,0.0,433.83798,0.26252872,1.1305919,nan,4,3.5839436,3.5839436,3.5839436,3.5839436,0.0,0.0,0.0,0.0,0.0,0.0,0.0,0,0,0,0,0,0,0,1,0,0,1,0,0
388152245,14.684597,14.280617,11.8372,17.643543,0.0,435.4382,0.24596196,1.1339184,nan,4,3.5701542,3.5701542,3.5701542,3.5701542,0.0,0.0,0.0,0.0,0.0,0.0,0.0,0,0,0,0,0,0,0,1,0,0,1,0,0
388452104,14.7866745,14.350348,17.873001,14.070675,0.0,436.24274,0.26199132,1.1306995,nan,4,3.587587,3.587587,3.587587,3.587587,0.0,0.0,0.0,0.0,0.0,0.0,0.0,0,0,0,0,0,0,0,1,0,0,1,0,0
388752150,14.276287,14.313596,4.2485,14.317094,0.0,437.50076,0.24599248,1.1339123,nan,4,3.578399,3.578399,3.578399,3.578399,0.0,0.0,0.0,0.0,0.0,0.0,0.0,0,0,0,0,0,0,0,1,0,0,1,0,0
389052117,13.795064,14.302204,16.730299,13.208288,0.0,438.42328,0.24223453,1.1346695,nan,4,3.575551,3.575551,3.575551,3.575551,0.0,0.0,0.0,0.0,0.0,0.0,0.0,0,0,0,0,0,0,0,1,0,0,1,0,0
389352158,14.830422,14.371361,0.8204,9.348034,0.0,438.8493,0.2641514,1.1302671,nan,4,3.5928402,3.5928402,3.5928402,3.5928402,0.0,0.0,0.0,0.0,0.0,0.0,0.0,0,0,0,0,0,0,0,1,0,0,1,0,0
389652111,14.742928,14.447306,0.0879,5.220243,0.0,438.86188,0.2869857,1.1257166,nan,4,3.6118264,3.6118264,3.6118264,3.6118264,0.0,0.0,0.0,0.0,0.0,0.0,0.0,0,0,0,0,0,0,0,1,0,0,1,0,0
389942209,14.684597,14.506038,0.2344,2.9875383,0.0,438.87085,0.30063897,1.1230131,nan,4,3.6265094,3.6265094,3.6265094,3.6265094,0.0,0.0,0.0,0.0,0.0,0.0,0.0,0,0,0,0,0,0,0,1,0,0,1,0,0
390252319,14.64085,14.55425,0.0,1.6781816,0.0,438.88266,0.31103402,1.1209636,nan,4,3.6385624,3.6385624,3.6385624,3.6385624,0.0,0.0,0.0,0.0,0.0,0.0,0.0,0,0,0,0,0,0,0,1,0,0,1,0,0
390552167,14.903335,14.594574,0.0586,0.9760648,0.0,438.89145,0.32037765,1.1191276,nan,4,3.6486435,3.6486435,3.6486435,3.6486435,0.0,0.0,0.0,0.0,0.0,0.0,0.0,0,0,0,0,0,0,0,1,0,0,1,0,0
390842111,14.713762,14.632575,0.0586,0.60464364,0.0,438.90167,0.3300665,1.1172302,nan,4,3.6581438,3.6581438,3.6581438,3.6581438,0.0,0.0,0.0,0.0,0.0,0.0,0.0,0,0,0,0,0,0,0,1,0,0,1,0,0
391152246,14.713762,14.65517,0.0586,0.38692972,0.0,438.913,0.33306724,1.1166439,nan,4,3.6637926,3.6637926,3.6637926,3.6637926,0.0,0.0,0.0,0.0,0.0,0.0,0.0,0,0,0,0,0,0,0,1,0,0,1,0,0
391452107,14.888753,14.680854,0.2344,0.25453702,0.0,438.92078,0.33747798,1.1157831,nan,4,3.6702135,3.6702135,3.6702135,3.6702135,0.0,0.0,0.0,0.0,0.0,0.0,0.0,0,0,0,0,0,0,0,1,0,0,1,0,0
391752172,14.903335,14.697408,0.293,0.18742022,0.0,438.9294,0.33894998,1.1154962,nan,4,3.674352,3.674352,3.674352,3.674352,0.0,0.0,0.0,0.0,0.0,0.0,0.0,0,0,0,0,0,0,0,1,0,0,1,0,0
392042163,14.859588,14.715436,0.2051,0.16101548,0.0,438.93958,0.34210092,1.1148825,nan,4,3.678859,3.678859,3.678859,3.678859,0.0,0.0,0.0,0.0,0.0,0.0,0.0,0,0,0,0,0,0,0,1,0,0,1,0,0
392352101,14.728345,14.727275,0.3516,0.14787108,0.0,438.95047,0.34359342,1.114592,nan,4,3.6818187,3.6818187,3.6818187,3.6818187,0.0,0.0,0.0,0.0,0.0,0.0,0.0,0,0,0,0,0,0,0,1,0,0,1,0,0
392652163,14.567937,14.7400675,0.0,0.13765141,0.0,438.96054,0.3463233,1.114061,nan,4,3.6850169,3.6850169,3.6850169,3.6850169,0.0,0.0,0.0,0.0,0.0,0.0,0.0,0,0,0,0,0,0,0,1,0,0,1,0,0
392952123,14.903335,14.744393,0.0293,0.1271581,0.0,438.96927,0.34636146,1.1140536,nan,4,3.6860983,3.6860983,3.6860983,3.6860983,0.0,0.0,0.0,0.0,0.0,0.0,0.0,0,0,0,0,0,0,0,1,0,0,1,0,0
393252104,14.801258,14.747873,0.3223,0.13306093,0.0,438.98032,0.3464945,1.1140277,nan,4,3.6869683,3.6869683,3.6869683,3.6869683,0.0,0.0,0.0,0.0,0.0,0.0,0.0,0,0,0,0,0,0,0,1,0,0,1,0,0
393552103,14.728345,14.752283,0.26369998,0.13122736,0.0,438.99112,0.3473299,1.1138654,nan,4,3.6880708,3.6880708,3.6880708,3.6880708,0.0,0.0,0.0,0.0,0.0,0.0,0.0,0,0,0,0,0,0,0,1,0,0,1,0,0
393852100,14.888753,14.749379,0.0,0.12906592,0.0,439.00162,0.34572583,1.1141771,nan,4,3.6873448,3.6873448,3.6873448,3.6873448,0.0,0.0,0.0,0.0,0.0,0.0,0.0,0,0,0,0,0,0,0,1,0,0,1,0,0
394142192,14.69918,14.752263,0.2051,0.12074641,0.0,439.01038,0.34669858,1.113988,nan,4,3.6880658,3.6880658,3.6880658,3.6880658,0.0,0.0,0.0,0.0,0.0,0.0,0.0,0,0,0,0,0,0,0,1,0,0,1,0,0
394452132,14.611684,14.733789,0.0,0.13236968,0.0,439.023,0.3257597,1.1180729,nan,4,3.6834474,3.6834474,3.6834474,3.6834474,0.0,0.0,0.0,0.0,0.0,0.0,0.0,0,0,0,0,0,0,0,1,0,0,1,0,0
394752105,14.728345,14.717688,0.0,0.13811478,0.0,439.03534,0.308451,1.1214722,nan,4,3.679422,3.679422,3.679422,3.679422,0.0,0.0,0.0,0.0,0.0,0.0,0.0,0,0,0,0,0,0,0,1,0,0,1,0,0
395052200,14.903335,14.738101,0.0293,0.13374437,0.0,439.04617,0.30805522,1.1215502,nan,4,3.6845253,3.6845253,3.6845253,3.6845253,0.0,0.0,0.0,0.0,0.0,0.0,0.0,0,0,0,0,0,0,0,1,0,0,1,0,0
